<?xml version="1.0" encoding="UTF-8"?>
<kml xmlns="http://www.opengis.net/kml/2.2">
<Document>
  <name>Stone Tool Manufacturing Techniques over 3 Million Years</name>
  <description><![CDATA[Archaeological assemblages, primate tool use and flintknapping experiments coded for 33 stone-tool-making procedural units (techniques).<br/><br/><b>Source:</b> Paige, J. and Perreault, C. 2023. <i>A Dataset Describing the Manufacturing of Stone Tools Over 3 Million Years</i>. Journal of Open Archaeology Data 11(12): 1-7. <a href="https://doi.org/10.5334/joad.114">10.5334/joad.114</a><br/><b>License:</b> CC BY 4.0<br/><br/><b>Note:</b> site coordinates in this release are approximate. Country labels were derived from those coordinates and are not part of the published dataset.]]></description>
  <open>1</open>
  <Style id="arch">
    <IconStyle><color>ffe86f3b</color><scale>1.05</scale><Icon><href>http://maps.google.com/mapfiles/kml/paddle/blu-circle.png</href></Icon></IconStyle>
    <LabelStyle><scale>0.8</scale></LabelStyle>
    <BalloonStyle><text><![CDATA[$[description]]]></text></BalloonStyle>
  </Style>
  <Style id="prim">
    <IconStyle><color>ff47a043</color><scale>1.05</scale><Icon><href>http://maps.google.com/mapfiles/kml/paddle/grn-circle.png</href></Icon></IconStyle>
    <LabelStyle><scale>0.8</scale></LabelStyle>
    <BalloonStyle><text><![CDATA[$[description]]]></text></BalloonStyle>
  </Style>
  <Style id="exp">
    <IconStyle><color>ff2b9df5</color><scale>1.05</scale><Icon><href>http://maps.google.com/mapfiles/kml/paddle/ylw-circle.png</href></Icon></IconStyle>
    <LabelStyle><scale>0.8</scale></LabelStyle>
    <BalloonStyle><text><![CDATA[$[description]]]></text></BalloonStyle>
  </Style>
  <Folder><name>Archaeological (145)</name><open>0</open>
    <Folder><name>American Samoa (1)</name><open>0</open>
    <Placemark>
      <name>AS.13.41 XU-4</name>
      <styleUrl>#arch</styleUrl>
      <description><![CDATA[<div style="font:13px/1.45 Helvetica,Arial,sans-serif;max-width:400px"><table><tr><td style="padding:2px 10px 2px 0;vertical-align:top;white-space:nowrap"><b>Site</b></td><td style="padding:2px 0">AS.13.41 XU-4</td></tr><tr><td style="padding:2px 10px 2px 0;vertical-align:top;white-space:nowrap"><b>Country</b></td><td style="padding:2px 0">American Samoa (nearest, approx.)</td></tr><tr><td style="padding:2px 10px 2px 0;vertical-align:top;white-space:nowrap"><b>Entry type</b></td><td style="padding:2px 0">Archaeological</td></tr><tr><td style="padding:2px 10px 2px 0;vertical-align:top;white-space:nowrap"><b>Species attribution</b></td><td style="padding:2px 0">H. sapiens</td></tr><tr><td style="padding:2px 10px 2px 0;vertical-align:top;white-space:nowrap"><b>Technology (interpreted)</b></td><td style="padding:2px 0">Other</td></tr><tr><td style="padding:2px 10px 2px 0;vertical-align:top;white-space:nowrap"><b>Age</b></td><td style="padding:2px 0">2.7 - 1 ka</td></tr><tr><td style="padding:2px 10px 2px 0;vertical-align:top;white-space:nowrap"><b>Basis for date</b></td><td style="padding:2px 0">Quintus et al. 2016</td></tr><tr><td style="padding:2px 10px 2px 0;vertical-align:top;white-space:nowrap"><b>Scope of entry</b></td><td style="padding:2px 0">Whole assemblage</td></tr><tr><td style="padding:2px 10px 2px 0;vertical-align:top;white-space:nowrap"><b>Technology described</b></td><td style="padding:2px 0">Whole assemblage</td></tr><tr><td style="padding:2px 10px 2px 0;vertical-align:top;white-space:nowrap"><b>Published source</b></td><td style="padding:2px 0">Paige 2022</td></tr><tr><td style="padding:2px 10px 2px 0;vertical-align:top;white-space:nowrap"><b>Techniques recorded</b></td><td style="padding:2px 0">10 of 33</td></tr></table><p style="margin:10px 0 3px"><b>Procedural units present</b></p><p style="margin:0">Platform faceting, Cresting, Abrasion, Trimming platform overhang, Hard hammer percussion, Support core with hand, Use of an anvil, Core rotation, Soft hammer percussion, Hammer dressing</p></div>]]></description>
      <ExtendedData>
        <Data name="Source"><value>Paige 2022</value></Data>
        <Data name="Species"><value>H. sapiens</value></Data>
        <Data name="Technology"><value>Other</value></Data>
        <Data name="Country"><value>American Samoa</value></Data>
        <Data name="Entry type"><value>Archaeological</value></Data>
        <Data name="KA young"><value>1</value></Data>
        <Data name="KA old"><value>2.7</value></Data>
        <Data name="Technique count"><value>10</value></Data>
        <Data name="Heat treatment"><value>0</value></Data>
        <Data name="Platform faceting"><value>1</value></Data>
        <Data name="Centripetal shaping"><value>0</value></Data>
        <Data name="Lateral shaping"><value>0</value></Data>
        <Data name="Distal shaping"><value>0</value></Data>
        <Data name="Back shaping"><value>0</value></Data>
        <Data name="Cresting"><value>1</value></Data>
        <Data name="Debordante shaping"><value>0</value></Data>
        <Data name="Overshot flaking"><value>0</value></Data>
        <Data name="Kombewa flaking"><value>0</value></Data>
        <Data name="Core tablet"><value>0</value></Data>
        <Data name="Abrasion"><value>1</value></Data>
        <Data name="Trimming platform overhang"><value>1</value></Data>
        <Data name="Hard hammer percussion"><value>1</value></Data>
        <Data name="Support core with hand"><value>1</value></Data>
        <Data name="Use of an anvil"><value>1</value></Data>
        <Data name="Core rotation"><value>1</value></Data>
        <Data name="Soft hammer percussion"><value>1</value></Data>
        <Data name="Indirect percussion"><value>0</value></Data>
        <Data name="Flaking through pressure"><value>0</value></Data>
        <Data name="Hammer dressing"><value>1</value></Data>
        <Data name="Invasive flaking"><value>0</value></Data>
        <Data name="Ochre use"><value>0</value></Data>
        <Data name="Asphalt use"><value>0</value></Data>
        <Data name="Retouch"><value>0</value></Data>
        <Data name="Backing"><value>0</value></Data>
        <Data name="Notching"><value>0</value></Data>
        <Data name="Burination"><value>0</value></Data>
        <Data name="Tanging"><value>0</value></Data>
        <Data name="Tranchet"><value>0</value></Data>
        <Data name="Bifacial retouch"><value>0</value></Data>
        <Data name="Invasive retouch"><value>0</value></Data>
        <Data name="Pressure flaked retouch"><value>0</value></Data>
      </ExtendedData>
      <Point><coordinates>-169.193998,-14.217394,0</coordinates></Point>
    </Placemark>
    </Folder>
    <Folder><name>Armenia (2)</name><open>0</open>
    <Placemark>
      <name>Nor Geghi 1</name>
      <styleUrl>#arch</styleUrl>
      <description><![CDATA[<div style="font:13px/1.45 Helvetica,Arial,sans-serif;max-width:400px"><table><tr><td style="padding:2px 10px 2px 0;vertical-align:top;white-space:nowrap"><b>Site</b></td><td style="padding:2px 0">Nor Geghi 1</td></tr><tr><td style="padding:2px 10px 2px 0;vertical-align:top;white-space:nowrap"><b>Country</b></td><td style="padding:2px 0">Armenia</td></tr><tr><td style="padding:2px 10px 2px 0;vertical-align:top;white-space:nowrap"><b>Entry type</b></td><td style="padding:2px 0">Archaeological</td></tr><tr><td style="padding:2px 10px 2px 0;vertical-align:top;white-space:nowrap"><b>Species attribution</b></td><td style="padding:2px 0">Unattributed</td></tr><tr><td style="padding:2px 10px 2px 0;vertical-align:top;white-space:nowrap"><b>Technology (interpreted)</b></td><td style="padding:2px 0">Other</td></tr><tr><td style="padding:2px 10px 2px 0;vertical-align:top;white-space:nowrap"><b>Age</b></td><td style="padding:2px 0">435 - 304 ka</td></tr><tr><td style="padding:2px 10px 2px 0;vertical-align:top;white-space:nowrap"><b>Basis for date</b></td><td style="padding:2px 0">-</td></tr><tr><td style="padding:2px 10px 2px 0;vertical-align:top;white-space:nowrap"><b>Scope of entry</b></td><td style="padding:2px 0">Single sequence</td></tr><tr><td style="padding:2px 10px 2px 0;vertical-align:top;white-space:nowrap"><b>Technology described</b></td><td style="padding:2px 0">Preferential levallois points made on cores on flakes. Debord is described as present but in my classification these are lateral trimming flakes. Flakes are facetted. The assembalge is heavily patinated and worn so less clear about association between pref levall and retouch. Scrapers are common though/</td></tr><tr><td style="padding:2px 10px 2px 0;vertical-align:top;white-space:nowrap"><b>Published source</b></td><td style="padding:2px 0">Adler et al. 2014</td></tr><tr><td style="padding:2px 10px 2px 0;vertical-align:top;white-space:nowrap"><b>Techniques recorded</b></td><td style="padding:2px 0">10 of 33</td></tr></table><p style="margin:10px 0 3px"><b>Procedural units present</b></p><p style="margin:0">Platform faceting, Centripetal shaping, Lateral shaping, Trimming platform overhang, Hard hammer percussion, Support core with hand, Core rotation, Invasive flaking, Retouch, Backing</p></div>]]></description>
      <ExtendedData>
        <Data name="Source"><value>Adler et al. 2014</value></Data>
        <Data name="Species"><value>Unattributed</value></Data>
        <Data name="Technology"><value>Other</value></Data>
        <Data name="Country"><value>Armenia</value></Data>
        <Data name="Entry type"><value>Archaeological</value></Data>
        <Data name="KA young"><value>304</value></Data>
        <Data name="KA old"><value>435</value></Data>
        <Data name="Technique count"><value>10</value></Data>
        <Data name="Heat treatment"><value>0</value></Data>
        <Data name="Platform faceting"><value>1</value></Data>
        <Data name="Centripetal shaping"><value>1</value></Data>
        <Data name="Lateral shaping"><value>1</value></Data>
        <Data name="Distal shaping"><value>0</value></Data>
        <Data name="Back shaping"><value>0</value></Data>
        <Data name="Cresting"><value>0</value></Data>
        <Data name="Debordante shaping"><value>0</value></Data>
        <Data name="Overshot flaking"><value>0</value></Data>
        <Data name="Kombewa flaking"><value>0</value></Data>
        <Data name="Core tablet"><value>0</value></Data>
        <Data name="Abrasion"><value>0</value></Data>
        <Data name="Trimming platform overhang"><value>1</value></Data>
        <Data name="Hard hammer percussion"><value>1</value></Data>
        <Data name="Support core with hand"><value>1</value></Data>
        <Data name="Use of an anvil"><value>0</value></Data>
        <Data name="Core rotation"><value>1</value></Data>
        <Data name="Soft hammer percussion"><value>0</value></Data>
        <Data name="Indirect percussion"><value>0</value></Data>
        <Data name="Flaking through pressure"><value>0</value></Data>
        <Data name="Hammer dressing"><value>0</value></Data>
        <Data name="Invasive flaking"><value>1</value></Data>
        <Data name="Ochre use"><value>0</value></Data>
        <Data name="Asphalt use"><value>0</value></Data>
        <Data name="Retouch"><value>1</value></Data>
        <Data name="Backing"><value>1</value></Data>
        <Data name="Notching"><value>0</value></Data>
        <Data name="Burination"><value>0</value></Data>
        <Data name="Tanging"><value>0</value></Data>
        <Data name="Tranchet"><value>0</value></Data>
        <Data name="Bifacial retouch"><value>0</value></Data>
        <Data name="Invasive retouch"><value>0</value></Data>
        <Data name="Pressure flaked retouch"><value>0</value></Data>
      </ExtendedData>
      <Point><coordinates>44.584049,40.265007,0</coordinates></Point>
    </Placemark>
    <Placemark>
      <name>Nor Geghi 1</name>
      <styleUrl>#arch</styleUrl>
      <description><![CDATA[<div style="font:13px/1.45 Helvetica,Arial,sans-serif;max-width:400px"><table><tr><td style="padding:2px 10px 2px 0;vertical-align:top;white-space:nowrap"><b>Site</b></td><td style="padding:2px 0">Nor Geghi 1</td></tr><tr><td style="padding:2px 10px 2px 0;vertical-align:top;white-space:nowrap"><b>Country</b></td><td style="padding:2px 0">Armenia</td></tr><tr><td style="padding:2px 10px 2px 0;vertical-align:top;white-space:nowrap"><b>Entry type</b></td><td style="padding:2px 0">Archaeological</td></tr><tr><td style="padding:2px 10px 2px 0;vertical-align:top;white-space:nowrap"><b>Species attribution</b></td><td style="padding:2px 0">Unattributed</td></tr><tr><td style="padding:2px 10px 2px 0;vertical-align:top;white-space:nowrap"><b>Technology (interpreted)</b></td><td style="padding:2px 0">Other</td></tr><tr><td style="padding:2px 10px 2px 0;vertical-align:top;white-space:nowrap"><b>Age</b></td><td style="padding:2px 0">435 - 304 ka</td></tr><tr><td style="padding:2px 10px 2px 0;vertical-align:top;white-space:nowrap"><b>Basis for date</b></td><td style="padding:2px 0">-</td></tr><tr><td style="padding:2px 10px 2px 0;vertical-align:top;white-space:nowrap"><b>Scope of entry</b></td><td style="padding:2px 0">Whole assemblage</td></tr><tr><td style="padding:2px 10px 2px 0;vertical-align:top;white-space:nowrap"><b>Technology described</b></td><td style="padding:2px 0">Whole assemblage</td></tr><tr><td style="padding:2px 10px 2px 0;vertical-align:top;white-space:nowrap"><b>Published source</b></td><td style="padding:2px 0">Adler et al. 2014</td></tr><tr><td style="padding:2px 10px 2px 0;vertical-align:top;white-space:nowrap"><b>Techniques recorded</b></td><td style="padding:2px 0">15 of 33</td></tr></table><p style="margin:10px 0 3px"><b>Procedural units present</b></p><p style="margin:0">Platform faceting, Centripetal shaping, Lateral shaping, Kombewa flaking, Trimming platform overhang, Hard hammer percussion, Support core with hand, Core rotation, Soft hammer percussion, Invasive flaking, Retouch, Backing, Notching, Bifacial retouch, Invasive retouch</p></div>]]></description>
      <ExtendedData>
        <Data name="Source"><value>Adler et al. 2014</value></Data>
        <Data name="Species"><value>Unattributed</value></Data>
        <Data name="Technology"><value>Other</value></Data>
        <Data name="Country"><value>Armenia</value></Data>
        <Data name="Entry type"><value>Archaeological</value></Data>
        <Data name="KA young"><value>304</value></Data>
        <Data name="KA old"><value>435</value></Data>
        <Data name="Technique count"><value>15</value></Data>
        <Data name="Heat treatment"><value>0</value></Data>
        <Data name="Platform faceting"><value>1</value></Data>
        <Data name="Centripetal shaping"><value>1</value></Data>
        <Data name="Lateral shaping"><value>1</value></Data>
        <Data name="Distal shaping"><value>0</value></Data>
        <Data name="Back shaping"><value>0</value></Data>
        <Data name="Cresting"><value>0</value></Data>
        <Data name="Debordante shaping"><value>0</value></Data>
        <Data name="Overshot flaking"><value>0</value></Data>
        <Data name="Kombewa flaking"><value>1</value></Data>
        <Data name="Core tablet"><value>0</value></Data>
        <Data name="Abrasion"><value>0</value></Data>
        <Data name="Trimming platform overhang"><value>1</value></Data>
        <Data name="Hard hammer percussion"><value>1</value></Data>
        <Data name="Support core with hand"><value>1</value></Data>
        <Data name="Use of an anvil"><value>0</value></Data>
        <Data name="Core rotation"><value>1</value></Data>
        <Data name="Soft hammer percussion"><value>1</value></Data>
        <Data name="Indirect percussion"><value>0</value></Data>
        <Data name="Flaking through pressure"><value>0</value></Data>
        <Data name="Hammer dressing"><value>0</value></Data>
        <Data name="Invasive flaking"><value>1</value></Data>
        <Data name="Ochre use"><value>0</value></Data>
        <Data name="Asphalt use"><value>0</value></Data>
        <Data name="Retouch"><value>1</value></Data>
        <Data name="Backing"><value>1</value></Data>
        <Data name="Notching"><value>1</value></Data>
        <Data name="Burination"><value>0</value></Data>
        <Data name="Tanging"><value>0</value></Data>
        <Data name="Tranchet"><value>0</value></Data>
        <Data name="Bifacial retouch"><value>1</value></Data>
        <Data name="Invasive retouch"><value>1</value></Data>
        <Data name="Pressure flaked retouch"><value>0</value></Data>
      </ExtendedData>
      <Point><coordinates>44.598489,40.234825,0</coordinates></Point>
    </Placemark>
    </Folder>
    <Folder><name>Australia (3)</name><open>0</open>
    <Placemark>
      <name>Georgina River Bridge Site</name>
      <styleUrl>#arch</styleUrl>
      <description><![CDATA[<div style="font:13px/1.45 Helvetica,Arial,sans-serif;max-width:400px"><table><tr><td style="padding:2px 10px 2px 0;vertical-align:top;white-space:nowrap"><b>Site</b></td><td style="padding:2px 0">Georgina River Bridge Site</td></tr><tr><td style="padding:2px 10px 2px 0;vertical-align:top;white-space:nowrap"><b>Country</b></td><td style="padding:2px 0">Australia</td></tr><tr><td style="padding:2px 10px 2px 0;vertical-align:top;white-space:nowrap"><b>Entry type</b></td><td style="padding:2px 0">Archaeological</td></tr><tr><td style="padding:2px 10px 2px 0;vertical-align:top;white-space:nowrap"><b>Species attribution</b></td><td style="padding:2px 0">H. sapiens</td></tr><tr><td style="padding:2px 10px 2px 0;vertical-align:top;white-space:nowrap"><b>Technology (interpreted)</b></td><td style="padding:2px 0">Other</td></tr><tr><td style="padding:2px 10px 2px 0;vertical-align:top;white-space:nowrap"><b>Age</b></td><td style="padding:2px 0">1 - 0.001 ka</td></tr><tr><td style="padding:2px 10px 2px 0;vertical-align:top;white-space:nowrap"><b>Basis for date</b></td><td style="padding:2px 0">Based on earliest evidence of large blades at other sites in region</td></tr><tr><td style="padding:2px 10px 2px 0;vertical-align:top;white-space:nowrap"><b>Scope of entry</b></td><td style="padding:2px 0">Single sequence</td></tr><tr><td style="padding:2px 10px 2px 0;vertical-align:top;white-space:nowrap"><b>Technology described</b></td><td style="padding:2px 0">Camooweal sharktooth method</td></tr><tr><td style="padding:2px 10px 2px 0;vertical-align:top;white-space:nowrap"><b>Published source</b></td><td style="padding:2px 0">Moore 2003</td></tr><tr><td style="padding:2px 10px 2px 0;vertical-align:top;white-space:nowrap"><b>Techniques recorded</b></td><td style="padding:2px 0">9 of 33</td></tr></table><p style="margin:10px 0 3px"><b>Procedural units present</b></p><p style="margin:0">Platform faceting, Debordante shaping, Overshot flaking, Trimming platform overhang, Hard hammer percussion, Support core with hand, Core rotation, Invasive flaking, Retouch</p></div>]]></description>
      <ExtendedData>
        <Data name="Source"><value>Moore 2003</value></Data>
        <Data name="Species"><value>H. sapiens</value></Data>
        <Data name="Technology"><value>Other</value></Data>
        <Data name="Country"><value>Australia</value></Data>
        <Data name="Entry type"><value>Archaeological</value></Data>
        <Data name="KA young"><value>0.001</value></Data>
        <Data name="KA old"><value>1</value></Data>
        <Data name="Technique count"><value>9</value></Data>
        <Data name="Heat treatment"><value>0</value></Data>
        <Data name="Platform faceting"><value>1</value></Data>
        <Data name="Centripetal shaping"><value>0</value></Data>
        <Data name="Lateral shaping"><value>0</value></Data>
        <Data name="Distal shaping"><value>0</value></Data>
        <Data name="Back shaping"><value>0</value></Data>
        <Data name="Cresting"><value>0</value></Data>
        <Data name="Debordante shaping"><value>1</value></Data>
        <Data name="Overshot flaking"><value>1</value></Data>
        <Data name="Kombewa flaking"><value>0</value></Data>
        <Data name="Core tablet"><value>0</value></Data>
        <Data name="Abrasion"><value>0</value></Data>
        <Data name="Trimming platform overhang"><value>1</value></Data>
        <Data name="Hard hammer percussion"><value>1</value></Data>
        <Data name="Support core with hand"><value>1</value></Data>
        <Data name="Use of an anvil"><value>0</value></Data>
        <Data name="Core rotation"><value>1</value></Data>
        <Data name="Soft hammer percussion"><value>0</value></Data>
        <Data name="Indirect percussion"><value>0</value></Data>
        <Data name="Flaking through pressure"><value>0</value></Data>
        <Data name="Hammer dressing"><value>0</value></Data>
        <Data name="Invasive flaking"><value>1</value></Data>
        <Data name="Ochre use"><value>0</value></Data>
        <Data name="Asphalt use"><value>0</value></Data>
        <Data name="Retouch"><value>1</value></Data>
        <Data name="Backing"><value>0</value></Data>
        <Data name="Notching"><value>0</value></Data>
        <Data name="Burination"><value>0</value></Data>
        <Data name="Tanging"><value>0</value></Data>
        <Data name="Tranchet"><value>0</value></Data>
        <Data name="Bifacial retouch"><value>0</value></Data>
        <Data name="Invasive retouch"><value>0</value></Data>
        <Data name="Pressure flaked retouch"><value>0</value></Data>
      </ExtendedData>
      <Point><coordinates>138.132224,-19.944796,0</coordinates></Point>
    </Placemark>
    <Placemark>
      <name>Georgina River Bridge Site</name>
      <styleUrl>#arch</styleUrl>
      <description><![CDATA[<div style="font:13px/1.45 Helvetica,Arial,sans-serif;max-width:400px"><table><tr><td style="padding:2px 10px 2px 0;vertical-align:top;white-space:nowrap"><b>Site</b></td><td style="padding:2px 0">Georgina River Bridge Site</td></tr><tr><td style="padding:2px 10px 2px 0;vertical-align:top;white-space:nowrap"><b>Country</b></td><td style="padding:2px 0">Australia</td></tr><tr><td style="padding:2px 10px 2px 0;vertical-align:top;white-space:nowrap"><b>Entry type</b></td><td style="padding:2px 0">Archaeological</td></tr><tr><td style="padding:2px 10px 2px 0;vertical-align:top;white-space:nowrap"><b>Species attribution</b></td><td style="padding:2px 0">H. sapiens</td></tr><tr><td style="padding:2px 10px 2px 0;vertical-align:top;white-space:nowrap"><b>Technology (interpreted)</b></td><td style="padding:2px 0">Other</td></tr><tr><td style="padding:2px 10px 2px 0;vertical-align:top;white-space:nowrap"><b>Age</b></td><td style="padding:2px 0">1 - 0.001 ka</td></tr><tr><td style="padding:2px 10px 2px 0;vertical-align:top;white-space:nowrap"><b>Basis for date</b></td><td style="padding:2px 0">Based on earliest evidence of large blades at other sites in region</td></tr><tr><td style="padding:2px 10px 2px 0;vertical-align:top;white-space:nowrap"><b>Scope of entry</b></td><td style="padding:2px 0">Single sequence</td></tr><tr><td style="padding:2px 10px 2px 0;vertical-align:top;white-space:nowrap"><b>Technology described</b></td><td style="padding:2px 0">Camooweal standard method</td></tr><tr><td style="padding:2px 10px 2px 0;vertical-align:top;white-space:nowrap"><b>Published source</b></td><td style="padding:2px 0">Moore 2003</td></tr><tr><td style="padding:2px 10px 2px 0;vertical-align:top;white-space:nowrap"><b>Techniques recorded</b></td><td style="padding:2px 0">8 of 33</td></tr></table><p style="margin:10px 0 3px"><b>Procedural units present</b></p><p style="margin:0">Debordante shaping, Overshot flaking, Trimming platform overhang, Hard hammer percussion, Support core with hand, Core rotation, Invasive flaking, Retouch</p></div>]]></description>
      <ExtendedData>
        <Data name="Source"><value>Moore 2003</value></Data>
        <Data name="Species"><value>H. sapiens</value></Data>
        <Data name="Technology"><value>Other</value></Data>
        <Data name="Country"><value>Australia</value></Data>
        <Data name="Entry type"><value>Archaeological</value></Data>
        <Data name="KA young"><value>0.001</value></Data>
        <Data name="KA old"><value>1</value></Data>
        <Data name="Technique count"><value>8</value></Data>
        <Data name="Heat treatment"><value>0</value></Data>
        <Data name="Platform faceting"><value>0</value></Data>
        <Data name="Centripetal shaping"><value>0</value></Data>
        <Data name="Lateral shaping"><value>0</value></Data>
        <Data name="Distal shaping"><value>0</value></Data>
        <Data name="Back shaping"><value>0</value></Data>
        <Data name="Cresting"><value>0</value></Data>
        <Data name="Debordante shaping"><value>1</value></Data>
        <Data name="Overshot flaking"><value>1</value></Data>
        <Data name="Kombewa flaking"><value>0</value></Data>
        <Data name="Core tablet"><value>0</value></Data>
        <Data name="Abrasion"><value>0</value></Data>
        <Data name="Trimming platform overhang"><value>1</value></Data>
        <Data name="Hard hammer percussion"><value>1</value></Data>
        <Data name="Support core with hand"><value>1</value></Data>
        <Data name="Use of an anvil"><value>0</value></Data>
        <Data name="Core rotation"><value>1</value></Data>
        <Data name="Soft hammer percussion"><value>0</value></Data>
        <Data name="Indirect percussion"><value>0</value></Data>
        <Data name="Flaking through pressure"><value>0</value></Data>
        <Data name="Hammer dressing"><value>0</value></Data>
        <Data name="Invasive flaking"><value>1</value></Data>
        <Data name="Ochre use"><value>0</value></Data>
        <Data name="Asphalt use"><value>0</value></Data>
        <Data name="Retouch"><value>1</value></Data>
        <Data name="Backing"><value>0</value></Data>
        <Data name="Notching"><value>0</value></Data>
        <Data name="Burination"><value>0</value></Data>
        <Data name="Tanging"><value>0</value></Data>
        <Data name="Tranchet"><value>0</value></Data>
        <Data name="Bifacial retouch"><value>0</value></Data>
        <Data name="Invasive retouch"><value>0</value></Data>
        <Data name="Pressure flaked retouch"><value>0</value></Data>
      </ExtendedData>
      <Point><coordinates>138.105890,-19.924199,0</coordinates></Point>
    </Placemark>
    <Placemark>
      <name>Georgina River Bridge Site</name>
      <styleUrl>#arch</styleUrl>
      <description><![CDATA[<div style="font:13px/1.45 Helvetica,Arial,sans-serif;max-width:400px"><table><tr><td style="padding:2px 10px 2px 0;vertical-align:top;white-space:nowrap"><b>Site</b></td><td style="padding:2px 0">Georgina River Bridge Site</td></tr><tr><td style="padding:2px 10px 2px 0;vertical-align:top;white-space:nowrap"><b>Country</b></td><td style="padding:2px 0">Australia</td></tr><tr><td style="padding:2px 10px 2px 0;vertical-align:top;white-space:nowrap"><b>Entry type</b></td><td style="padding:2px 0">Archaeological</td></tr><tr><td style="padding:2px 10px 2px 0;vertical-align:top;white-space:nowrap"><b>Species attribution</b></td><td style="padding:2px 0">H. sapiens</td></tr><tr><td style="padding:2px 10px 2px 0;vertical-align:top;white-space:nowrap"><b>Technology (interpreted)</b></td><td style="padding:2px 0">Other</td></tr><tr><td style="padding:2px 10px 2px 0;vertical-align:top;white-space:nowrap"><b>Age</b></td><td style="padding:2px 0">1 - 0.001 ka</td></tr><tr><td style="padding:2px 10px 2px 0;vertical-align:top;white-space:nowrap"><b>Basis for date</b></td><td style="padding:2px 0">Based on earliest evidence of large blades at other sites in region</td></tr><tr><td style="padding:2px 10px 2px 0;vertical-align:top;white-space:nowrap"><b>Scope of entry</b></td><td style="padding:2px 0">Whole assemblage</td></tr><tr><td style="padding:2px 10px 2px 0;vertical-align:top;white-space:nowrap"><b>Technology described</b></td><td style="padding:2px 0">All blade techs</td></tr><tr><td style="padding:2px 10px 2px 0;vertical-align:top;white-space:nowrap"><b>Published source</b></td><td style="padding:2px 0">Moore 2003</td></tr><tr><td style="padding:2px 10px 2px 0;vertical-align:top;white-space:nowrap"><b>Techniques recorded</b></td><td style="padding:2px 0">12 of 33</td></tr></table><p style="margin:10px 0 3px"><b>Procedural units present</b></p><p style="margin:0">Platform faceting, Debordante shaping, Overshot flaking, Trimming platform overhang, Hard hammer percussion, Support core with hand, Use of an anvil, Core rotation, Invasive flaking, Retouch, Backing, Notching</p></div>]]></description>
      <ExtendedData>
        <Data name="Source"><value>Moore 2003</value></Data>
        <Data name="Species"><value>H. sapiens</value></Data>
        <Data name="Technology"><value>Other</value></Data>
        <Data name="Country"><value>Australia</value></Data>
        <Data name="Entry type"><value>Archaeological</value></Data>
        <Data name="KA young"><value>0.001</value></Data>
        <Data name="KA old"><value>1</value></Data>
        <Data name="Technique count"><value>12</value></Data>
        <Data name="Heat treatment"><value>0</value></Data>
        <Data name="Platform faceting"><value>1</value></Data>
        <Data name="Centripetal shaping"><value>0</value></Data>
        <Data name="Lateral shaping"><value>0</value></Data>
        <Data name="Distal shaping"><value>0</value></Data>
        <Data name="Back shaping"><value>0</value></Data>
        <Data name="Cresting"><value>0</value></Data>
        <Data name="Debordante shaping"><value>1</value></Data>
        <Data name="Overshot flaking"><value>1</value></Data>
        <Data name="Kombewa flaking"><value>0</value></Data>
        <Data name="Core tablet"><value>0</value></Data>
        <Data name="Abrasion"><value>0</value></Data>
        <Data name="Trimming platform overhang"><value>1</value></Data>
        <Data name="Hard hammer percussion"><value>1</value></Data>
        <Data name="Support core with hand"><value>1</value></Data>
        <Data name="Use of an anvil"><value>1</value></Data>
        <Data name="Core rotation"><value>1</value></Data>
        <Data name="Soft hammer percussion"><value>0</value></Data>
        <Data name="Indirect percussion"><value>0</value></Data>
        <Data name="Flaking through pressure"><value>0</value></Data>
        <Data name="Hammer dressing"><value>0</value></Data>
        <Data name="Invasive flaking"><value>1</value></Data>
        <Data name="Ochre use"><value>0</value></Data>
        <Data name="Asphalt use"><value>0</value></Data>
        <Data name="Retouch"><value>1</value></Data>
        <Data name="Backing"><value>1</value></Data>
        <Data name="Notching"><value>1</value></Data>
        <Data name="Burination"><value>0</value></Data>
        <Data name="Tanging"><value>0</value></Data>
        <Data name="Tranchet"><value>0</value></Data>
        <Data name="Bifacial retouch"><value>0</value></Data>
        <Data name="Invasive retouch"><value>0</value></Data>
        <Data name="Pressure flaked retouch"><value>0</value></Data>
      </ExtendedData>
      <Point><coordinates>138.118693,-19.944020,0</coordinates></Point>
    </Placemark>
    </Folder>
    <Folder><name>Belgium (1)</name><open>0</open>
    <Placemark>
      <name>Rocourt</name>
      <styleUrl>#arch</styleUrl>
      <description><![CDATA[<div style="font:13px/1.45 Helvetica,Arial,sans-serif;max-width:400px"><table><tr><td style="padding:2px 10px 2px 0;vertical-align:top;white-space:nowrap"><b>Site</b></td><td style="padding:2px 0">Rocourt</td></tr><tr><td style="padding:2px 10px 2px 0;vertical-align:top;white-space:nowrap"><b>Country</b></td><td style="padding:2px 0">Belgium</td></tr><tr><td style="padding:2px 10px 2px 0;vertical-align:top;white-space:nowrap"><b>Entry type</b></td><td style="padding:2px 0">Archaeological</td></tr><tr><td style="padding:2px 10px 2px 0;vertical-align:top;white-space:nowrap"><b>Species attribution</b></td><td style="padding:2px 0">H. neanderthalensis</td></tr><tr><td style="padding:2px 10px 2px 0;vertical-align:top;white-space:nowrap"><b>Technology (interpreted)</b></td><td style="padding:2px 0">Other</td></tr><tr><td style="padding:2px 10px 2px 0;vertical-align:top;white-space:nowrap"><b>Age</b></td><td style="padding:2px 0">70 - 50 ka</td></tr><tr><td style="padding:2px 10px 2px 0;vertical-align:top;white-space:nowrap"><b>Basis for date</b></td><td style="padding:2px 0">-</td></tr><tr><td style="padding:2px 10px 2px 0;vertical-align:top;white-space:nowrap"><b>Scope of entry</b></td><td style="padding:2px 0">Single sequence</td></tr><tr><td style="padding:2px 10px 2px 0;vertical-align:top;white-space:nowrap"><b>Technology described</b></td><td style="padding:2px 0">Laminar flakes that are burinated and backed. produced through a recurrent blade production sequence with initial cresting lat convexity and distal convexity maintenance through debordantes. No sign of soft hammer or indirect hammer.</td></tr><tr><td style="padding:2px 10px 2px 0;vertical-align:top;white-space:nowrap"><b>Published source</b></td><td style="padding:2px 0">Otte 1990 and 1994</td></tr><tr><td style="padding:2px 10px 2px 0;vertical-align:top;white-space:nowrap"><b>Techniques recorded</b></td><td style="padding:2px 0">11 of 33</td></tr></table><p style="margin:10px 0 3px"><b>Procedural units present</b></p><p style="margin:0">Platform faceting, Cresting, Debordante shaping, Overshot flaking, Hard hammer percussion, Support core with hand, Core rotation, Invasive flaking, Retouch, Backing, Burination</p></div>]]></description>
      <ExtendedData>
        <Data name="Source"><value>Otte 1990 and 1994</value></Data>
        <Data name="Species"><value>H. neanderthalensis</value></Data>
        <Data name="Technology"><value>Other</value></Data>
        <Data name="Country"><value>Belgium</value></Data>
        <Data name="Entry type"><value>Archaeological</value></Data>
        <Data name="KA young"><value>50</value></Data>
        <Data name="KA old"><value>70</value></Data>
        <Data name="Technique count"><value>11</value></Data>
        <Data name="Heat treatment"><value>0</value></Data>
        <Data name="Platform faceting"><value>1</value></Data>
        <Data name="Centripetal shaping"><value>0</value></Data>
        <Data name="Lateral shaping"><value>0</value></Data>
        <Data name="Distal shaping"><value>0</value></Data>
        <Data name="Back shaping"><value>0</value></Data>
        <Data name="Cresting"><value>1</value></Data>
        <Data name="Debordante shaping"><value>1</value></Data>
        <Data name="Overshot flaking"><value>1</value></Data>
        <Data name="Kombewa flaking"><value>0</value></Data>
        <Data name="Core tablet"><value>0</value></Data>
        <Data name="Abrasion"><value>0</value></Data>
        <Data name="Trimming platform overhang"><value>0</value></Data>
        <Data name="Hard hammer percussion"><value>1</value></Data>
        <Data name="Support core with hand"><value>1</value></Data>
        <Data name="Use of an anvil"><value>0</value></Data>
        <Data name="Core rotation"><value>1</value></Data>
        <Data name="Soft hammer percussion"><value>0</value></Data>
        <Data name="Indirect percussion"><value>0</value></Data>
        <Data name="Flaking through pressure"><value>0</value></Data>
        <Data name="Hammer dressing"><value>0</value></Data>
        <Data name="Invasive flaking"><value>1</value></Data>
        <Data name="Ochre use"><value>0</value></Data>
        <Data name="Asphalt use"><value>0</value></Data>
        <Data name="Retouch"><value>1</value></Data>
        <Data name="Backing"><value>1</value></Data>
        <Data name="Notching"><value>0</value></Data>
        <Data name="Burination"><value>1</value></Data>
        <Data name="Tanging"><value>0</value></Data>
        <Data name="Tranchet"><value>0</value></Data>
        <Data name="Bifacial retouch"><value>0</value></Data>
        <Data name="Invasive retouch"><value>0</value></Data>
        <Data name="Pressure flaked retouch"><value>0</value></Data>
      </ExtendedData>
      <Point><coordinates>5.463733,50.668812,0</coordinates></Point>
    </Placemark>
    </Folder>
    <Folder><name>Canada (4)</name><open>0</open>
    <Placemark>
      <name>GhGk-63</name>
      <styleUrl>#arch</styleUrl>
      <description><![CDATA[<div style="font:13px/1.45 Helvetica,Arial,sans-serif;max-width:400px"><table><tr><td style="padding:2px 10px 2px 0;vertical-align:top;white-space:nowrap"><b>Site</b></td><td style="padding:2px 0">GhGk-63</td></tr><tr><td style="padding:2px 10px 2px 0;vertical-align:top;white-space:nowrap"><b>Country</b></td><td style="padding:2px 0">Canada (nearest, approx.)</td></tr><tr><td style="padding:2px 10px 2px 0;vertical-align:top;white-space:nowrap"><b>Entry type</b></td><td style="padding:2px 0">Archaeological</td></tr><tr><td style="padding:2px 10px 2px 0;vertical-align:top;white-space:nowrap"><b>Species attribution</b></td><td style="padding:2px 0">H. sapiens</td></tr><tr><td style="padding:2px 10px 2px 0;vertical-align:top;white-space:nowrap"><b>Technology (interpreted)</b></td><td style="padding:2px 0">Other</td></tr><tr><td style="padding:2px 10px 2px 0;vertical-align:top;white-space:nowrap"><b>Age</b></td><td style="padding:2px 0">2.1 - 1.6 ka</td></tr><tr><td style="padding:2px 10px 2px 0;vertical-align:top;white-space:nowrap"><b>Basis for date</b></td><td style="padding:2px 0">-</td></tr><tr><td style="padding:2px 10px 2px 0;vertical-align:top;white-space:nowrap"><b>Scope of entry</b></td><td style="padding:2px 0">Single sequence</td></tr><tr><td style="padding:2px 10px 2px 0;vertical-align:top;white-space:nowrap"><b>Technology described</b></td><td style="padding:2px 0">Microblade manufacture then retouched into point. for example figure 5.5</td></tr><tr><td style="padding:2px 10px 2px 0;vertical-align:top;white-space:nowrap"><b>Published source</b></td><td style="padding:2px 0">Desrosiers and Gendron 2004</td></tr><tr><td style="padding:2px 10px 2px 0;vertical-align:top;white-space:nowrap"><b>Techniques recorded</b></td><td style="padding:2px 0">17 of 33</td></tr></table><p style="margin:10px 0 3px"><b>Procedural units present</b></p><p style="margin:0">Platform faceting, Lateral shaping, Back shaping, Cresting, Debordante shaping, Overshot flaking, Core tablet, Trimming platform overhang, Hard hammer percussion, Support core with hand, Core rotation, Soft hammer percussion, Flaking through pressure, Invasive flaking, Retouch, Backing, Tanging</p></div>]]></description>
      <ExtendedData>
        <Data name="Source"><value>Desrosiers and Gendron 2004</value></Data>
        <Data name="Species"><value>H. sapiens</value></Data>
        <Data name="Technology"><value>Other</value></Data>
        <Data name="Country"><value>Canada</value></Data>
        <Data name="Entry type"><value>Archaeological</value></Data>
        <Data name="KA young"><value>1.6</value></Data>
        <Data name="KA old"><value>2.1</value></Data>
        <Data name="Technique count"><value>17</value></Data>
        <Data name="Heat treatment"><value>0</value></Data>
        <Data name="Platform faceting"><value>1</value></Data>
        <Data name="Centripetal shaping"><value>0</value></Data>
        <Data name="Lateral shaping"><value>1</value></Data>
        <Data name="Distal shaping"><value>0</value></Data>
        <Data name="Back shaping"><value>1</value></Data>
        <Data name="Cresting"><value>1</value></Data>
        <Data name="Debordante shaping"><value>1</value></Data>
        <Data name="Overshot flaking"><value>1</value></Data>
        <Data name="Kombewa flaking"><value>0</value></Data>
        <Data name="Core tablet"><value>1</value></Data>
        <Data name="Abrasion"><value>0</value></Data>
        <Data name="Trimming platform overhang"><value>1</value></Data>
        <Data name="Hard hammer percussion"><value>1</value></Data>
        <Data name="Support core with hand"><value>1</value></Data>
        <Data name="Use of an anvil"><value>0</value></Data>
        <Data name="Core rotation"><value>1</value></Data>
        <Data name="Soft hammer percussion"><value>1</value></Data>
        <Data name="Indirect percussion"><value>0</value></Data>
        <Data name="Flaking through pressure"><value>1</value></Data>
        <Data name="Hammer dressing"><value>0</value></Data>
        <Data name="Invasive flaking"><value>1</value></Data>
        <Data name="Ochre use"><value>0</value></Data>
        <Data name="Asphalt use"><value>0</value></Data>
        <Data name="Retouch"><value>1</value></Data>
        <Data name="Backing"><value>1</value></Data>
        <Data name="Notching"><value>0</value></Data>
        <Data name="Burination"><value>0</value></Data>
        <Data name="Tanging"><value>1</value></Data>
        <Data name="Tranchet"><value>0</value></Data>
        <Data name="Bifacial retouch"><value>0</value></Data>
        <Data name="Invasive retouch"><value>0</value></Data>
        <Data name="Pressure flaked retouch"><value>0</value></Data>
      </ExtendedData>
      <Point><coordinates>-77.773662,55.319928,0</coordinates></Point>
    </Placemark>
    <Placemark>
      <name>GhGk-63</name>
      <styleUrl>#arch</styleUrl>
      <description><![CDATA[<div style="font:13px/1.45 Helvetica,Arial,sans-serif;max-width:400px"><table><tr><td style="padding:2px 10px 2px 0;vertical-align:top;white-space:nowrap"><b>Site</b></td><td style="padding:2px 0">GhGk-63</td></tr><tr><td style="padding:2px 10px 2px 0;vertical-align:top;white-space:nowrap"><b>Country</b></td><td style="padding:2px 0">Canada</td></tr><tr><td style="padding:2px 10px 2px 0;vertical-align:top;white-space:nowrap"><b>Entry type</b></td><td style="padding:2px 0">Archaeological</td></tr><tr><td style="padding:2px 10px 2px 0;vertical-align:top;white-space:nowrap"><b>Species attribution</b></td><td style="padding:2px 0">H. sapiens</td></tr><tr><td style="padding:2px 10px 2px 0;vertical-align:top;white-space:nowrap"><b>Technology (interpreted)</b></td><td style="padding:2px 0">Other</td></tr><tr><td style="padding:2px 10px 2px 0;vertical-align:top;white-space:nowrap"><b>Age</b></td><td style="padding:2px 0">2.1 - 1.6 ka</td></tr><tr><td style="padding:2px 10px 2px 0;vertical-align:top;white-space:nowrap"><b>Basis for date</b></td><td style="padding:2px 0">-</td></tr><tr><td style="padding:2px 10px 2px 0;vertical-align:top;white-space:nowrap"><b>Scope of entry</b></td><td style="padding:2px 0">Whole assemblage</td></tr><tr><td style="padding:2px 10px 2px 0;vertical-align:top;white-space:nowrap"><b>Technology described</b></td><td style="padding:2px 0">Whole assemblage</td></tr><tr><td style="padding:2px 10px 2px 0;vertical-align:top;white-space:nowrap"><b>Published source</b></td><td style="padding:2px 0">Desrosiers and Gendron 2004</td></tr><tr><td style="padding:2px 10px 2px 0;vertical-align:top;white-space:nowrap"><b>Techniques recorded</b></td><td style="padding:2px 0">21 of 33</td></tr></table><p style="margin:10px 0 3px"><b>Procedural units present</b></p><p style="margin:0">Platform faceting, Lateral shaping, Back shaping, Cresting, Debordante shaping, Overshot flaking, Core tablet, Trimming platform overhang, Hard hammer percussion, Support core with hand, Core rotation, Soft hammer percussion, Flaking through pressure, Invasive flaking, Retouch, Backing, Burination, Tanging, Bifacial retouch, Invasive retouch, Pressure flaked retouch</p></div>]]></description>
      <ExtendedData>
        <Data name="Source"><value>Desrosiers and Gendron 2004</value></Data>
        <Data name="Species"><value>H. sapiens</value></Data>
        <Data name="Technology"><value>Other</value></Data>
        <Data name="Country"><value>Canada</value></Data>
        <Data name="Entry type"><value>Archaeological</value></Data>
        <Data name="KA young"><value>1.6</value></Data>
        <Data name="KA old"><value>2.1</value></Data>
        <Data name="Technique count"><value>21</value></Data>
        <Data name="Heat treatment"><value>0</value></Data>
        <Data name="Platform faceting"><value>1</value></Data>
        <Data name="Centripetal shaping"><value>0</value></Data>
        <Data name="Lateral shaping"><value>1</value></Data>
        <Data name="Distal shaping"><value>0</value></Data>
        <Data name="Back shaping"><value>1</value></Data>
        <Data name="Cresting"><value>1</value></Data>
        <Data name="Debordante shaping"><value>1</value></Data>
        <Data name="Overshot flaking"><value>1</value></Data>
        <Data name="Kombewa flaking"><value>0</value></Data>
        <Data name="Core tablet"><value>1</value></Data>
        <Data name="Abrasion"><value>0</value></Data>
        <Data name="Trimming platform overhang"><value>1</value></Data>
        <Data name="Hard hammer percussion"><value>1</value></Data>
        <Data name="Support core with hand"><value>1</value></Data>
        <Data name="Use of an anvil"><value>0</value></Data>
        <Data name="Core rotation"><value>1</value></Data>
        <Data name="Soft hammer percussion"><value>1</value></Data>
        <Data name="Indirect percussion"><value>0</value></Data>
        <Data name="Flaking through pressure"><value>1</value></Data>
        <Data name="Hammer dressing"><value>0</value></Data>
        <Data name="Invasive flaking"><value>1</value></Data>
        <Data name="Ochre use"><value>0</value></Data>
        <Data name="Asphalt use"><value>0</value></Data>
        <Data name="Retouch"><value>1</value></Data>
        <Data name="Backing"><value>1</value></Data>
        <Data name="Notching"><value>0</value></Data>
        <Data name="Burination"><value>1</value></Data>
        <Data name="Tanging"><value>1</value></Data>
        <Data name="Tranchet"><value>0</value></Data>
        <Data name="Bifacial retouch"><value>1</value></Data>
        <Data name="Invasive retouch"><value>1</value></Data>
        <Data name="Pressure flaked retouch"><value>1</value></Data>
      </ExtendedData>
      <Point><coordinates>-77.766020,55.155382,0</coordinates></Point>
    </Placemark>
    <Placemark>
      <name>High River</name>
      <styleUrl>#arch</styleUrl>
      <description><![CDATA[<div style="font:13px/1.45 Helvetica,Arial,sans-serif;max-width:400px"><table><tr><td style="padding:2px 10px 2px 0;vertical-align:top;white-space:nowrap"><b>Site</b></td><td style="padding:2px 0">High River</td></tr><tr><td style="padding:2px 10px 2px 0;vertical-align:top;white-space:nowrap"><b>Country</b></td><td style="padding:2px 0">Canada</td></tr><tr><td style="padding:2px 10px 2px 0;vertical-align:top;white-space:nowrap"><b>Entry type</b></td><td style="padding:2px 0">Archaeological</td></tr><tr><td style="padding:2px 10px 2px 0;vertical-align:top;white-space:nowrap"><b>Species attribution</b></td><td style="padding:2px 0">H. sapiens</td></tr><tr><td style="padding:2px 10px 2px 0;vertical-align:top;white-space:nowrap"><b>Technology (interpreted)</b></td><td style="padding:2px 0">Other</td></tr><tr><td style="padding:2px 10px 2px 0;vertical-align:top;white-space:nowrap"><b>Age</b></td><td style="padding:2px 0">9 - 8 ka</td></tr><tr><td style="padding:2px 10px 2px 0;vertical-align:top;white-space:nowrap"><b>Basis for date</b></td><td style="padding:2px 0">-</td></tr><tr><td style="padding:2px 10px 2px 0;vertical-align:top;white-space:nowrap"><b>Scope of entry</b></td><td style="padding:2px 0">Single sequence</td></tr><tr><td style="padding:2px 10px 2px 0;vertical-align:top;white-space:nowrap"><b>Technology described</b></td><td style="padding:2px 0">Marlan's F1 sequence 1970. Microblade reduction figure 5 core 3 in 2011 text.</td></tr><tr><td style="padding:2px 10px 2px 0;vertical-align:top;white-space:nowrap"><b>Published source</b></td><td style="padding:2px 0">Wilson et al. 2011</td></tr><tr><td style="padding:2px 10px 2px 0;vertical-align:top;white-space:nowrap"><b>Techniques recorded</b></td><td style="padding:2px 0">13 of 33</td></tr></table><p style="margin:10px 0 3px"><b>Procedural units present</b></p><p style="margin:0">Platform faceting, Distal shaping, Back shaping, Cresting, Debordante shaping, Core tablet, Hard hammer percussion, Support core with hand, Core rotation, Soft hammer percussion, Flaking through pressure, Invasive flaking, Burination</p></div>]]></description>
      <ExtendedData>
        <Data name="Source"><value>Wilson et al. 2011</value></Data>
        <Data name="Species"><value>H. sapiens</value></Data>
        <Data name="Technology"><value>Other</value></Data>
        <Data name="Country"><value>Canada</value></Data>
        <Data name="Entry type"><value>Archaeological</value></Data>
        <Data name="KA young"><value>8</value></Data>
        <Data name="KA old"><value>9</value></Data>
        <Data name="Technique count"><value>13</value></Data>
        <Data name="Heat treatment"><value>0</value></Data>
        <Data name="Platform faceting"><value>1</value></Data>
        <Data name="Centripetal shaping"><value>0</value></Data>
        <Data name="Lateral shaping"><value>0</value></Data>
        <Data name="Distal shaping"><value>1</value></Data>
        <Data name="Back shaping"><value>1</value></Data>
        <Data name="Cresting"><value>1</value></Data>
        <Data name="Debordante shaping"><value>1</value></Data>
        <Data name="Overshot flaking"><value>0</value></Data>
        <Data name="Kombewa flaking"><value>0</value></Data>
        <Data name="Core tablet"><value>1</value></Data>
        <Data name="Abrasion"><value>0</value></Data>
        <Data name="Trimming platform overhang"><value>0</value></Data>
        <Data name="Hard hammer percussion"><value>1</value></Data>
        <Data name="Support core with hand"><value>1</value></Data>
        <Data name="Use of an anvil"><value>0</value></Data>
        <Data name="Core rotation"><value>1</value></Data>
        <Data name="Soft hammer percussion"><value>1</value></Data>
        <Data name="Indirect percussion"><value>0</value></Data>
        <Data name="Flaking through pressure"><value>1</value></Data>
        <Data name="Hammer dressing"><value>0</value></Data>
        <Data name="Invasive flaking"><value>1</value></Data>
        <Data name="Ochre use"><value>0</value></Data>
        <Data name="Asphalt use"><value>0</value></Data>
        <Data name="Retouch"><value>0</value></Data>
        <Data name="Backing"><value>0</value></Data>
        <Data name="Notching"><value>0</value></Data>
        <Data name="Burination"><value>1</value></Data>
        <Data name="Tanging"><value>0</value></Data>
        <Data name="Tranchet"><value>0</value></Data>
        <Data name="Bifacial retouch"><value>0</value></Data>
        <Data name="Invasive retouch"><value>0</value></Data>
        <Data name="Pressure flaked retouch"><value>0</value></Data>
      </ExtendedData>
      <Point><coordinates>-113.797379,50.663514,0</coordinates></Point>
    </Placemark>
    <Placemark>
      <name>High River</name>
      <styleUrl>#arch</styleUrl>
      <description><![CDATA[<div style="font:13px/1.45 Helvetica,Arial,sans-serif;max-width:400px"><table><tr><td style="padding:2px 10px 2px 0;vertical-align:top;white-space:nowrap"><b>Site</b></td><td style="padding:2px 0">High River</td></tr><tr><td style="padding:2px 10px 2px 0;vertical-align:top;white-space:nowrap"><b>Country</b></td><td style="padding:2px 0">Canada</td></tr><tr><td style="padding:2px 10px 2px 0;vertical-align:top;white-space:nowrap"><b>Entry type</b></td><td style="padding:2px 0">Archaeological</td></tr><tr><td style="padding:2px 10px 2px 0;vertical-align:top;white-space:nowrap"><b>Species attribution</b></td><td style="padding:2px 0">H. sapiens</td></tr><tr><td style="padding:2px 10px 2px 0;vertical-align:top;white-space:nowrap"><b>Technology (interpreted)</b></td><td style="padding:2px 0">Other</td></tr><tr><td style="padding:2px 10px 2px 0;vertical-align:top;white-space:nowrap"><b>Age</b></td><td style="padding:2px 0">9 - 8 ka</td></tr><tr><td style="padding:2px 10px 2px 0;vertical-align:top;white-space:nowrap"><b>Basis for date</b></td><td style="padding:2px 0">-</td></tr><tr><td style="padding:2px 10px 2px 0;vertical-align:top;white-space:nowrap"><b>Scope of entry</b></td><td style="padding:2px 0">Whole assemblage</td></tr><tr><td style="padding:2px 10px 2px 0;vertical-align:top;white-space:nowrap"><b>Technology described</b></td><td style="padding:2px 0">Whole assemblage only microblade tech</td></tr><tr><td style="padding:2px 10px 2px 0;vertical-align:top;white-space:nowrap"><b>Published source</b></td><td style="padding:2px 0">Wilson et al. 2011</td></tr><tr><td style="padding:2px 10px 2px 0;vertical-align:top;white-space:nowrap"><b>Techniques recorded</b></td><td style="padding:2px 0">13 of 33</td></tr></table><p style="margin:10px 0 3px"><b>Procedural units present</b></p><p style="margin:0">Platform faceting, Distal shaping, Back shaping, Cresting, Debordante shaping, Core tablet, Hard hammer percussion, Support core with hand, Core rotation, Soft hammer percussion, Flaking through pressure, Invasive flaking, Burination</p></div>]]></description>
      <ExtendedData>
        <Data name="Source"><value>Wilson et al. 2011</value></Data>
        <Data name="Species"><value>H. sapiens</value></Data>
        <Data name="Technology"><value>Other</value></Data>
        <Data name="Country"><value>Canada</value></Data>
        <Data name="Entry type"><value>Archaeological</value></Data>
        <Data name="KA young"><value>8</value></Data>
        <Data name="KA old"><value>9</value></Data>
        <Data name="Technique count"><value>13</value></Data>
        <Data name="Heat treatment"><value>0</value></Data>
        <Data name="Platform faceting"><value>1</value></Data>
        <Data name="Centripetal shaping"><value>0</value></Data>
        <Data name="Lateral shaping"><value>0</value></Data>
        <Data name="Distal shaping"><value>1</value></Data>
        <Data name="Back shaping"><value>1</value></Data>
        <Data name="Cresting"><value>1</value></Data>
        <Data name="Debordante shaping"><value>1</value></Data>
        <Data name="Overshot flaking"><value>0</value></Data>
        <Data name="Kombewa flaking"><value>0</value></Data>
        <Data name="Core tablet"><value>1</value></Data>
        <Data name="Abrasion"><value>0</value></Data>
        <Data name="Trimming platform overhang"><value>0</value></Data>
        <Data name="Hard hammer percussion"><value>1</value></Data>
        <Data name="Support core with hand"><value>1</value></Data>
        <Data name="Use of an anvil"><value>0</value></Data>
        <Data name="Core rotation"><value>1</value></Data>
        <Data name="Soft hammer percussion"><value>1</value></Data>
        <Data name="Indirect percussion"><value>0</value></Data>
        <Data name="Flaking through pressure"><value>1</value></Data>
        <Data name="Hammer dressing"><value>0</value></Data>
        <Data name="Invasive flaking"><value>1</value></Data>
        <Data name="Ochre use"><value>0</value></Data>
        <Data name="Asphalt use"><value>0</value></Data>
        <Data name="Retouch"><value>0</value></Data>
        <Data name="Backing"><value>0</value></Data>
        <Data name="Notching"><value>0</value></Data>
        <Data name="Burination"><value>1</value></Data>
        <Data name="Tanging"><value>0</value></Data>
        <Data name="Tranchet"><value>0</value></Data>
        <Data name="Bifacial retouch"><value>0</value></Data>
        <Data name="Invasive retouch"><value>0</value></Data>
        <Data name="Pressure flaked retouch"><value>0</value></Data>
      </ExtendedData>
      <Point><coordinates>-113.782873,50.609299,0</coordinates></Point>
    </Placemark>
    </Folder>
    <Folder><name>Ethiopia (12)</name><open>0</open>
    <Placemark>
      <name>Bokol Dora 1</name>
      <styleUrl>#arch</styleUrl>
      <description><![CDATA[<div style="font:13px/1.45 Helvetica,Arial,sans-serif;max-width:400px"><table><tr><td style="padding:2px 10px 2px 0;vertical-align:top;white-space:nowrap"><b>Site</b></td><td style="padding:2px 0">Bokol Dora 1</td></tr><tr><td style="padding:2px 10px 2px 0;vertical-align:top;white-space:nowrap"><b>Country</b></td><td style="padding:2px 0">Ethiopia</td></tr><tr><td style="padding:2px 10px 2px 0;vertical-align:top;white-space:nowrap"><b>Entry type</b></td><td style="padding:2px 0">Archaeological</td></tr><tr><td style="padding:2px 10px 2px 0;vertical-align:top;white-space:nowrap"><b>Species attribution</b></td><td style="padding:2px 0">Unattributed</td></tr><tr><td style="padding:2px 10px 2px 0;vertical-align:top;white-space:nowrap"><b>Technology (interpreted)</b></td><td style="padding:2px 0">Oldowan</td></tr><tr><td style="padding:2px 10px 2px 0;vertical-align:top;white-space:nowrap"><b>Age</b></td><td style="padding:2px 0">2,610 - 2,580 ka</td></tr><tr><td style="padding:2px 10px 2px 0;vertical-align:top;white-space:nowrap"><b>Basis for date</b></td><td style="padding:2px 0">-</td></tr><tr><td style="padding:2px 10px 2px 0;vertical-align:top;white-space:nowrap"><b>Scope of entry</b></td><td style="padding:2px 0">Single sequence</td></tr><tr><td style="padding:2px 10px 2px 0;vertical-align:top;white-space:nowrap"><b>Technology described</b></td><td style="padding:2px 0">Simple flake production on rotated cores. no platform prep facetting retouch.</td></tr><tr><td style="padding:2px 10px 2px 0;vertical-align:top;white-space:nowrap"><b>Published source</b></td><td style="padding:2px 0">Braun et al. 2019</td></tr><tr><td style="padding:2px 10px 2px 0;vertical-align:top;white-space:nowrap"><b>Techniques recorded</b></td><td style="padding:2px 0">3 of 33</td></tr></table><p style="margin:10px 0 3px"><b>Procedural units present</b></p><p style="margin:0">Hard hammer percussion, Support core with hand, Core rotation</p></div>]]></description>
      <ExtendedData>
        <Data name="Source"><value>Braun et al. 2019</value></Data>
        <Data name="Species"><value>Unattributed</value></Data>
        <Data name="Technology"><value>Oldowan</value></Data>
        <Data name="Country"><value>Ethiopia</value></Data>
        <Data name="Entry type"><value>Archaeological</value></Data>
        <Data name="KA young"><value>2580</value></Data>
        <Data name="KA old"><value>2610</value></Data>
        <Data name="Technique count"><value>3</value></Data>
        <Data name="Heat treatment"><value>0</value></Data>
        <Data name="Platform faceting"><value>0</value></Data>
        <Data name="Centripetal shaping"><value>0</value></Data>
        <Data name="Lateral shaping"><value>0</value></Data>
        <Data name="Distal shaping"><value>0</value></Data>
        <Data name="Back shaping"><value>0</value></Data>
        <Data name="Cresting"><value>0</value></Data>
        <Data name="Debordante shaping"><value>0</value></Data>
        <Data name="Overshot flaking"><value>0</value></Data>
        <Data name="Kombewa flaking"><value>0</value></Data>
        <Data name="Core tablet"><value>0</value></Data>
        <Data name="Abrasion"><value>0</value></Data>
        <Data name="Trimming platform overhang"><value>0</value></Data>
        <Data name="Hard hammer percussion"><value>1</value></Data>
        <Data name="Support core with hand"><value>1</value></Data>
        <Data name="Use of an anvil"><value>0</value></Data>
        <Data name="Core rotation"><value>1</value></Data>
        <Data name="Soft hammer percussion"><value>0</value></Data>
        <Data name="Indirect percussion"><value>0</value></Data>
        <Data name="Flaking through pressure"><value>0</value></Data>
        <Data name="Hammer dressing"><value>0</value></Data>
        <Data name="Invasive flaking"><value>0</value></Data>
        <Data name="Ochre use"><value>0</value></Data>
        <Data name="Asphalt use"><value>0</value></Data>
        <Data name="Retouch"><value>0</value></Data>
        <Data name="Backing"><value>0</value></Data>
        <Data name="Notching"><value>0</value></Data>
        <Data name="Burination"><value>0</value></Data>
        <Data name="Tanging"><value>0</value></Data>
        <Data name="Tranchet"><value>0</value></Data>
        <Data name="Bifacial retouch"><value>0</value></Data>
        <Data name="Invasive retouch"><value>0</value></Data>
        <Data name="Pressure flaked retouch"><value>0</value></Data>
      </ExtendedData>
      <Point><coordinates>40.860244,11.266445,0</coordinates></Point>
    </Placemark>
    <Placemark>
      <name>Bokol Dora 1</name>
      <styleUrl>#arch</styleUrl>
      <description><![CDATA[<div style="font:13px/1.45 Helvetica,Arial,sans-serif;max-width:400px"><table><tr><td style="padding:2px 10px 2px 0;vertical-align:top;white-space:nowrap"><b>Site</b></td><td style="padding:2px 0">Bokol Dora 1</td></tr><tr><td style="padding:2px 10px 2px 0;vertical-align:top;white-space:nowrap"><b>Country</b></td><td style="padding:2px 0">Ethiopia</td></tr><tr><td style="padding:2px 10px 2px 0;vertical-align:top;white-space:nowrap"><b>Entry type</b></td><td style="padding:2px 0">Archaeological</td></tr><tr><td style="padding:2px 10px 2px 0;vertical-align:top;white-space:nowrap"><b>Species attribution</b></td><td style="padding:2px 0">Unattributed</td></tr><tr><td style="padding:2px 10px 2px 0;vertical-align:top;white-space:nowrap"><b>Technology (interpreted)</b></td><td style="padding:2px 0">Oldowan</td></tr><tr><td style="padding:2px 10px 2px 0;vertical-align:top;white-space:nowrap"><b>Age</b></td><td style="padding:2px 0">2,610 - 2,580 ka</td></tr><tr><td style="padding:2px 10px 2px 0;vertical-align:top;white-space:nowrap"><b>Basis for date</b></td><td style="padding:2px 0">-</td></tr><tr><td style="padding:2px 10px 2px 0;vertical-align:top;white-space:nowrap"><b>Scope of entry</b></td><td style="padding:2px 0">Whole assemblage</td></tr><tr><td style="padding:2px 10px 2px 0;vertical-align:top;white-space:nowrap"><b>Technology described</b></td><td style="padding:2px 0">Whole assemblage</td></tr><tr><td style="padding:2px 10px 2px 0;vertical-align:top;white-space:nowrap"><b>Published source</b></td><td style="padding:2px 0">Braun et al. 2019</td></tr><tr><td style="padding:2px 10px 2px 0;vertical-align:top;white-space:nowrap"><b>Techniques recorded</b></td><td style="padding:2px 0">3 of 33</td></tr></table><p style="margin:10px 0 3px"><b>Procedural units present</b></p><p style="margin:0">Hard hammer percussion, Support core with hand, Core rotation</p></div>]]></description>
      <ExtendedData>
        <Data name="Source"><value>Braun et al. 2019</value></Data>
        <Data name="Species"><value>Unattributed</value></Data>
        <Data name="Technology"><value>Oldowan</value></Data>
        <Data name="Country"><value>Ethiopia</value></Data>
        <Data name="Entry type"><value>Archaeological</value></Data>
        <Data name="KA young"><value>2580</value></Data>
        <Data name="KA old"><value>2610</value></Data>
        <Data name="Technique count"><value>3</value></Data>
        <Data name="Heat treatment"><value>0</value></Data>
        <Data name="Platform faceting"><value>0</value></Data>
        <Data name="Centripetal shaping"><value>0</value></Data>
        <Data name="Lateral shaping"><value>0</value></Data>
        <Data name="Distal shaping"><value>0</value></Data>
        <Data name="Back shaping"><value>0</value></Data>
        <Data name="Cresting"><value>0</value></Data>
        <Data name="Debordante shaping"><value>0</value></Data>
        <Data name="Overshot flaking"><value>0</value></Data>
        <Data name="Kombewa flaking"><value>0</value></Data>
        <Data name="Core tablet"><value>0</value></Data>
        <Data name="Abrasion"><value>0</value></Data>
        <Data name="Trimming platform overhang"><value>0</value></Data>
        <Data name="Hard hammer percussion"><value>1</value></Data>
        <Data name="Support core with hand"><value>1</value></Data>
        <Data name="Use of an anvil"><value>0</value></Data>
        <Data name="Core rotation"><value>1</value></Data>
        <Data name="Soft hammer percussion"><value>0</value></Data>
        <Data name="Indirect percussion"><value>0</value></Data>
        <Data name="Flaking through pressure"><value>0</value></Data>
        <Data name="Hammer dressing"><value>0</value></Data>
        <Data name="Invasive flaking"><value>0</value></Data>
        <Data name="Ochre use"><value>0</value></Data>
        <Data name="Asphalt use"><value>0</value></Data>
        <Data name="Retouch"><value>0</value></Data>
        <Data name="Backing"><value>0</value></Data>
        <Data name="Notching"><value>0</value></Data>
        <Data name="Burination"><value>0</value></Data>
        <Data name="Tanging"><value>0</value></Data>
        <Data name="Tranchet"><value>0</value></Data>
        <Data name="Bifacial retouch"><value>0</value></Data>
        <Data name="Invasive retouch"><value>0</value></Data>
        <Data name="Pressure flaked retouch"><value>0</value></Data>
      </ExtendedData>
      <Point><coordinates>40.903827,11.418864,0</coordinates></Point>
    </Placemark>
    <Placemark>
      <name>EG12</name>
      <styleUrl>#arch</styleUrl>
      <description><![CDATA[<div style="font:13px/1.45 Helvetica,Arial,sans-serif;max-width:400px"><table><tr><td style="padding:2px 10px 2px 0;vertical-align:top;white-space:nowrap"><b>Site</b></td><td style="padding:2px 0">EG12</td></tr><tr><td style="padding:2px 10px 2px 0;vertical-align:top;white-space:nowrap"><b>Country</b></td><td style="padding:2px 0">Ethiopia</td></tr><tr><td style="padding:2px 10px 2px 0;vertical-align:top;white-space:nowrap"><b>Entry type</b></td><td style="padding:2px 0">Archaeological</td></tr><tr><td style="padding:2px 10px 2px 0;vertical-align:top;white-space:nowrap"><b>Species attribution</b></td><td style="padding:2px 0">Unattributed</td></tr><tr><td style="padding:2px 10px 2px 0;vertical-align:top;white-space:nowrap"><b>Technology (interpreted)</b></td><td style="padding:2px 0">Oldowan</td></tr><tr><td style="padding:2px 10px 2px 0;vertical-align:top;white-space:nowrap"><b>Age</b></td><td style="padding:2px 0">2,600 - 2,500 ka</td></tr><tr><td style="padding:2px 10px 2px 0;vertical-align:top;white-space:nowrap"><b>Basis for date</b></td><td style="padding:2px 0">Stout et al. 2010</td></tr><tr><td style="padding:2px 10px 2px 0;vertical-align:top;white-space:nowrap"><b>Scope of entry</b></td><td style="padding:2px 0">Single sequence</td></tr><tr><td style="padding:2px 10px 2px 0;vertical-align:top;white-space:nowrap"><b>Technology described</b></td><td style="padding:2px 0">Oldowan pebble cores with rotation.</td></tr><tr><td style="padding:2px 10px 2px 0;vertical-align:top;white-space:nowrap"><b>Published source</b></td><td style="padding:2px 0">Stout et al. 2010</td></tr><tr><td style="padding:2px 10px 2px 0;vertical-align:top;white-space:nowrap"><b>Techniques recorded</b></td><td style="padding:2px 0">4 of 33</td></tr></table><p style="margin:10px 0 3px"><b>Procedural units present</b></p><p style="margin:0">Hard hammer percussion, Support core with hand, Core rotation, Invasive flaking</p></div>]]></description>
      <ExtendedData>
        <Data name="Source"><value>Stout et al. 2010</value></Data>
        <Data name="Species"><value>Unattributed</value></Data>
        <Data name="Technology"><value>Oldowan</value></Data>
        <Data name="Country"><value>Ethiopia</value></Data>
        <Data name="Entry type"><value>Archaeological</value></Data>
        <Data name="KA young"><value>2500</value></Data>
        <Data name="KA old"><value>2600</value></Data>
        <Data name="Technique count"><value>4</value></Data>
        <Data name="Heat treatment"><value>0</value></Data>
        <Data name="Platform faceting"><value>0</value></Data>
        <Data name="Centripetal shaping"><value>0</value></Data>
        <Data name="Lateral shaping"><value>0</value></Data>
        <Data name="Distal shaping"><value>0</value></Data>
        <Data name="Back shaping"><value>0</value></Data>
        <Data name="Cresting"><value>0</value></Data>
        <Data name="Debordante shaping"><value>0</value></Data>
        <Data name="Overshot flaking"><value>0</value></Data>
        <Data name="Kombewa flaking"><value>0</value></Data>
        <Data name="Core tablet"><value>0</value></Data>
        <Data name="Abrasion"><value>0</value></Data>
        <Data name="Trimming platform overhang"><value>0</value></Data>
        <Data name="Hard hammer percussion"><value>1</value></Data>
        <Data name="Support core with hand"><value>1</value></Data>
        <Data name="Use of an anvil"><value>0</value></Data>
        <Data name="Core rotation"><value>1</value></Data>
        <Data name="Soft hammer percussion"><value>0</value></Data>
        <Data name="Indirect percussion"><value>0</value></Data>
        <Data name="Flaking through pressure"><value>0</value></Data>
        <Data name="Hammer dressing"><value>0</value></Data>
        <Data name="Invasive flaking"><value>1</value></Data>
        <Data name="Ochre use"><value>0</value></Data>
        <Data name="Asphalt use"><value>0</value></Data>
        <Data name="Retouch"><value>0</value></Data>
        <Data name="Backing"><value>0</value></Data>
        <Data name="Notching"><value>0</value></Data>
        <Data name="Burination"><value>0</value></Data>
        <Data name="Tanging"><value>0</value></Data>
        <Data name="Tranchet"><value>0</value></Data>
        <Data name="Bifacial retouch"><value>0</value></Data>
        <Data name="Invasive retouch"><value>0</value></Data>
        <Data name="Pressure flaked retouch"><value>0</value></Data>
      </ExtendedData>
      <Point><coordinates>40.607938,11.209208,0</coordinates></Point>
    </Placemark>
    <Placemark>
      <name>EG12</name>
      <styleUrl>#arch</styleUrl>
      <description><![CDATA[<div style="font:13px/1.45 Helvetica,Arial,sans-serif;max-width:400px"><table><tr><td style="padding:2px 10px 2px 0;vertical-align:top;white-space:nowrap"><b>Site</b></td><td style="padding:2px 0">EG12</td></tr><tr><td style="padding:2px 10px 2px 0;vertical-align:top;white-space:nowrap"><b>Country</b></td><td style="padding:2px 0">Ethiopia</td></tr><tr><td style="padding:2px 10px 2px 0;vertical-align:top;white-space:nowrap"><b>Entry type</b></td><td style="padding:2px 0">Archaeological</td></tr><tr><td style="padding:2px 10px 2px 0;vertical-align:top;white-space:nowrap"><b>Species attribution</b></td><td style="padding:2px 0">Unattributed</td></tr><tr><td style="padding:2px 10px 2px 0;vertical-align:top;white-space:nowrap"><b>Technology (interpreted)</b></td><td style="padding:2px 0">Oldowan</td></tr><tr><td style="padding:2px 10px 2px 0;vertical-align:top;white-space:nowrap"><b>Age</b></td><td style="padding:2px 0">2,600 - 2,500 ka</td></tr><tr><td style="padding:2px 10px 2px 0;vertical-align:top;white-space:nowrap"><b>Basis for date</b></td><td style="padding:2px 0">Stout et al. 2010</td></tr><tr><td style="padding:2px 10px 2px 0;vertical-align:top;white-space:nowrap"><b>Scope of entry</b></td><td style="padding:2px 0">Single sequence</td></tr><tr><td style="padding:2px 10px 2px 0;vertical-align:top;white-space:nowrap"><b>Technology described</b></td><td style="padding:2px 0">Oldowan pebble cores without rotation.</td></tr><tr><td style="padding:2px 10px 2px 0;vertical-align:top;white-space:nowrap"><b>Published source</b></td><td style="padding:2px 0">Stout et al. 2010</td></tr><tr><td style="padding:2px 10px 2px 0;vertical-align:top;white-space:nowrap"><b>Techniques recorded</b></td><td style="padding:2px 0">3 of 33</td></tr></table><p style="margin:10px 0 3px"><b>Procedural units present</b></p><p style="margin:0">Hard hammer percussion, Support core with hand, Invasive flaking</p></div>]]></description>
      <ExtendedData>
        <Data name="Source"><value>Stout et al. 2010</value></Data>
        <Data name="Species"><value>Unattributed</value></Data>
        <Data name="Technology"><value>Oldowan</value></Data>
        <Data name="Country"><value>Ethiopia</value></Data>
        <Data name="Entry type"><value>Archaeological</value></Data>
        <Data name="KA young"><value>2500</value></Data>
        <Data name="KA old"><value>2600</value></Data>
        <Data name="Technique count"><value>3</value></Data>
        <Data name="Heat treatment"><value>0</value></Data>
        <Data name="Platform faceting"><value>0</value></Data>
        <Data name="Centripetal shaping"><value>0</value></Data>
        <Data name="Lateral shaping"><value>0</value></Data>
        <Data name="Distal shaping"><value>0</value></Data>
        <Data name="Back shaping"><value>0</value></Data>
        <Data name="Cresting"><value>0</value></Data>
        <Data name="Debordante shaping"><value>0</value></Data>
        <Data name="Overshot flaking"><value>0</value></Data>
        <Data name="Kombewa flaking"><value>0</value></Data>
        <Data name="Core tablet"><value>0</value></Data>
        <Data name="Abrasion"><value>0</value></Data>
        <Data name="Trimming platform overhang"><value>0</value></Data>
        <Data name="Hard hammer percussion"><value>1</value></Data>
        <Data name="Support core with hand"><value>1</value></Data>
        <Data name="Use of an anvil"><value>0</value></Data>
        <Data name="Core rotation"><value>0</value></Data>
        <Data name="Soft hammer percussion"><value>0</value></Data>
        <Data name="Indirect percussion"><value>0</value></Data>
        <Data name="Flaking through pressure"><value>0</value></Data>
        <Data name="Hammer dressing"><value>0</value></Data>
        <Data name="Invasive flaking"><value>1</value></Data>
        <Data name="Ochre use"><value>0</value></Data>
        <Data name="Asphalt use"><value>0</value></Data>
        <Data name="Retouch"><value>0</value></Data>
        <Data name="Backing"><value>0</value></Data>
        <Data name="Notching"><value>0</value></Data>
        <Data name="Burination"><value>0</value></Data>
        <Data name="Tanging"><value>0</value></Data>
        <Data name="Tranchet"><value>0</value></Data>
        <Data name="Bifacial retouch"><value>0</value></Data>
        <Data name="Invasive retouch"><value>0</value></Data>
        <Data name="Pressure flaked retouch"><value>0</value></Data>
      </ExtendedData>
      <Point><coordinates>40.412068,11.114709,0</coordinates></Point>
    </Placemark>
    <Placemark>
      <name>EG12</name>
      <styleUrl>#arch</styleUrl>
      <description><![CDATA[<div style="font:13px/1.45 Helvetica,Arial,sans-serif;max-width:400px"><table><tr><td style="padding:2px 10px 2px 0;vertical-align:top;white-space:nowrap"><b>Site</b></td><td style="padding:2px 0">EG12</td></tr><tr><td style="padding:2px 10px 2px 0;vertical-align:top;white-space:nowrap"><b>Country</b></td><td style="padding:2px 0">Ethiopia</td></tr><tr><td style="padding:2px 10px 2px 0;vertical-align:top;white-space:nowrap"><b>Entry type</b></td><td style="padding:2px 0">Archaeological</td></tr><tr><td style="padding:2px 10px 2px 0;vertical-align:top;white-space:nowrap"><b>Species attribution</b></td><td style="padding:2px 0">Unattributed</td></tr><tr><td style="padding:2px 10px 2px 0;vertical-align:top;white-space:nowrap"><b>Technology (interpreted)</b></td><td style="padding:2px 0">Oldowan</td></tr><tr><td style="padding:2px 10px 2px 0;vertical-align:top;white-space:nowrap"><b>Age</b></td><td style="padding:2px 0">2,600 - 2,500 ka</td></tr><tr><td style="padding:2px 10px 2px 0;vertical-align:top;white-space:nowrap"><b>Basis for date</b></td><td style="padding:2px 0">Stout et al. 2010</td></tr><tr><td style="padding:2px 10px 2px 0;vertical-align:top;white-space:nowrap"><b>Scope of entry</b></td><td style="padding:2px 0">Whole assemblage</td></tr><tr><td style="padding:2px 10px 2px 0;vertical-align:top;white-space:nowrap"><b>Technology described</b></td><td style="padding:2px 0">All reduction sequences</td></tr><tr><td style="padding:2px 10px 2px 0;vertical-align:top;white-space:nowrap"><b>Published source</b></td><td style="padding:2px 0">Stout et al. 2010</td></tr><tr><td style="padding:2px 10px 2px 0;vertical-align:top;white-space:nowrap"><b>Techniques recorded</b></td><td style="padding:2px 0">4 of 33</td></tr></table><p style="margin:10px 0 3px"><b>Procedural units present</b></p><p style="margin:0">Hard hammer percussion, Support core with hand, Core rotation, Invasive flaking</p></div>]]></description>
      <ExtendedData>
        <Data name="Source"><value>Stout et al. 2010</value></Data>
        <Data name="Species"><value>Unattributed</value></Data>
        <Data name="Technology"><value>Oldowan</value></Data>
        <Data name="Country"><value>Ethiopia</value></Data>
        <Data name="Entry type"><value>Archaeological</value></Data>
        <Data name="KA young"><value>2500</value></Data>
        <Data name="KA old"><value>2600</value></Data>
        <Data name="Technique count"><value>4</value></Data>
        <Data name="Heat treatment"><value>0</value></Data>
        <Data name="Platform faceting"><value>0</value></Data>
        <Data name="Centripetal shaping"><value>0</value></Data>
        <Data name="Lateral shaping"><value>0</value></Data>
        <Data name="Distal shaping"><value>0</value></Data>
        <Data name="Back shaping"><value>0</value></Data>
        <Data name="Cresting"><value>0</value></Data>
        <Data name="Debordante shaping"><value>0</value></Data>
        <Data name="Overshot flaking"><value>0</value></Data>
        <Data name="Kombewa flaking"><value>0</value></Data>
        <Data name="Core tablet"><value>0</value></Data>
        <Data name="Abrasion"><value>0</value></Data>
        <Data name="Trimming platform overhang"><value>0</value></Data>
        <Data name="Hard hammer percussion"><value>1</value></Data>
        <Data name="Support core with hand"><value>1</value></Data>
        <Data name="Use of an anvil"><value>0</value></Data>
        <Data name="Core rotation"><value>1</value></Data>
        <Data name="Soft hammer percussion"><value>0</value></Data>
        <Data name="Indirect percussion"><value>0</value></Data>
        <Data name="Flaking through pressure"><value>0</value></Data>
        <Data name="Hammer dressing"><value>0</value></Data>
        <Data name="Invasive flaking"><value>1</value></Data>
        <Data name="Ochre use"><value>0</value></Data>
        <Data name="Asphalt use"><value>0</value></Data>
        <Data name="Retouch"><value>0</value></Data>
        <Data name="Backing"><value>0</value></Data>
        <Data name="Notching"><value>0</value></Data>
        <Data name="Burination"><value>0</value></Data>
        <Data name="Tanging"><value>0</value></Data>
        <Data name="Tranchet"><value>0</value></Data>
        <Data name="Bifacial retouch"><value>0</value></Data>
        <Data name="Invasive retouch"><value>0</value></Data>
        <Data name="Pressure flaked retouch"><value>0</value></Data>
      </ExtendedData>
      <Point><coordinates>40.649356,11.153066,0</coordinates></Point>
    </Placemark>
    <Placemark>
      <name>Garba Ivd</name>
      <styleUrl>#arch</styleUrl>
      <description><![CDATA[<div style="font:13px/1.45 Helvetica,Arial,sans-serif;max-width:400px"><table><tr><td style="padding:2px 10px 2px 0;vertical-align:top;white-space:nowrap"><b>Site</b></td><td style="padding:2px 0">Garba Ivd</td></tr><tr><td style="padding:2px 10px 2px 0;vertical-align:top;white-space:nowrap"><b>Country</b></td><td style="padding:2px 0">Ethiopia</td></tr><tr><td style="padding:2px 10px 2px 0;vertical-align:top;white-space:nowrap"><b>Entry type</b></td><td style="padding:2px 0">Archaeological</td></tr><tr><td style="padding:2px 10px 2px 0;vertical-align:top;white-space:nowrap"><b>Species attribution</b></td><td style="padding:2px 0">Unattributed</td></tr><tr><td style="padding:2px 10px 2px 0;vertical-align:top;white-space:nowrap"><b>Technology (interpreted)</b></td><td style="padding:2px 0">Acheulean (probable)</td></tr><tr><td style="padding:2px 10px 2px 0;vertical-align:top;white-space:nowrap"><b>Age</b></td><td style="padding:2px 0">1,918 - 1,458 ka</td></tr><tr><td style="padding:2px 10px 2px 0;vertical-align:top;white-space:nowrap"><b>Basis for date</b></td><td style="padding:2px 0">-</td></tr><tr><td style="padding:2px 10px 2px 0;vertical-align:top;white-space:nowrap"><b>Scope of entry</b></td><td style="padding:2px 0">Single sequence</td></tr><tr><td style="padding:2px 10px 2px 0;vertical-align:top;white-space:nowrap"><b>Technology described</b></td><td style="padding:2px 0">Retouched flakes from centripetally prepared cores. flakes with facetted butts. retouched.</td></tr><tr><td style="padding:2px 10px 2px 0;vertical-align:top;white-space:nowrap"><b>Published source</b></td><td style="padding:2px 0">Gallotti 2013</td></tr><tr><td style="padding:2px 10px 2px 0;vertical-align:top;white-space:nowrap"><b>Techniques recorded</b></td><td style="padding:2px 0">7 of 33</td></tr></table><p style="margin:10px 0 3px"><b>Procedural units present</b></p><p style="margin:0">Platform faceting, Centripetal shaping, Hard hammer percussion, Support core with hand, Core rotation, Invasive flaking, Retouch</p></div>]]></description>
      <ExtendedData>
        <Data name="Source"><value>Gallotti 2013</value></Data>
        <Data name="Species"><value>Unattributed</value></Data>
        <Data name="Technology"><value>Acheulean (probable)</value></Data>
        <Data name="Country"><value>Ethiopia</value></Data>
        <Data name="Entry type"><value>Archaeological</value></Data>
        <Data name="KA young"><value>1458</value></Data>
        <Data name="KA old"><value>1918</value></Data>
        <Data name="Technique count"><value>7</value></Data>
        <Data name="Heat treatment"><value>0</value></Data>
        <Data name="Platform faceting"><value>1</value></Data>
        <Data name="Centripetal shaping"><value>1</value></Data>
        <Data name="Lateral shaping"><value>0</value></Data>
        <Data name="Distal shaping"><value>0</value></Data>
        <Data name="Back shaping"><value>0</value></Data>
        <Data name="Cresting"><value>0</value></Data>
        <Data name="Debordante shaping"><value>0</value></Data>
        <Data name="Overshot flaking"><value>0</value></Data>
        <Data name="Kombewa flaking"><value>0</value></Data>
        <Data name="Core tablet"><value>0</value></Data>
        <Data name="Abrasion"><value>0</value></Data>
        <Data name="Trimming platform overhang"><value>0</value></Data>
        <Data name="Hard hammer percussion"><value>1</value></Data>
        <Data name="Support core with hand"><value>1</value></Data>
        <Data name="Use of an anvil"><value>0</value></Data>
        <Data name="Core rotation"><value>1</value></Data>
        <Data name="Soft hammer percussion"><value>0</value></Data>
        <Data name="Indirect percussion"><value>0</value></Data>
        <Data name="Flaking through pressure"><value>0</value></Data>
        <Data name="Hammer dressing"><value>0</value></Data>
        <Data name="Invasive flaking"><value>1</value></Data>
        <Data name="Ochre use"><value>0</value></Data>
        <Data name="Asphalt use"><value>0</value></Data>
        <Data name="Retouch"><value>1</value></Data>
        <Data name="Backing"><value>0</value></Data>
        <Data name="Notching"><value>0</value></Data>
        <Data name="Burination"><value>0</value></Data>
        <Data name="Tanging"><value>0</value></Data>
        <Data name="Tranchet"><value>0</value></Data>
        <Data name="Bifacial retouch"><value>0</value></Data>
        <Data name="Invasive retouch"><value>0</value></Data>
        <Data name="Pressure flaked retouch"><value>0</value></Data>
      </ExtendedData>
      <Point><coordinates>38.585950,8.617387,0</coordinates></Point>
    </Placemark>
    <Placemark>
      <name>Garba Ivd</name>
      <styleUrl>#arch</styleUrl>
      <description><![CDATA[<div style="font:13px/1.45 Helvetica,Arial,sans-serif;max-width:400px"><table><tr><td style="padding:2px 10px 2px 0;vertical-align:top;white-space:nowrap"><b>Site</b></td><td style="padding:2px 0">Garba Ivd</td></tr><tr><td style="padding:2px 10px 2px 0;vertical-align:top;white-space:nowrap"><b>Country</b></td><td style="padding:2px 0">Ethiopia</td></tr><tr><td style="padding:2px 10px 2px 0;vertical-align:top;white-space:nowrap"><b>Entry type</b></td><td style="padding:2px 0">Archaeological</td></tr><tr><td style="padding:2px 10px 2px 0;vertical-align:top;white-space:nowrap"><b>Species attribution</b></td><td style="padding:2px 0">Unattributed</td></tr><tr><td style="padding:2px 10px 2px 0;vertical-align:top;white-space:nowrap"><b>Technology (interpreted)</b></td><td style="padding:2px 0">Acheulean (probable)</td></tr><tr><td style="padding:2px 10px 2px 0;vertical-align:top;white-space:nowrap"><b>Age</b></td><td style="padding:2px 0">1,918 - 1,458 ka</td></tr><tr><td style="padding:2px 10px 2px 0;vertical-align:top;white-space:nowrap"><b>Basis for date</b></td><td style="padding:2px 0">-</td></tr><tr><td style="padding:2px 10px 2px 0;vertical-align:top;white-space:nowrap"><b>Scope of entry</b></td><td style="padding:2px 0">Whole assemblage</td></tr><tr><td style="padding:2px 10px 2px 0;vertical-align:top;white-space:nowrap"><b>Technology described</b></td><td style="padding:2px 0">Whole assemblage including flakes that are retouched to notches/scrapers as well as lct</td></tr><tr><td style="padding:2px 10px 2px 0;vertical-align:top;white-space:nowrap"><b>Published source</b></td><td style="padding:2px 0">Gallotti 2013</td></tr><tr><td style="padding:2px 10px 2px 0;vertical-align:top;white-space:nowrap"><b>Techniques recorded</b></td><td style="padding:2px 0">10 of 33</td></tr></table><p style="margin:10px 0 3px"><b>Procedural units present</b></p><p style="margin:0">Platform faceting, Centripetal shaping, Hard hammer percussion, Support core with hand, Core rotation, Invasive flaking, Retouch, Backing, Notching, Bifacial retouch</p></div>]]></description>
      <ExtendedData>
        <Data name="Source"><value>Gallotti 2013</value></Data>
        <Data name="Species"><value>Unattributed</value></Data>
        <Data name="Technology"><value>Acheulean (probable)</value></Data>
        <Data name="Country"><value>Ethiopia</value></Data>
        <Data name="Entry type"><value>Archaeological</value></Data>
        <Data name="KA young"><value>1458</value></Data>
        <Data name="KA old"><value>1918</value></Data>
        <Data name="Technique count"><value>10</value></Data>
        <Data name="Heat treatment"><value>0</value></Data>
        <Data name="Platform faceting"><value>1</value></Data>
        <Data name="Centripetal shaping"><value>1</value></Data>
        <Data name="Lateral shaping"><value>0</value></Data>
        <Data name="Distal shaping"><value>0</value></Data>
        <Data name="Back shaping"><value>0</value></Data>
        <Data name="Cresting"><value>0</value></Data>
        <Data name="Debordante shaping"><value>0</value></Data>
        <Data name="Overshot flaking"><value>0</value></Data>
        <Data name="Kombewa flaking"><value>0</value></Data>
        <Data name="Core tablet"><value>0</value></Data>
        <Data name="Abrasion"><value>0</value></Data>
        <Data name="Trimming platform overhang"><value>0</value></Data>
        <Data name="Hard hammer percussion"><value>1</value></Data>
        <Data name="Support core with hand"><value>1</value></Data>
        <Data name="Use of an anvil"><value>0</value></Data>
        <Data name="Core rotation"><value>1</value></Data>
        <Data name="Soft hammer percussion"><value>0</value></Data>
        <Data name="Indirect percussion"><value>0</value></Data>
        <Data name="Flaking through pressure"><value>0</value></Data>
        <Data name="Hammer dressing"><value>0</value></Data>
        <Data name="Invasive flaking"><value>1</value></Data>
        <Data name="Ochre use"><value>0</value></Data>
        <Data name="Asphalt use"><value>0</value></Data>
        <Data name="Retouch"><value>1</value></Data>
        <Data name="Backing"><value>1</value></Data>
        <Data name="Notching"><value>1</value></Data>
        <Data name="Burination"><value>0</value></Data>
        <Data name="Tanging"><value>0</value></Data>
        <Data name="Tranchet"><value>0</value></Data>
        <Data name="Bifacial retouch"><value>1</value></Data>
        <Data name="Invasive retouch"><value>0</value></Data>
        <Data name="Pressure flaked retouch"><value>0</value></Data>
      </ExtendedData>
      <Point><coordinates>38.605811,8.807055,0</coordinates></Point>
    </Placemark>
    <Placemark>
      <name>Hugub KK51</name>
      <styleUrl>#arch</styleUrl>
      <description><![CDATA[<div style="font:13px/1.45 Helvetica,Arial,sans-serif;max-width:400px"><table><tr><td style="padding:2px 10px 2px 0;vertical-align:top;white-space:nowrap"><b>Site</b></td><td style="padding:2px 0">Hugub KK51</td></tr><tr><td style="padding:2px 10px 2px 0;vertical-align:top;white-space:nowrap"><b>Country</b></td><td style="padding:2px 0">Ethiopia</td></tr><tr><td style="padding:2px 10px 2px 0;vertical-align:top;white-space:nowrap"><b>Entry type</b></td><td style="padding:2px 0">Archaeological</td></tr><tr><td style="padding:2px 10px 2px 0;vertical-align:top;white-space:nowrap"><b>Species attribution</b></td><td style="padding:2px 0">Unattributed</td></tr><tr><td style="padding:2px 10px 2px 0;vertical-align:top;white-space:nowrap"><b>Technology (interpreted)</b></td><td style="padding:2px 0">Acheulean</td></tr><tr><td style="padding:2px 10px 2px 0;vertical-align:top;white-space:nowrap"><b>Age</b></td><td style="padding:2px 0">600 - 500 ka</td></tr><tr><td style="padding:2px 10px 2px 0;vertical-align:top;white-space:nowrap"><b>Basis for date</b></td><td style="padding:2px 0">-</td></tr><tr><td style="padding:2px 10px 2px 0;vertical-align:top;white-space:nowrap"><b>Scope of entry</b></td><td style="padding:2px 0">Single sequence</td></tr><tr><td style="padding:2px 10px 2px 0;vertical-align:top;white-space:nowrap"><b>Technology described</b></td><td style="padding:2px 0">Large cutting tool on a flake. invasive removals. lots of retouch. Facetted butt. likely from prepared core but that part of the chain operatoire was not here.</td></tr><tr><td style="padding:2px 10px 2px 0;vertical-align:top;white-space:nowrap"><b>Published source</b></td><td style="padding:2px 0">Gilbert et al. 2016</td></tr><tr><td style="padding:2px 10px 2px 0;vertical-align:top;white-space:nowrap"><b>Techniques recorded</b></td><td style="padding:2px 0">6 of 33</td></tr></table><p style="margin:10px 0 3px"><b>Procedural units present</b></p><p style="margin:0">Platform faceting, Hard hammer percussion, Support core with hand, Core rotation, Invasive flaking, Bifacial retouch</p></div>]]></description>
      <ExtendedData>
        <Data name="Source"><value>Gilbert et al. 2016</value></Data>
        <Data name="Species"><value>Unattributed</value></Data>
        <Data name="Technology"><value>Acheulean</value></Data>
        <Data name="Country"><value>Ethiopia</value></Data>
        <Data name="Entry type"><value>Archaeological</value></Data>
        <Data name="KA young"><value>500</value></Data>
        <Data name="KA old"><value>600</value></Data>
        <Data name="Technique count"><value>6</value></Data>
        <Data name="Heat treatment"><value>0</value></Data>
        <Data name="Platform faceting"><value>1</value></Data>
        <Data name="Centripetal shaping"><value>0</value></Data>
        <Data name="Lateral shaping"><value>0</value></Data>
        <Data name="Distal shaping"><value>0</value></Data>
        <Data name="Back shaping"><value>0</value></Data>
        <Data name="Cresting"><value>0</value></Data>
        <Data name="Debordante shaping"><value>0</value></Data>
        <Data name="Overshot flaking"><value>0</value></Data>
        <Data name="Kombewa flaking"><value>0</value></Data>
        <Data name="Core tablet"><value>0</value></Data>
        <Data name="Abrasion"><value>0</value></Data>
        <Data name="Trimming platform overhang"><value>0</value></Data>
        <Data name="Hard hammer percussion"><value>1</value></Data>
        <Data name="Support core with hand"><value>1</value></Data>
        <Data name="Use of an anvil"><value>0</value></Data>
        <Data name="Core rotation"><value>1</value></Data>
        <Data name="Soft hammer percussion"><value>0</value></Data>
        <Data name="Indirect percussion"><value>0</value></Data>
        <Data name="Flaking through pressure"><value>0</value></Data>
        <Data name="Hammer dressing"><value>0</value></Data>
        <Data name="Invasive flaking"><value>1</value></Data>
        <Data name="Ochre use"><value>0</value></Data>
        <Data name="Asphalt use"><value>0</value></Data>
        <Data name="Retouch"><value>0</value></Data>
        <Data name="Backing"><value>0</value></Data>
        <Data name="Notching"><value>0</value></Data>
        <Data name="Burination"><value>0</value></Data>
        <Data name="Tanging"><value>0</value></Data>
        <Data name="Tranchet"><value>0</value></Data>
        <Data name="Bifacial retouch"><value>1</value></Data>
        <Data name="Invasive retouch"><value>0</value></Data>
        <Data name="Pressure flaked retouch"><value>0</value></Data>
      </ExtendedData>
      <Point><coordinates>40.099173,9.835661,0</coordinates></Point>
    </Placemark>
    <Placemark>
      <name>Hugub KK51</name>
      <styleUrl>#arch</styleUrl>
      <description><![CDATA[<div style="font:13px/1.45 Helvetica,Arial,sans-serif;max-width:400px"><table><tr><td style="padding:2px 10px 2px 0;vertical-align:top;white-space:nowrap"><b>Site</b></td><td style="padding:2px 0">Hugub KK51</td></tr><tr><td style="padding:2px 10px 2px 0;vertical-align:top;white-space:nowrap"><b>Country</b></td><td style="padding:2px 0">Ethiopia</td></tr><tr><td style="padding:2px 10px 2px 0;vertical-align:top;white-space:nowrap"><b>Entry type</b></td><td style="padding:2px 0">Archaeological</td></tr><tr><td style="padding:2px 10px 2px 0;vertical-align:top;white-space:nowrap"><b>Species attribution</b></td><td style="padding:2px 0">Unattributed</td></tr><tr><td style="padding:2px 10px 2px 0;vertical-align:top;white-space:nowrap"><b>Technology (interpreted)</b></td><td style="padding:2px 0">Acheulean</td></tr><tr><td style="padding:2px 10px 2px 0;vertical-align:top;white-space:nowrap"><b>Age</b></td><td style="padding:2px 0">600 - 500 ka</td></tr><tr><td style="padding:2px 10px 2px 0;vertical-align:top;white-space:nowrap"><b>Basis for date</b></td><td style="padding:2px 0">-</td></tr><tr><td style="padding:2px 10px 2px 0;vertical-align:top;white-space:nowrap"><b>Scope of entry</b></td><td style="padding:2px 0">Whole assemblage</td></tr><tr><td style="padding:2px 10px 2px 0;vertical-align:top;white-space:nowrap"><b>Technology described</b></td><td style="padding:2px 0">Whole assembladge</td></tr><tr><td style="padding:2px 10px 2px 0;vertical-align:top;white-space:nowrap"><b>Published source</b></td><td style="padding:2px 0">Gilbert et al. 2016</td></tr><tr><td style="padding:2px 10px 2px 0;vertical-align:top;white-space:nowrap"><b>Techniques recorded</b></td><td style="padding:2px 0">10 of 33</td></tr></table><p style="margin:10px 0 3px"><b>Procedural units present</b></p><p style="margin:0">Platform faceting, Hard hammer percussion, Support core with hand, Use of an anvil, Core rotation, Invasive flaking, Retouch, Backing, Notching, Bifacial retouch</p></div>]]></description>
      <ExtendedData>
        <Data name="Source"><value>Gilbert et al. 2016</value></Data>
        <Data name="Species"><value>Unattributed</value></Data>
        <Data name="Technology"><value>Acheulean</value></Data>
        <Data name="Country"><value>Ethiopia</value></Data>
        <Data name="Entry type"><value>Archaeological</value></Data>
        <Data name="KA young"><value>500</value></Data>
        <Data name="KA old"><value>600</value></Data>
        <Data name="Technique count"><value>10</value></Data>
        <Data name="Heat treatment"><value>0</value></Data>
        <Data name="Platform faceting"><value>1</value></Data>
        <Data name="Centripetal shaping"><value>0</value></Data>
        <Data name="Lateral shaping"><value>0</value></Data>
        <Data name="Distal shaping"><value>0</value></Data>
        <Data name="Back shaping"><value>0</value></Data>
        <Data name="Cresting"><value>0</value></Data>
        <Data name="Debordante shaping"><value>0</value></Data>
        <Data name="Overshot flaking"><value>0</value></Data>
        <Data name="Kombewa flaking"><value>0</value></Data>
        <Data name="Core tablet"><value>0</value></Data>
        <Data name="Abrasion"><value>0</value></Data>
        <Data name="Trimming platform overhang"><value>0</value></Data>
        <Data name="Hard hammer percussion"><value>1</value></Data>
        <Data name="Support core with hand"><value>1</value></Data>
        <Data name="Use of an anvil"><value>1</value></Data>
        <Data name="Core rotation"><value>1</value></Data>
        <Data name="Soft hammer percussion"><value>0</value></Data>
        <Data name="Indirect percussion"><value>0</value></Data>
        <Data name="Flaking through pressure"><value>0</value></Data>
        <Data name="Hammer dressing"><value>0</value></Data>
        <Data name="Invasive flaking"><value>1</value></Data>
        <Data name="Ochre use"><value>0</value></Data>
        <Data name="Asphalt use"><value>0</value></Data>
        <Data name="Retouch"><value>1</value></Data>
        <Data name="Backing"><value>1</value></Data>
        <Data name="Notching"><value>1</value></Data>
        <Data name="Burination"><value>0</value></Data>
        <Data name="Tanging"><value>0</value></Data>
        <Data name="Tranchet"><value>0</value></Data>
        <Data name="Bifacial retouch"><value>1</value></Data>
        <Data name="Invasive retouch"><value>0</value></Data>
        <Data name="Pressure flaked retouch"><value>0</value></Data>
      </ExtendedData>
      <Point><coordinates>40.095036,9.723068,0</coordinates></Point>
    </Placemark>
    <Placemark>
      <name>Porc epic</name>
      <styleUrl>#arch</styleUrl>
      <description><![CDATA[<div style="font:13px/1.45 Helvetica,Arial,sans-serif;max-width:400px"><table><tr><td style="padding:2px 10px 2px 0;vertical-align:top;white-space:nowrap"><b>Site</b></td><td style="padding:2px 0">Porc epic</td></tr><tr><td style="padding:2px 10px 2px 0;vertical-align:top;white-space:nowrap"><b>Country</b></td><td style="padding:2px 0">Ethiopia</td></tr><tr><td style="padding:2px 10px 2px 0;vertical-align:top;white-space:nowrap"><b>Entry type</b></td><td style="padding:2px 0">Archaeological</td></tr><tr><td style="padding:2px 10px 2px 0;vertical-align:top;white-space:nowrap"><b>Species attribution</b></td><td style="padding:2px 0">H. sapiens</td></tr><tr><td style="padding:2px 10px 2px 0;vertical-align:top;white-space:nowrap"><b>Technology (interpreted)</b></td><td style="padding:2px 0">Other</td></tr><tr><td style="padding:2px 10px 2px 0;vertical-align:top;white-space:nowrap"><b>Age</b></td><td style="padding:2px 0">80 - 60 ka</td></tr><tr><td style="padding:2px 10px 2px 0;vertical-align:top;white-space:nowrap"><b>Basis for date</b></td><td style="padding:2px 0">-</td></tr><tr><td style="padding:2px 10px 2px 0;vertical-align:top;white-space:nowrap"><b>Scope of entry</b></td><td style="padding:2px 0">Single sequence</td></tr><tr><td style="padding:2px 10px 2px 0;vertical-align:top;white-space:nowrap"><b>Technology described</b></td><td style="padding:2px 0">Bifacially retouched points that are unidirectionally flaked made on first scheme cores  that are centripetally prepared  (like Fig. 5.1) fig. 8.</td></tr><tr><td style="padding:2px 10px 2px 0;vertical-align:top;white-space:nowrap"><b>Published source</b></td><td style="padding:2px 0">Pleurdeau 2006</td></tr><tr><td style="padding:2px 10px 2px 0;vertical-align:top;white-space:nowrap"><b>Techniques recorded</b></td><td style="padding:2px 0">11 of 33</td></tr></table><p style="margin:10px 0 3px"><b>Procedural units present</b></p><p style="margin:0">Platform faceting, Centripetal shaping, Debordante shaping, Hard hammer percussion, Support core with hand, Core rotation, Soft hammer percussion, Invasive flaking, Tanging, Bifacial retouch, Invasive retouch</p></div>]]></description>
      <ExtendedData>
        <Data name="Source"><value>Pleurdeau 2006</value></Data>
        <Data name="Species"><value>H. sapiens</value></Data>
        <Data name="Technology"><value>Other</value></Data>
        <Data name="Country"><value>Ethiopia</value></Data>
        <Data name="Entry type"><value>Archaeological</value></Data>
        <Data name="KA young"><value>60</value></Data>
        <Data name="KA old"><value>80</value></Data>
        <Data name="Technique count"><value>11</value></Data>
        <Data name="Heat treatment"><value>0</value></Data>
        <Data name="Platform faceting"><value>1</value></Data>
        <Data name="Centripetal shaping"><value>1</value></Data>
        <Data name="Lateral shaping"><value>0</value></Data>
        <Data name="Distal shaping"><value>0</value></Data>
        <Data name="Back shaping"><value>0</value></Data>
        <Data name="Cresting"><value>0</value></Data>
        <Data name="Debordante shaping"><value>1</value></Data>
        <Data name="Overshot flaking"><value>0</value></Data>
        <Data name="Kombewa flaking"><value>0</value></Data>
        <Data name="Core tablet"><value>0</value></Data>
        <Data name="Abrasion"><value>0</value></Data>
        <Data name="Trimming platform overhang"><value>0</value></Data>
        <Data name="Hard hammer percussion"><value>1</value></Data>
        <Data name="Support core with hand"><value>1</value></Data>
        <Data name="Use of an anvil"><value>0</value></Data>
        <Data name="Core rotation"><value>1</value></Data>
        <Data name="Soft hammer percussion"><value>1</value></Data>
        <Data name="Indirect percussion"><value>0</value></Data>
        <Data name="Flaking through pressure"><value>0</value></Data>
        <Data name="Hammer dressing"><value>0</value></Data>
        <Data name="Invasive flaking"><value>1</value></Data>
        <Data name="Ochre use"><value>0</value></Data>
        <Data name="Asphalt use"><value>0</value></Data>
        <Data name="Retouch"><value>0</value></Data>
        <Data name="Backing"><value>0</value></Data>
        <Data name="Notching"><value>0</value></Data>
        <Data name="Burination"><value>0</value></Data>
        <Data name="Tanging"><value>1</value></Data>
        <Data name="Tranchet"><value>0</value></Data>
        <Data name="Bifacial retouch"><value>1</value></Data>
        <Data name="Invasive retouch"><value>1</value></Data>
        <Data name="Pressure flaked retouch"><value>0</value></Data>
      </ExtendedData>
      <Point><coordinates>41.901531,9.509334,0</coordinates></Point>
    </Placemark>
    <Placemark>
      <name>Porc epic</name>
      <styleUrl>#arch</styleUrl>
      <description><![CDATA[<div style="font:13px/1.45 Helvetica,Arial,sans-serif;max-width:400px"><table><tr><td style="padding:2px 10px 2px 0;vertical-align:top;white-space:nowrap"><b>Site</b></td><td style="padding:2px 0">Porc epic</td></tr><tr><td style="padding:2px 10px 2px 0;vertical-align:top;white-space:nowrap"><b>Country</b></td><td style="padding:2px 0">Ethiopia</td></tr><tr><td style="padding:2px 10px 2px 0;vertical-align:top;white-space:nowrap"><b>Entry type</b></td><td style="padding:2px 0">Archaeological</td></tr><tr><td style="padding:2px 10px 2px 0;vertical-align:top;white-space:nowrap"><b>Species attribution</b></td><td style="padding:2px 0">H. sapiens</td></tr><tr><td style="padding:2px 10px 2px 0;vertical-align:top;white-space:nowrap"><b>Technology (interpreted)</b></td><td style="padding:2px 0">Other</td></tr><tr><td style="padding:2px 10px 2px 0;vertical-align:top;white-space:nowrap"><b>Age</b></td><td style="padding:2px 0">80 - 60 ka</td></tr><tr><td style="padding:2px 10px 2px 0;vertical-align:top;white-space:nowrap"><b>Basis for date</b></td><td style="padding:2px 0">-</td></tr><tr><td style="padding:2px 10px 2px 0;vertical-align:top;white-space:nowrap"><b>Scope of entry</b></td><td style="padding:2px 0">Single sequence</td></tr><tr><td style="padding:2px 10px 2px 0;vertical-align:top;white-space:nowrap"><b>Technology described</b></td><td style="padding:2px 0">Scheme 4 blade production where core is prepped with crested blades. Blanks are from bidirectional reduction. Those blanks are backed to form backed pieces.</td></tr><tr><td style="padding:2px 10px 2px 0;vertical-align:top;white-space:nowrap"><b>Published source</b></td><td style="padding:2px 0">Pleurdeau 2006</td></tr><tr><td style="padding:2px 10px 2px 0;vertical-align:top;white-space:nowrap"><b>Techniques recorded</b></td><td style="padding:2px 0">9 of 33</td></tr></table><p style="margin:10px 0 3px"><b>Procedural units present</b></p><p style="margin:0">Distal shaping, Cresting, Debordante shaping, Hard hammer percussion, Support core with hand, Core rotation, Invasive flaking, Retouch, Backing</p></div>]]></description>
      <ExtendedData>
        <Data name="Source"><value>Pleurdeau 2006</value></Data>
        <Data name="Species"><value>H. sapiens</value></Data>
        <Data name="Technology"><value>Other</value></Data>
        <Data name="Country"><value>Ethiopia</value></Data>
        <Data name="Entry type"><value>Archaeological</value></Data>
        <Data name="KA young"><value>60</value></Data>
        <Data name="KA old"><value>80</value></Data>
        <Data name="Technique count"><value>9</value></Data>
        <Data name="Heat treatment"><value>0</value></Data>
        <Data name="Platform faceting"><value>0</value></Data>
        <Data name="Centripetal shaping"><value>0</value></Data>
        <Data name="Lateral shaping"><value>0</value></Data>
        <Data name="Distal shaping"><value>1</value></Data>
        <Data name="Back shaping"><value>0</value></Data>
        <Data name="Cresting"><value>1</value></Data>
        <Data name="Debordante shaping"><value>1</value></Data>
        <Data name="Overshot flaking"><value>0</value></Data>
        <Data name="Kombewa flaking"><value>0</value></Data>
        <Data name="Core tablet"><value>0</value></Data>
        <Data name="Abrasion"><value>0</value></Data>
        <Data name="Trimming platform overhang"><value>0</value></Data>
        <Data name="Hard hammer percussion"><value>1</value></Data>
        <Data name="Support core with hand"><value>1</value></Data>
        <Data name="Use of an anvil"><value>0</value></Data>
        <Data name="Core rotation"><value>1</value></Data>
        <Data name="Soft hammer percussion"><value>0</value></Data>
        <Data name="Indirect percussion"><value>0</value></Data>
        <Data name="Flaking through pressure"><value>0</value></Data>
        <Data name="Hammer dressing"><value>0</value></Data>
        <Data name="Invasive flaking"><value>1</value></Data>
        <Data name="Ochre use"><value>0</value></Data>
        <Data name="Asphalt use"><value>0</value></Data>
        <Data name="Retouch"><value>1</value></Data>
        <Data name="Backing"><value>1</value></Data>
        <Data name="Notching"><value>0</value></Data>
        <Data name="Burination"><value>0</value></Data>
        <Data name="Tanging"><value>0</value></Data>
        <Data name="Tranchet"><value>0</value></Data>
        <Data name="Bifacial retouch"><value>0</value></Data>
        <Data name="Invasive retouch"><value>0</value></Data>
        <Data name="Pressure flaked retouch"><value>0</value></Data>
      </ExtendedData>
      <Point><coordinates>41.874222,9.532263,0</coordinates></Point>
    </Placemark>
    <Placemark>
      <name>Porc epic</name>
      <styleUrl>#arch</styleUrl>
      <description><![CDATA[<div style="font:13px/1.45 Helvetica,Arial,sans-serif;max-width:400px"><table><tr><td style="padding:2px 10px 2px 0;vertical-align:top;white-space:nowrap"><b>Site</b></td><td style="padding:2px 0">Porc epic</td></tr><tr><td style="padding:2px 10px 2px 0;vertical-align:top;white-space:nowrap"><b>Country</b></td><td style="padding:2px 0">Ethiopia</td></tr><tr><td style="padding:2px 10px 2px 0;vertical-align:top;white-space:nowrap"><b>Entry type</b></td><td style="padding:2px 0">Archaeological</td></tr><tr><td style="padding:2px 10px 2px 0;vertical-align:top;white-space:nowrap"><b>Species attribution</b></td><td style="padding:2px 0">H. sapiens</td></tr><tr><td style="padding:2px 10px 2px 0;vertical-align:top;white-space:nowrap"><b>Technology (interpreted)</b></td><td style="padding:2px 0">Other</td></tr><tr><td style="padding:2px 10px 2px 0;vertical-align:top;white-space:nowrap"><b>Age</b></td><td style="padding:2px 0">80 - 60 ka</td></tr><tr><td style="padding:2px 10px 2px 0;vertical-align:top;white-space:nowrap"><b>Basis for date</b></td><td style="padding:2px 0">-</td></tr><tr><td style="padding:2px 10px 2px 0;vertical-align:top;white-space:nowrap"><b>Scope of entry</b></td><td style="padding:2px 0">Whole assemblage</td></tr><tr><td style="padding:2px 10px 2px 0;vertical-align:top;white-space:nowrap"><b>Technology described</b></td><td style="padding:2px 0">whole assemblage</td></tr><tr><td style="padding:2px 10px 2px 0;vertical-align:top;white-space:nowrap"><b>Published source</b></td><td style="padding:2px 0">Pleurdeau 2006</td></tr><tr><td style="padding:2px 10px 2px 0;vertical-align:top;white-space:nowrap"><b>Techniques recorded</b></td><td style="padding:2px 0">16 of 33</td></tr></table><p style="margin:10px 0 3px"><b>Procedural units present</b></p><p style="margin:0">Platform faceting, Centripetal shaping, Distal shaping, Cresting, Debordante shaping, Hard hammer percussion, Support core with hand, Core rotation, Soft hammer percussion, Invasive flaking, Retouch, Backing, Notching, Tanging, Bifacial retouch, Invasive retouch</p></div>]]></description>
      <ExtendedData>
        <Data name="Source"><value>Pleurdeau 2006</value></Data>
        <Data name="Species"><value>H. sapiens</value></Data>
        <Data name="Technology"><value>Other</value></Data>
        <Data name="Country"><value>Ethiopia</value></Data>
        <Data name="Entry type"><value>Archaeological</value></Data>
        <Data name="KA young"><value>60</value></Data>
        <Data name="KA old"><value>80</value></Data>
        <Data name="Technique count"><value>16</value></Data>
        <Data name="Heat treatment"><value>0</value></Data>
        <Data name="Platform faceting"><value>1</value></Data>
        <Data name="Centripetal shaping"><value>1</value></Data>
        <Data name="Lateral shaping"><value>0</value></Data>
        <Data name="Distal shaping"><value>1</value></Data>
        <Data name="Back shaping"><value>0</value></Data>
        <Data name="Cresting"><value>1</value></Data>
        <Data name="Debordante shaping"><value>1</value></Data>
        <Data name="Overshot flaking"><value>0</value></Data>
        <Data name="Kombewa flaking"><value>0</value></Data>
        <Data name="Core tablet"><value>0</value></Data>
        <Data name="Abrasion"><value>0</value></Data>
        <Data name="Trimming platform overhang"><value>0</value></Data>
        <Data name="Hard hammer percussion"><value>1</value></Data>
        <Data name="Support core with hand"><value>1</value></Data>
        <Data name="Use of an anvil"><value>0</value></Data>
        <Data name="Core rotation"><value>1</value></Data>
        <Data name="Soft hammer percussion"><value>1</value></Data>
        <Data name="Indirect percussion"><value>0</value></Data>
        <Data name="Flaking through pressure"><value>0</value></Data>
        <Data name="Hammer dressing"><value>0</value></Data>
        <Data name="Invasive flaking"><value>1</value></Data>
        <Data name="Ochre use"><value>0</value></Data>
        <Data name="Asphalt use"><value>0</value></Data>
        <Data name="Retouch"><value>1</value></Data>
        <Data name="Backing"><value>1</value></Data>
        <Data name="Notching"><value>1</value></Data>
        <Data name="Burination"><value>0</value></Data>
        <Data name="Tanging"><value>1</value></Data>
        <Data name="Tranchet"><value>0</value></Data>
        <Data name="Bifacial retouch"><value>1</value></Data>
        <Data name="Invasive retouch"><value>1</value></Data>
        <Data name="Pressure flaked retouch"><value>0</value></Data>
      </ExtendedData>
      <Point><coordinates>41.881811,9.493042,0</coordinates></Point>
    </Placemark>
    </Folder>
    <Folder><name>Finland (2)</name><open>0</open>
    <Placemark>
      <name>Sujula</name>
      <styleUrl>#arch</styleUrl>
      <description><![CDATA[<div style="font:13px/1.45 Helvetica,Arial,sans-serif;max-width:400px"><table><tr><td style="padding:2px 10px 2px 0;vertical-align:top;white-space:nowrap"><b>Site</b></td><td style="padding:2px 0">Sujula</td></tr><tr><td style="padding:2px 10px 2px 0;vertical-align:top;white-space:nowrap"><b>Country</b></td><td style="padding:2px 0">Finland</td></tr><tr><td style="padding:2px 10px 2px 0;vertical-align:top;white-space:nowrap"><b>Entry type</b></td><td style="padding:2px 0">Archaeological</td></tr><tr><td style="padding:2px 10px 2px 0;vertical-align:top;white-space:nowrap"><b>Species attribution</b></td><td style="padding:2px 0">H. sapiens</td></tr><tr><td style="padding:2px 10px 2px 0;vertical-align:top;white-space:nowrap"><b>Technology (interpreted)</b></td><td style="padding:2px 0">Other</td></tr><tr><td style="padding:2px 10px 2px 0;vertical-align:top;white-space:nowrap"><b>Age</b></td><td style="padding:2px 0">10 - 9.7 ka</td></tr><tr><td style="padding:2px 10px 2px 0;vertical-align:top;white-space:nowrap"><b>Basis for date</b></td><td style="padding:2px 0">-</td></tr><tr><td style="padding:2px 10px 2px 0;vertical-align:top;white-space:nowrap"><b>Scope of entry</b></td><td style="padding:2px 0">Single sequence</td></tr><tr><td style="padding:2px 10px 2px 0;vertical-align:top;white-space:nowrap"><b>Technology described</b></td><td style="padding:2px 0">Blade manufacture on carefully prepared blade cores bifacial crest no debordantes mentioned. abrasion and microchipping (described as core edge trimming flakes) of platform are nearly universal. NO flake tech here. core tablets and distal convexity management are common. RT coded as pieces with backing and burination.</td></tr><tr><td style="padding:2px 10px 2px 0;vertical-align:top;white-space:nowrap"><b>Published source</b></td><td style="padding:2px 0">Rankama and Kankaanpaa 2011</td></tr><tr><td style="padding:2px 10px 2px 0;vertical-align:top;white-space:nowrap"><b>Techniques recorded</b></td><td style="padding:2px 0">19 of 33</td></tr></table><p style="margin:10px 0 3px"><b>Procedural units present</b></p><p style="margin:0">Platform faceting, Distal shaping, Back shaping, Cresting, Overshot flaking, Core tablet, Abrasion, Trimming platform overhang, Hard hammer percussion, Support core with hand, Use of an anvil, Core rotation, Indirect percussion, Flaking through pressure, Invasive flaking, Retouch, Backing, Burination, Invasive retouch</p></div>]]></description>
      <ExtendedData>
        <Data name="Source"><value>Rankama and Kankaanpaa 2011</value></Data>
        <Data name="Species"><value>H. sapiens</value></Data>
        <Data name="Technology"><value>Other</value></Data>
        <Data name="Country"><value>Finland</value></Data>
        <Data name="Entry type"><value>Archaeological</value></Data>
        <Data name="KA young"><value>9.7</value></Data>
        <Data name="KA old"><value>10.5</value></Data>
        <Data name="Technique count"><value>19</value></Data>
        <Data name="Heat treatment"><value>0</value></Data>
        <Data name="Platform faceting"><value>1</value></Data>
        <Data name="Centripetal shaping"><value>0</value></Data>
        <Data name="Lateral shaping"><value>0</value></Data>
        <Data name="Distal shaping"><value>1</value></Data>
        <Data name="Back shaping"><value>1</value></Data>
        <Data name="Cresting"><value>1</value></Data>
        <Data name="Debordante shaping"><value>0</value></Data>
        <Data name="Overshot flaking"><value>1</value></Data>
        <Data name="Kombewa flaking"><value>0</value></Data>
        <Data name="Core tablet"><value>1</value></Data>
        <Data name="Abrasion"><value>1</value></Data>
        <Data name="Trimming platform overhang"><value>1</value></Data>
        <Data name="Hard hammer percussion"><value>1</value></Data>
        <Data name="Support core with hand"><value>1</value></Data>
        <Data name="Use of an anvil"><value>1</value></Data>
        <Data name="Core rotation"><value>1</value></Data>
        <Data name="Soft hammer percussion"><value>0</value></Data>
        <Data name="Indirect percussion"><value>1</value></Data>
        <Data name="Flaking through pressure"><value>1</value></Data>
        <Data name="Hammer dressing"><value>0</value></Data>
        <Data name="Invasive flaking"><value>1</value></Data>
        <Data name="Ochre use"><value>0</value></Data>
        <Data name="Asphalt use"><value>0</value></Data>
        <Data name="Retouch"><value>1</value></Data>
        <Data name="Backing"><value>1</value></Data>
        <Data name="Notching"><value>0</value></Data>
        <Data name="Burination"><value>1</value></Data>
        <Data name="Tanging"><value>0</value></Data>
        <Data name="Tranchet"><value>0</value></Data>
        <Data name="Bifacial retouch"><value>0</value></Data>
        <Data name="Invasive retouch"><value>1</value></Data>
        <Data name="Pressure flaked retouch"><value>0</value></Data>
      </ExtendedData>
      <Point><coordinates>27.291296,69.871147,0</coordinates></Point>
    </Placemark>
    <Placemark>
      <name>Sujula</name>
      <styleUrl>#arch</styleUrl>
      <description><![CDATA[<div style="font:13px/1.45 Helvetica,Arial,sans-serif;max-width:400px"><table><tr><td style="padding:2px 10px 2px 0;vertical-align:top;white-space:nowrap"><b>Site</b></td><td style="padding:2px 0">Sujula</td></tr><tr><td style="padding:2px 10px 2px 0;vertical-align:top;white-space:nowrap"><b>Country</b></td><td style="padding:2px 0">Finland</td></tr><tr><td style="padding:2px 10px 2px 0;vertical-align:top;white-space:nowrap"><b>Entry type</b></td><td style="padding:2px 0">Archaeological</td></tr><tr><td style="padding:2px 10px 2px 0;vertical-align:top;white-space:nowrap"><b>Species attribution</b></td><td style="padding:2px 0">H. sapiens</td></tr><tr><td style="padding:2px 10px 2px 0;vertical-align:top;white-space:nowrap"><b>Technology (interpreted)</b></td><td style="padding:2px 0">Other</td></tr><tr><td style="padding:2px 10px 2px 0;vertical-align:top;white-space:nowrap"><b>Age</b></td><td style="padding:2px 0">10 - 9.7 ka</td></tr><tr><td style="padding:2px 10px 2px 0;vertical-align:top;white-space:nowrap"><b>Basis for date</b></td><td style="padding:2px 0">-</td></tr><tr><td style="padding:2px 10px 2px 0;vertical-align:top;white-space:nowrap"><b>Scope of entry</b></td><td style="padding:2px 0">Whole assemblage</td></tr><tr><td style="padding:2px 10px 2px 0;vertical-align:top;white-space:nowrap"><b>Technology described</b></td><td style="padding:2px 0">Whole assemblage. Blade manufacture on carefully prepared blade cores bifacial crest no debordantes mentioned. abrasion and microchipping (described as core edge trimming flakes) of platform are nearly universal. NO flake tech here. core tablets and distal convexity management are common.</td></tr><tr><td style="padding:2px 10px 2px 0;vertical-align:top;white-space:nowrap"><b>Published source</b></td><td style="padding:2px 0">Rankama and Kankaanpaa 2011</td></tr><tr><td style="padding:2px 10px 2px 0;vertical-align:top;white-space:nowrap"><b>Techniques recorded</b></td><td style="padding:2px 0">20 of 33</td></tr></table><p style="margin:10px 0 3px"><b>Procedural units present</b></p><p style="margin:0">Platform faceting, Distal shaping, Back shaping, Cresting, Overshot flaking, Core tablet, Abrasion, Trimming platform overhang, Hard hammer percussion, Support core with hand, Use of an anvil, Core rotation, Indirect percussion, Flaking through pressure, Invasive flaking, Retouch, Backing, Burination, Bifacial retouch, Invasive retouch</p></div>]]></description>
      <ExtendedData>
        <Data name="Source"><value>Rankama and Kankaanpaa 2011</value></Data>
        <Data name="Species"><value>H. sapiens</value></Data>
        <Data name="Technology"><value>Other</value></Data>
        <Data name="Country"><value>Finland</value></Data>
        <Data name="Entry type"><value>Archaeological</value></Data>
        <Data name="KA young"><value>9.7</value></Data>
        <Data name="KA old"><value>10.5</value></Data>
        <Data name="Technique count"><value>20</value></Data>
        <Data name="Heat treatment"><value>0</value></Data>
        <Data name="Platform faceting"><value>1</value></Data>
        <Data name="Centripetal shaping"><value>0</value></Data>
        <Data name="Lateral shaping"><value>0</value></Data>
        <Data name="Distal shaping"><value>1</value></Data>
        <Data name="Back shaping"><value>1</value></Data>
        <Data name="Cresting"><value>1</value></Data>
        <Data name="Debordante shaping"><value>0</value></Data>
        <Data name="Overshot flaking"><value>1</value></Data>
        <Data name="Kombewa flaking"><value>0</value></Data>
        <Data name="Core tablet"><value>1</value></Data>
        <Data name="Abrasion"><value>1</value></Data>
        <Data name="Trimming platform overhang"><value>1</value></Data>
        <Data name="Hard hammer percussion"><value>1</value></Data>
        <Data name="Support core with hand"><value>1</value></Data>
        <Data name="Use of an anvil"><value>1</value></Data>
        <Data name="Core rotation"><value>1</value></Data>
        <Data name="Soft hammer percussion"><value>0</value></Data>
        <Data name="Indirect percussion"><value>1</value></Data>
        <Data name="Flaking through pressure"><value>1</value></Data>
        <Data name="Hammer dressing"><value>0</value></Data>
        <Data name="Invasive flaking"><value>1</value></Data>
        <Data name="Ochre use"><value>0</value></Data>
        <Data name="Asphalt use"><value>0</value></Data>
        <Data name="Retouch"><value>1</value></Data>
        <Data name="Backing"><value>1</value></Data>
        <Data name="Notching"><value>0</value></Data>
        <Data name="Burination"><value>1</value></Data>
        <Data name="Tanging"><value>0</value></Data>
        <Data name="Tranchet"><value>0</value></Data>
        <Data name="Bifacial retouch"><value>1</value></Data>
        <Data name="Invasive retouch"><value>1</value></Data>
        <Data name="Pressure flaked retouch"><value>0</value></Data>
      </ExtendedData>
      <Point><coordinates>27.299905,69.721419,0</coordinates></Point>
    </Placemark>
    </Folder>
    <Folder><name>France (5)</name><open>0</open>
    <Placemark>
      <name>Champ Grande</name>
      <styleUrl>#arch</styleUrl>
      <description><![CDATA[<div style="font:13px/1.45 Helvetica,Arial,sans-serif;max-width:400px"><table><tr><td style="padding:2px 10px 2px 0;vertical-align:top;white-space:nowrap"><b>Site</b></td><td style="padding:2px 0">Champ Grande</td></tr><tr><td style="padding:2px 10px 2px 0;vertical-align:top;white-space:nowrap"><b>Country</b></td><td style="padding:2px 0">France</td></tr><tr><td style="padding:2px 10px 2px 0;vertical-align:top;white-space:nowrap"><b>Entry type</b></td><td style="padding:2px 0">Archaeological</td></tr><tr><td style="padding:2px 10px 2px 0;vertical-align:top;white-space:nowrap"><b>Species attribution</b></td><td style="padding:2px 0">H. neanderthalensis</td></tr><tr><td style="padding:2px 10px 2px 0;vertical-align:top;white-space:nowrap"><b>Technology (interpreted)</b></td><td style="padding:2px 0">Other</td></tr><tr><td style="padding:2px 10px 2px 0;vertical-align:top;white-space:nowrap"><b>Age</b></td><td style="padding:2px 0">71 - 50 ka</td></tr><tr><td style="padding:2px 10px 2px 0;vertical-align:top;white-space:nowrap"><b>Basis for date</b></td><td style="padding:2px 0">Slimak pers. comm. According to geological analyis.</td></tr><tr><td style="padding:2px 10px 2px 0;vertical-align:top;white-space:nowrap"><b>Scope of entry</b></td><td style="padding:2px 0">Single sequence</td></tr><tr><td style="padding:2px 10px 2px 0;vertical-align:top;white-space:nowrap"><b>Technology described</b></td><td style="padding:2px 0">Blades relying on initial shape of cobble with natural dihedral corner. shaping is slight some cresting to form corner better. Examples in fig. 8. 2 3 4. facetting performed. some bipolar percussion Slimak suggests is used to maintain distal convexity. Cautious in describing tablets as present. So no tablets. Soft hammer seems maybe but they don't say for sure present as far as I can tell.</td></tr><tr><td style="padding:2px 10px 2px 0;vertical-align:top;white-space:nowrap"><b>Published source</b></td><td style="padding:2px 0">Slimak 1999</td></tr><tr><td style="padding:2px 10px 2px 0;vertical-align:top;white-space:nowrap"><b>Techniques recorded</b></td><td style="padding:2px 0">10 of 33</td></tr></table><p style="margin:10px 0 3px"><b>Procedural units present</b></p><p style="margin:0">Platform faceting, Distal shaping, Cresting, Hard hammer percussion, Support core with hand, Core rotation, Soft hammer percussion, Invasive flaking, Retouch, Burination</p></div>]]></description>
      <ExtendedData>
        <Data name="Source"><value>Slimak 1999</value></Data>
        <Data name="Species"><value>H. neanderthalensis</value></Data>
        <Data name="Technology"><value>Other</value></Data>
        <Data name="Country"><value>France</value></Data>
        <Data name="Entry type"><value>Archaeological</value></Data>
        <Data name="KA young"><value>50</value></Data>
        <Data name="KA old"><value>71</value></Data>
        <Data name="Technique count"><value>10</value></Data>
        <Data name="Heat treatment"><value>0</value></Data>
        <Data name="Platform faceting"><value>1</value></Data>
        <Data name="Centripetal shaping"><value>0</value></Data>
        <Data name="Lateral shaping"><value>0</value></Data>
        <Data name="Distal shaping"><value>1</value></Data>
        <Data name="Back shaping"><value>0</value></Data>
        <Data name="Cresting"><value>1</value></Data>
        <Data name="Debordante shaping"><value>0</value></Data>
        <Data name="Overshot flaking"><value>0</value></Data>
        <Data name="Kombewa flaking"><value>0</value></Data>
        <Data name="Core tablet"><value>0</value></Data>
        <Data name="Abrasion"><value>0</value></Data>
        <Data name="Trimming platform overhang"><value>0</value></Data>
        <Data name="Hard hammer percussion"><value>1</value></Data>
        <Data name="Support core with hand"><value>1</value></Data>
        <Data name="Use of an anvil"><value>0</value></Data>
        <Data name="Core rotation"><value>1</value></Data>
        <Data name="Soft hammer percussion"><value>1</value></Data>
        <Data name="Indirect percussion"><value>0</value></Data>
        <Data name="Flaking through pressure"><value>0</value></Data>
        <Data name="Hammer dressing"><value>0</value></Data>
        <Data name="Invasive flaking"><value>1</value></Data>
        <Data name="Ochre use"><value>0</value></Data>
        <Data name="Asphalt use"><value>0</value></Data>
        <Data name="Retouch"><value>1</value></Data>
        <Data name="Backing"><value>0</value></Data>
        <Data name="Notching"><value>0</value></Data>
        <Data name="Burination"><value>1</value></Data>
        <Data name="Tanging"><value>0</value></Data>
        <Data name="Tranchet"><value>0</value></Data>
        <Data name="Bifacial retouch"><value>0</value></Data>
        <Data name="Invasive retouch"><value>0</value></Data>
        <Data name="Pressure flaked retouch"><value>0</value></Data>
      </ExtendedData>
      <Point><coordinates>4.035602,45.927759,0</coordinates></Point>
    </Placemark>
    <Placemark>
      <name>Champ Grande</name>
      <styleUrl>#arch</styleUrl>
      <description><![CDATA[<div style="font:13px/1.45 Helvetica,Arial,sans-serif;max-width:400px"><table><tr><td style="padding:2px 10px 2px 0;vertical-align:top;white-space:nowrap"><b>Site</b></td><td style="padding:2px 0">Champ Grande</td></tr><tr><td style="padding:2px 10px 2px 0;vertical-align:top;white-space:nowrap"><b>Country</b></td><td style="padding:2px 0">France</td></tr><tr><td style="padding:2px 10px 2px 0;vertical-align:top;white-space:nowrap"><b>Entry type</b></td><td style="padding:2px 0">Archaeological</td></tr><tr><td style="padding:2px 10px 2px 0;vertical-align:top;white-space:nowrap"><b>Species attribution</b></td><td style="padding:2px 0">H. neanderthalensis</td></tr><tr><td style="padding:2px 10px 2px 0;vertical-align:top;white-space:nowrap"><b>Technology (interpreted)</b></td><td style="padding:2px 0">Other</td></tr><tr><td style="padding:2px 10px 2px 0;vertical-align:top;white-space:nowrap"><b>Age</b></td><td style="padding:2px 0">71 - 50 ka</td></tr><tr><td style="padding:2px 10px 2px 0;vertical-align:top;white-space:nowrap"><b>Basis for date</b></td><td style="padding:2px 0">Slimak pers. comm. According to geological analyis.</td></tr><tr><td style="padding:2px 10px 2px 0;vertical-align:top;white-space:nowrap"><b>Scope of entry</b></td><td style="padding:2px 0">Whole assemblage</td></tr><tr><td style="padding:2px 10px 2px 0;vertical-align:top;white-space:nowrap"><b>Technology described</b></td><td style="padding:2px 0">Whole assemblage</td></tr><tr><td style="padding:2px 10px 2px 0;vertical-align:top;white-space:nowrap"><b>Published source</b></td><td style="padding:2px 0">Slimak 1999</td></tr><tr><td style="padding:2px 10px 2px 0;vertical-align:top;white-space:nowrap"><b>Techniques recorded</b></td><td style="padding:2px 0">13 of 33</td></tr></table><p style="margin:10px 0 3px"><b>Procedural units present</b></p><p style="margin:0">Platform faceting, Distal shaping, Cresting, Trimming platform overhang, Hard hammer percussion, Support core with hand, Core rotation, Soft hammer percussion, Invasive flaking, Retouch, Backing, Notching, Burination</p></div>]]></description>
      <ExtendedData>
        <Data name="Source"><value>Slimak 1999</value></Data>
        <Data name="Species"><value>H. neanderthalensis</value></Data>
        <Data name="Technology"><value>Other</value></Data>
        <Data name="Country"><value>France</value></Data>
        <Data name="Entry type"><value>Archaeological</value></Data>
        <Data name="KA young"><value>50</value></Data>
        <Data name="KA old"><value>71</value></Data>
        <Data name="Technique count"><value>13</value></Data>
        <Data name="Heat treatment"><value>0</value></Data>
        <Data name="Platform faceting"><value>1</value></Data>
        <Data name="Centripetal shaping"><value>0</value></Data>
        <Data name="Lateral shaping"><value>0</value></Data>
        <Data name="Distal shaping"><value>1</value></Data>
        <Data name="Back shaping"><value>0</value></Data>
        <Data name="Cresting"><value>1</value></Data>
        <Data name="Debordante shaping"><value>0</value></Data>
        <Data name="Overshot flaking"><value>0</value></Data>
        <Data name="Kombewa flaking"><value>0</value></Data>
        <Data name="Core tablet"><value>0</value></Data>
        <Data name="Abrasion"><value>0</value></Data>
        <Data name="Trimming platform overhang"><value>1</value></Data>
        <Data name="Hard hammer percussion"><value>1</value></Data>
        <Data name="Support core with hand"><value>1</value></Data>
        <Data name="Use of an anvil"><value>0</value></Data>
        <Data name="Core rotation"><value>1</value></Data>
        <Data name="Soft hammer percussion"><value>1</value></Data>
        <Data name="Indirect percussion"><value>0</value></Data>
        <Data name="Flaking through pressure"><value>0</value></Data>
        <Data name="Hammer dressing"><value>0</value></Data>
        <Data name="Invasive flaking"><value>1</value></Data>
        <Data name="Ochre use"><value>0</value></Data>
        <Data name="Asphalt use"><value>0</value></Data>
        <Data name="Retouch"><value>1</value></Data>
        <Data name="Backing"><value>1</value></Data>
        <Data name="Notching"><value>1</value></Data>
        <Data name="Burination"><value>1</value></Data>
        <Data name="Tanging"><value>0</value></Data>
        <Data name="Tranchet"><value>0</value></Data>
        <Data name="Bifacial retouch"><value>0</value></Data>
        <Data name="Invasive retouch"><value>0</value></Data>
        <Data name="Pressure flaked retouch"><value>0</value></Data>
      </ExtendedData>
      <Point><coordinates>4.070769,45.969033,0</coordinates></Point>
    </Placemark>
    <Placemark>
      <name>La Farressie</name>
      <styleUrl>#arch</styleUrl>
      <description><![CDATA[<div style="font:13px/1.45 Helvetica,Arial,sans-serif;max-width:400px"><table><tr><td style="padding:2px 10px 2px 0;vertical-align:top;white-space:nowrap"><b>Site</b></td><td style="padding:2px 0">La Farressie</td></tr><tr><td style="padding:2px 10px 2px 0;vertical-align:top;white-space:nowrap"><b>Country</b></td><td style="padding:2px 0">France</td></tr><tr><td style="padding:2px 10px 2px 0;vertical-align:top;white-space:nowrap"><b>Entry type</b></td><td style="padding:2px 0">Archaeological</td></tr><tr><td style="padding:2px 10px 2px 0;vertical-align:top;white-space:nowrap"><b>Species attribution</b></td><td style="padding:2px 0">H. sapiens</td></tr><tr><td style="padding:2px 10px 2px 0;vertical-align:top;white-space:nowrap"><b>Technology (interpreted)</b></td><td style="padding:2px 0">Other</td></tr><tr><td style="padding:2px 10px 2px 0;vertical-align:top;white-space:nowrap"><b>Age</b></td><td style="padding:2px 0">29 - 27 ka</td></tr><tr><td style="padding:2px 10px 2px 0;vertical-align:top;white-space:nowrap"><b>Basis for date</b></td><td style="padding:2px 0">-</td></tr><tr><td style="padding:2px 10px 2px 0;vertical-align:top;white-space:nowrap"><b>Scope of entry</b></td><td style="padding:2px 0">Single sequence</td></tr><tr><td style="padding:2px 10px 2px 0;vertical-align:top;white-space:nowrap"><b>Technology described</b></td><td style="padding:2px 0">Bladelet production on a blade whose face is shaped and is invasively flaked. Figure 3. Vachons burin production method. The initial steps of the blade core production are not fully described the platforms are described as well prepared but not specified about whether this involves facetting abrasion. Cresting is present in early stages but in lateral form.</td></tr><tr><td style="padding:2px 10px 2px 0;vertical-align:top;white-space:nowrap"><b>Published source</b></td><td style="padding:2px 0">Chazan 2001a</td></tr><tr><td style="padding:2px 10px 2px 0;vertical-align:top;white-space:nowrap"><b>Techniques recorded</b></td><td style="padding:2px 0">12 of 33</td></tr></table><p style="margin:10px 0 3px"><b>Procedural units present</b></p><p style="margin:0">Distal shaping, Cresting, Hard hammer percussion, Support core with hand, Core rotation, Soft hammer percussion, Invasive flaking, Retouch, Backing, Notching, Burination, Invasive retouch</p></div>]]></description>
      <ExtendedData>
        <Data name="Source"><value>Chazan 2001a</value></Data>
        <Data name="Species"><value>H. sapiens</value></Data>
        <Data name="Technology"><value>Other</value></Data>
        <Data name="Country"><value>France</value></Data>
        <Data name="Entry type"><value>Archaeological</value></Data>
        <Data name="KA young"><value>26.7</value></Data>
        <Data name="KA old"><value>28.7</value></Data>
        <Data name="Technique count"><value>12</value></Data>
        <Data name="Heat treatment"><value>0</value></Data>
        <Data name="Platform faceting"><value>0</value></Data>
        <Data name="Centripetal shaping"><value>0</value></Data>
        <Data name="Lateral shaping"><value>0</value></Data>
        <Data name="Distal shaping"><value>1</value></Data>
        <Data name="Back shaping"><value>0</value></Data>
        <Data name="Cresting"><value>1</value></Data>
        <Data name="Debordante shaping"><value>0</value></Data>
        <Data name="Overshot flaking"><value>0</value></Data>
        <Data name="Kombewa flaking"><value>0</value></Data>
        <Data name="Core tablet"><value>0</value></Data>
        <Data name="Abrasion"><value>0</value></Data>
        <Data name="Trimming platform overhang"><value>0</value></Data>
        <Data name="Hard hammer percussion"><value>1</value></Data>
        <Data name="Support core with hand"><value>1</value></Data>
        <Data name="Use of an anvil"><value>0</value></Data>
        <Data name="Core rotation"><value>1</value></Data>
        <Data name="Soft hammer percussion"><value>1</value></Data>
        <Data name="Indirect percussion"><value>0</value></Data>
        <Data name="Flaking through pressure"><value>0</value></Data>
        <Data name="Hammer dressing"><value>0</value></Data>
        <Data name="Invasive flaking"><value>1</value></Data>
        <Data name="Ochre use"><value>0</value></Data>
        <Data name="Asphalt use"><value>0</value></Data>
        <Data name="Retouch"><value>1</value></Data>
        <Data name="Backing"><value>1</value></Data>
        <Data name="Notching"><value>1</value></Data>
        <Data name="Burination"><value>1</value></Data>
        <Data name="Tanging"><value>0</value></Data>
        <Data name="Tranchet"><value>0</value></Data>
        <Data name="Bifacial retouch"><value>0</value></Data>
        <Data name="Invasive retouch"><value>1</value></Data>
        <Data name="Pressure flaked retouch"><value>0</value></Data>
      </ExtendedData>
      <Point><coordinates>0.884402,44.879293,0</coordinates></Point>
    </Placemark>
    <Placemark>
      <name>Maitreaux</name>
      <styleUrl>#arch</styleUrl>
      <description><![CDATA[<div style="font:13px/1.45 Helvetica,Arial,sans-serif;max-width:400px"><table><tr><td style="padding:2px 10px 2px 0;vertical-align:top;white-space:nowrap"><b>Site</b></td><td style="padding:2px 0">Maitreaux</td></tr><tr><td style="padding:2px 10px 2px 0;vertical-align:top;white-space:nowrap"><b>Country</b></td><td style="padding:2px 0">France</td></tr><tr><td style="padding:2px 10px 2px 0;vertical-align:top;white-space:nowrap"><b>Entry type</b></td><td style="padding:2px 0">Archaeological</td></tr><tr><td style="padding:2px 10px 2px 0;vertical-align:top;white-space:nowrap"><b>Species attribution</b></td><td style="padding:2px 0">H. sapiens</td></tr><tr><td style="padding:2px 10px 2px 0;vertical-align:top;white-space:nowrap"><b>Technology (interpreted)</b></td><td style="padding:2px 0">Other</td></tr><tr><td style="padding:2px 10px 2px 0;vertical-align:top;white-space:nowrap"><b>Age</b></td><td style="padding:2px 0">21 - 19 ka</td></tr><tr><td style="padding:2px 10px 2px 0;vertical-align:top;white-space:nowrap"><b>Basis for date</b></td><td style="padding:2px 0">-</td></tr><tr><td style="padding:2px 10px 2px 0;vertical-align:top;white-space:nowrap"><b>Scope of entry</b></td><td style="padding:2px 0">Single sequence</td></tr><tr><td style="padding:2px 10px 2px 0;vertical-align:top;white-space:nowrap"><b>Technology described</b></td><td style="padding:2px 0">Solutrean points on cobble blanks</td></tr><tr><td style="padding:2px 10px 2px 0;vertical-align:top;white-space:nowrap"><b>Published source</b></td><td style="padding:2px 0">Aubrey et al. 2008</td></tr><tr><td style="padding:2px 10px 2px 0;vertical-align:top;white-space:nowrap"><b>Techniques recorded</b></td><td style="padding:2px 0">14 of 33</td></tr></table><p style="margin:10px 0 3px"><b>Procedural units present</b></p><p style="margin:0">Platform faceting, Overshot flaking, Abrasion, Trimming platform overhang, Hard hammer percussion, Support core with hand, Core rotation, Soft hammer percussion, Flaking through pressure, Invasive flaking, Tanging, Bifacial retouch, Invasive retouch, Pressure flaked retouch</p></div>]]></description>
      <ExtendedData>
        <Data name="Source"><value>Aubrey et al. 2008</value></Data>
        <Data name="Species"><value>H. sapiens</value></Data>
        <Data name="Technology"><value>Other</value></Data>
        <Data name="Country"><value>France</value></Data>
        <Data name="Entry type"><value>Archaeological</value></Data>
        <Data name="KA young"><value>19</value></Data>
        <Data name="KA old"><value>21</value></Data>
        <Data name="Technique count"><value>14</value></Data>
        <Data name="Heat treatment"><value>0</value></Data>
        <Data name="Platform faceting"><value>1</value></Data>
        <Data name="Centripetal shaping"><value>0</value></Data>
        <Data name="Lateral shaping"><value>0</value></Data>
        <Data name="Distal shaping"><value>0</value></Data>
        <Data name="Back shaping"><value>0</value></Data>
        <Data name="Cresting"><value>0</value></Data>
        <Data name="Debordante shaping"><value>0</value></Data>
        <Data name="Overshot flaking"><value>1</value></Data>
        <Data name="Kombewa flaking"><value>0</value></Data>
        <Data name="Core tablet"><value>0</value></Data>
        <Data name="Abrasion"><value>1</value></Data>
        <Data name="Trimming platform overhang"><value>1</value></Data>
        <Data name="Hard hammer percussion"><value>1</value></Data>
        <Data name="Support core with hand"><value>1</value></Data>
        <Data name="Use of an anvil"><value>0</value></Data>
        <Data name="Core rotation"><value>1</value></Data>
        <Data name="Soft hammer percussion"><value>1</value></Data>
        <Data name="Indirect percussion"><value>0</value></Data>
        <Data name="Flaking through pressure"><value>1</value></Data>
        <Data name="Hammer dressing"><value>0</value></Data>
        <Data name="Invasive flaking"><value>1</value></Data>
        <Data name="Ochre use"><value>0</value></Data>
        <Data name="Asphalt use"><value>0</value></Data>
        <Data name="Retouch"><value>0</value></Data>
        <Data name="Backing"><value>0</value></Data>
        <Data name="Notching"><value>0</value></Data>
        <Data name="Burination"><value>0</value></Data>
        <Data name="Tanging"><value>1</value></Data>
        <Data name="Tranchet"><value>0</value></Data>
        <Data name="Bifacial retouch"><value>1</value></Data>
        <Data name="Invasive retouch"><value>1</value></Data>
        <Data name="Pressure flaked retouch"><value>1</value></Data>
      </ExtendedData>
      <Point><coordinates>0.936625,46.751147,0</coordinates></Point>
    </Placemark>
    <Placemark>
      <name>Quincay cave</name>
      <styleUrl>#arch</styleUrl>
      <description><![CDATA[<div style="font:13px/1.45 Helvetica,Arial,sans-serif;max-width:400px"><table><tr><td style="padding:2px 10px 2px 0;vertical-align:top;white-space:nowrap"><b>Site</b></td><td style="padding:2px 0">Quincay cave</td></tr><tr><td style="padding:2px 10px 2px 0;vertical-align:top;white-space:nowrap"><b>Country</b></td><td style="padding:2px 0">France</td></tr><tr><td style="padding:2px 10px 2px 0;vertical-align:top;white-space:nowrap"><b>Entry type</b></td><td style="padding:2px 0">Archaeological</td></tr><tr><td style="padding:2px 10px 2px 0;vertical-align:top;white-space:nowrap"><b>Species attribution</b></td><td style="padding:2px 0">H. neanderthalensis</td></tr><tr><td style="padding:2px 10px 2px 0;vertical-align:top;white-space:nowrap"><b>Technology (interpreted)</b></td><td style="padding:2px 0">Other</td></tr><tr><td style="padding:2px 10px 2px 0;vertical-align:top;white-space:nowrap"><b>Age</b></td><td style="padding:2px 0">45 - 40 ka</td></tr><tr><td style="padding:2px 10px 2px 0;vertical-align:top;white-space:nowrap"><b>Basis for date</b></td><td style="padding:2px 0">-</td></tr><tr><td style="padding:2px 10px 2px 0;vertical-align:top;white-space:nowrap"><b>Scope of entry</b></td><td style="padding:2px 0">Single sequence</td></tr><tr><td style="padding:2px 10px 2px 0;vertical-align:top;white-space:nowrap"><b>Technology described</b></td><td style="padding:2px 0">Chatelperronian retouched bladelets from cores prepared by cresting some examples of distal convexities managed and core tablets. and debordantes</td></tr><tr><td style="padding:2px 10px 2px 0;vertical-align:top;white-space:nowrap"><b>Published source</b></td><td style="padding:2px 0">Roussell et al. 2016</td></tr><tr><td style="padding:2px 10px 2px 0;vertical-align:top;white-space:nowrap"><b>Techniques recorded</b></td><td style="padding:2px 0">12 of 33</td></tr></table><p style="margin:10px 0 3px"><b>Procedural units present</b></p><p style="margin:0">Platform faceting, Distal shaping, Cresting, Debordante shaping, Core tablet, Trimming platform overhang, Hard hammer percussion, Support core with hand, Core rotation, Invasive flaking, Retouch, Backing</p></div>]]></description>
      <ExtendedData>
        <Data name="Source"><value>Roussell et al. 2016</value></Data>
        <Data name="Species"><value>H. neanderthalensis</value></Data>
        <Data name="Technology"><value>Other</value></Data>
        <Data name="Country"><value>France</value></Data>
        <Data name="Entry type"><value>Archaeological</value></Data>
        <Data name="KA young"><value>40</value></Data>
        <Data name="KA old"><value>45</value></Data>
        <Data name="Technique count"><value>12</value></Data>
        <Data name="Heat treatment"><value>0</value></Data>
        <Data name="Platform faceting"><value>1</value></Data>
        <Data name="Centripetal shaping"><value>0</value></Data>
        <Data name="Lateral shaping"><value>0</value></Data>
        <Data name="Distal shaping"><value>1</value></Data>
        <Data name="Back shaping"><value>0</value></Data>
        <Data name="Cresting"><value>1</value></Data>
        <Data name="Debordante shaping"><value>1</value></Data>
        <Data name="Overshot flaking"><value>0</value></Data>
        <Data name="Kombewa flaking"><value>0</value></Data>
        <Data name="Core tablet"><value>1</value></Data>
        <Data name="Abrasion"><value>0</value></Data>
        <Data name="Trimming platform overhang"><value>1</value></Data>
        <Data name="Hard hammer percussion"><value>1</value></Data>
        <Data name="Support core with hand"><value>1</value></Data>
        <Data name="Use of an anvil"><value>0</value></Data>
        <Data name="Core rotation"><value>1</value></Data>
        <Data name="Soft hammer percussion"><value>0</value></Data>
        <Data name="Indirect percussion"><value>0</value></Data>
        <Data name="Flaking through pressure"><value>0</value></Data>
        <Data name="Hammer dressing"><value>0</value></Data>
        <Data name="Invasive flaking"><value>1</value></Data>
        <Data name="Ochre use"><value>0</value></Data>
        <Data name="Asphalt use"><value>0</value></Data>
        <Data name="Retouch"><value>1</value></Data>
        <Data name="Backing"><value>1</value></Data>
        <Data name="Notching"><value>0</value></Data>
        <Data name="Burination"><value>0</value></Data>
        <Data name="Tanging"><value>0</value></Data>
        <Data name="Tranchet"><value>0</value></Data>
        <Data name="Bifacial retouch"><value>0</value></Data>
        <Data name="Invasive retouch"><value>0</value></Data>
        <Data name="Pressure flaked retouch"><value>0</value></Data>
      </ExtendedData>
      <Point><coordinates>0.254722,46.657896,0</coordinates></Point>
    </Placemark>
    </Folder>
    <Folder><name>Germany (8)</name><open>0</open>
    <Placemark>
      <name>Geissenklosterle Cave Aurignacian</name>
      <styleUrl>#arch</styleUrl>
      <description><![CDATA[<div style="font:13px/1.45 Helvetica,Arial,sans-serif;max-width:400px"><table><tr><td style="padding:2px 10px 2px 0;vertical-align:top;white-space:nowrap"><b>Site</b></td><td style="padding:2px 0">Geissenklosterle Cave Aurignacian</td></tr><tr><td style="padding:2px 10px 2px 0;vertical-align:top;white-space:nowrap"><b>Country</b></td><td style="padding:2px 0">Germany</td></tr><tr><td style="padding:2px 10px 2px 0;vertical-align:top;white-space:nowrap"><b>Entry type</b></td><td style="padding:2px 0">Archaeological</td></tr><tr><td style="padding:2px 10px 2px 0;vertical-align:top;white-space:nowrap"><b>Species attribution</b></td><td style="padding:2px 0">H. sapiens</td></tr><tr><td style="padding:2px 10px 2px 0;vertical-align:top;white-space:nowrap"><b>Technology (interpreted)</b></td><td style="padding:2px 0">Other</td></tr><tr><td style="padding:2px 10px 2px 0;vertical-align:top;white-space:nowrap"><b>Age</b></td><td style="padding:2px 0">42 - 39 ka</td></tr><tr><td style="padding:2px 10px 2px 0;vertical-align:top;white-space:nowrap"><b>Basis for date</b></td><td style="padding:2px 0">Richter et al. 2000 Thermoluminescence…. JAS</td></tr><tr><td style="padding:2px 10px 2px 0;vertical-align:top;white-space:nowrap"><b>Scope of entry</b></td><td style="padding:2px 0">Single sequence</td></tr><tr><td style="padding:2px 10px 2px 0;vertical-align:top;white-space:nowrap"><b>Technology described</b></td><td style="padding:2px 0">Aurignacian blade cores in figure 2. Most coding based on description of tech.</td></tr><tr><td style="padding:2px 10px 2px 0;vertical-align:top;white-space:nowrap"><b>Published source</b></td><td style="padding:2px 0">Hahn and Owen 1985</td></tr><tr><td style="padding:2px 10px 2px 0;vertical-align:top;white-space:nowrap"><b>Techniques recorded</b></td><td style="padding:2px 0">10 of 33</td></tr></table><p style="margin:10px 0 3px"><b>Procedural units present</b></p><p style="margin:0">Cresting, Core tablet, Trimming platform overhang, Hard hammer percussion, Support core with hand, Core rotation, Soft hammer percussion, Hammer dressing, Invasive flaking, Retouch</p></div>]]></description>
      <ExtendedData>
        <Data name="Source"><value>Hahn and Owen 1985</value></Data>
        <Data name="Species"><value>H. sapiens</value></Data>
        <Data name="Technology"><value>Other</value></Data>
        <Data name="Country"><value>Germany</value></Data>
        <Data name="Entry type"><value>Archaeological</value></Data>
        <Data name="KA young"><value>38.7</value></Data>
        <Data name="KA old"><value>41.7</value></Data>
        <Data name="Technique count"><value>10</value></Data>
        <Data name="Heat treatment"><value>0</value></Data>
        <Data name="Platform faceting"><value>0</value></Data>
        <Data name="Centripetal shaping"><value>0</value></Data>
        <Data name="Lateral shaping"><value>0</value></Data>
        <Data name="Distal shaping"><value>0</value></Data>
        <Data name="Back shaping"><value>0</value></Data>
        <Data name="Cresting"><value>1</value></Data>
        <Data name="Debordante shaping"><value>0</value></Data>
        <Data name="Overshot flaking"><value>0</value></Data>
        <Data name="Kombewa flaking"><value>0</value></Data>
        <Data name="Core tablet"><value>1</value></Data>
        <Data name="Abrasion"><value>0</value></Data>
        <Data name="Trimming platform overhang"><value>1</value></Data>
        <Data name="Hard hammer percussion"><value>1</value></Data>
        <Data name="Support core with hand"><value>1</value></Data>
        <Data name="Use of an anvil"><value>0</value></Data>
        <Data name="Core rotation"><value>1</value></Data>
        <Data name="Soft hammer percussion"><value>1</value></Data>
        <Data name="Indirect percussion"><value>0</value></Data>
        <Data name="Flaking through pressure"><value>0</value></Data>
        <Data name="Hammer dressing"><value>1</value></Data>
        <Data name="Invasive flaking"><value>1</value></Data>
        <Data name="Ochre use"><value>0</value></Data>
        <Data name="Asphalt use"><value>0</value></Data>
        <Data name="Retouch"><value>1</value></Data>
        <Data name="Backing"><value>0</value></Data>
        <Data name="Notching"><value>0</value></Data>
        <Data name="Burination"><value>0</value></Data>
        <Data name="Tanging"><value>0</value></Data>
        <Data name="Tranchet"><value>0</value></Data>
        <Data name="Bifacial retouch"><value>0</value></Data>
        <Data name="Invasive retouch"><value>0</value></Data>
        <Data name="Pressure flaked retouch"><value>0</value></Data>
      </ExtendedData>
      <Point><coordinates>9.783980,48.302965,0</coordinates></Point>
    </Placemark>
    <Placemark>
      <name>Geissenklosterle Cave Aurignacian</name>
      <styleUrl>#arch</styleUrl>
      <description><![CDATA[<div style="font:13px/1.45 Helvetica,Arial,sans-serif;max-width:400px"><table><tr><td style="padding:2px 10px 2px 0;vertical-align:top;white-space:nowrap"><b>Site</b></td><td style="padding:2px 0">Geissenklosterle Cave Aurignacian</td></tr><tr><td style="padding:2px 10px 2px 0;vertical-align:top;white-space:nowrap"><b>Country</b></td><td style="padding:2px 0">Germany</td></tr><tr><td style="padding:2px 10px 2px 0;vertical-align:top;white-space:nowrap"><b>Entry type</b></td><td style="padding:2px 0">Archaeological</td></tr><tr><td style="padding:2px 10px 2px 0;vertical-align:top;white-space:nowrap"><b>Species attribution</b></td><td style="padding:2px 0">H. sapiens</td></tr><tr><td style="padding:2px 10px 2px 0;vertical-align:top;white-space:nowrap"><b>Technology (interpreted)</b></td><td style="padding:2px 0">Other</td></tr><tr><td style="padding:2px 10px 2px 0;vertical-align:top;white-space:nowrap"><b>Age</b></td><td style="padding:2px 0">42 - 39 ka</td></tr><tr><td style="padding:2px 10px 2px 0;vertical-align:top;white-space:nowrap"><b>Basis for date</b></td><td style="padding:2px 0">Richter et al. 2000 Thermoluminescence…. JAS</td></tr><tr><td style="padding:2px 10px 2px 0;vertical-align:top;white-space:nowrap"><b>Scope of entry</b></td><td style="padding:2px 0">Whole assemblage</td></tr><tr><td style="padding:2px 10px 2px 0;vertical-align:top;white-space:nowrap"><b>Technology described</b></td><td style="padding:2px 0">Whole assemblage</td></tr><tr><td style="padding:2px 10px 2px 0;vertical-align:top;white-space:nowrap"><b>Published source</b></td><td style="padding:2px 0">Hahn and Owen 1985</td></tr><tr><td style="padding:2px 10px 2px 0;vertical-align:top;white-space:nowrap"><b>Techniques recorded</b></td><td style="padding:2px 0">11 of 33</td></tr></table><p style="margin:10px 0 3px"><b>Procedural units present</b></p><p style="margin:0">Platform faceting, Cresting, Core tablet, Trimming platform overhang, Hard hammer percussion, Support core with hand, Core rotation, Soft hammer percussion, Hammer dressing, Invasive flaking, Retouch</p></div>]]></description>
      <ExtendedData>
        <Data name="Source"><value>Hahn and Owen 1985</value></Data>
        <Data name="Species"><value>H. sapiens</value></Data>
        <Data name="Technology"><value>Other</value></Data>
        <Data name="Country"><value>Germany</value></Data>
        <Data name="Entry type"><value>Archaeological</value></Data>
        <Data name="KA young"><value>38.7</value></Data>
        <Data name="KA old"><value>41.7</value></Data>
        <Data name="Technique count"><value>11</value></Data>
        <Data name="Heat treatment"><value>0</value></Data>
        <Data name="Platform faceting"><value>1</value></Data>
        <Data name="Centripetal shaping"><value>0</value></Data>
        <Data name="Lateral shaping"><value>0</value></Data>
        <Data name="Distal shaping"><value>0</value></Data>
        <Data name="Back shaping"><value>0</value></Data>
        <Data name="Cresting"><value>1</value></Data>
        <Data name="Debordante shaping"><value>0</value></Data>
        <Data name="Overshot flaking"><value>0</value></Data>
        <Data name="Kombewa flaking"><value>0</value></Data>
        <Data name="Core tablet"><value>1</value></Data>
        <Data name="Abrasion"><value>0</value></Data>
        <Data name="Trimming platform overhang"><value>1</value></Data>
        <Data name="Hard hammer percussion"><value>1</value></Data>
        <Data name="Support core with hand"><value>1</value></Data>
        <Data name="Use of an anvil"><value>0</value></Data>
        <Data name="Core rotation"><value>1</value></Data>
        <Data name="Soft hammer percussion"><value>1</value></Data>
        <Data name="Indirect percussion"><value>0</value></Data>
        <Data name="Flaking through pressure"><value>0</value></Data>
        <Data name="Hammer dressing"><value>1</value></Data>
        <Data name="Invasive flaking"><value>1</value></Data>
        <Data name="Ochre use"><value>0</value></Data>
        <Data name="Asphalt use"><value>0</value></Data>
        <Data name="Retouch"><value>1</value></Data>
        <Data name="Backing"><value>0</value></Data>
        <Data name="Notching"><value>0</value></Data>
        <Data name="Burination"><value>0</value></Data>
        <Data name="Tanging"><value>0</value></Data>
        <Data name="Tranchet"><value>0</value></Data>
        <Data name="Bifacial retouch"><value>0</value></Data>
        <Data name="Invasive retouch"><value>0</value></Data>
        <Data name="Pressure flaked retouch"><value>0</value></Data>
      </ExtendedData>
      <Point><coordinates>9.736746,48.444903,0</coordinates></Point>
    </Placemark>
    <Placemark>
      <name>Geissenklosterle Cave Gravettian</name>
      <styleUrl>#arch</styleUrl>
      <description><![CDATA[<div style="font:13px/1.45 Helvetica,Arial,sans-serif;max-width:400px"><table><tr><td style="padding:2px 10px 2px 0;vertical-align:top;white-space:nowrap"><b>Site</b></td><td style="padding:2px 0">Geissenklosterle Cave Gravettian</td></tr><tr><td style="padding:2px 10px 2px 0;vertical-align:top;white-space:nowrap"><b>Country</b></td><td style="padding:2px 0">Germany</td></tr><tr><td style="padding:2px 10px 2px 0;vertical-align:top;white-space:nowrap"><b>Entry type</b></td><td style="padding:2px 0">Archaeological</td></tr><tr><td style="padding:2px 10px 2px 0;vertical-align:top;white-space:nowrap"><b>Species attribution</b></td><td style="padding:2px 0">H. sapiens</td></tr><tr><td style="padding:2px 10px 2px 0;vertical-align:top;white-space:nowrap"><b>Technology (interpreted)</b></td><td style="padding:2px 0">Other</td></tr><tr><td style="padding:2px 10px 2px 0;vertical-align:top;white-space:nowrap"><b>Age</b></td><td style="padding:2px 0">29 - 29 ka</td></tr><tr><td style="padding:2px 10px 2px 0;vertical-align:top;white-space:nowrap"><b>Basis for date</b></td><td style="padding:2px 0">Richter et al. 2000 Thermoluminescence…. JAS</td></tr><tr><td style="padding:2px 10px 2px 0;vertical-align:top;white-space:nowrap"><b>Scope of entry</b></td><td style="padding:2px 0">Single sequence</td></tr><tr><td style="padding:2px 10px 2px 0;vertical-align:top;white-space:nowrap"><b>Technology described</b></td><td style="padding:2px 0">Gravettian blade cores. Most coding based on description.</td></tr><tr><td style="padding:2px 10px 2px 0;vertical-align:top;white-space:nowrap"><b>Published source</b></td><td style="padding:2px 0">Hahn and Owen 1985</td></tr><tr><td style="padding:2px 10px 2px 0;vertical-align:top;white-space:nowrap"><b>Techniques recorded</b></td><td style="padding:2px 0">15 of 33</td></tr></table><p style="margin:10px 0 3px"><b>Procedural units present</b></p><p style="margin:0">Platform faceting, Back shaping, Cresting, Debordante shaping, Core tablet, Abrasion, Trimming platform overhang, Hard hammer percussion, Support core with hand, Core rotation, Indirect percussion, Hammer dressing, Invasive flaking, Retouch, Burination</p></div>]]></description>
      <ExtendedData>
        <Data name="Source"><value>Hahn and Owen 1985</value></Data>
        <Data name="Species"><value>H. sapiens</value></Data>
        <Data name="Technology"><value>Other</value></Data>
        <Data name="Country"><value>Germany</value></Data>
        <Data name="Entry type"><value>Archaeological</value></Data>
        <Data name="KA young"><value>28.75</value></Data>
        <Data name="KA old"><value>29.25</value></Data>
        <Data name="Technique count"><value>15</value></Data>
        <Data name="Heat treatment"><value>0</value></Data>
        <Data name="Platform faceting"><value>1</value></Data>
        <Data name="Centripetal shaping"><value>0</value></Data>
        <Data name="Lateral shaping"><value>0</value></Data>
        <Data name="Distal shaping"><value>0</value></Data>
        <Data name="Back shaping"><value>1</value></Data>
        <Data name="Cresting"><value>1</value></Data>
        <Data name="Debordante shaping"><value>1</value></Data>
        <Data name="Overshot flaking"><value>0</value></Data>
        <Data name="Kombewa flaking"><value>0</value></Data>
        <Data name="Core tablet"><value>1</value></Data>
        <Data name="Abrasion"><value>1</value></Data>
        <Data name="Trimming platform overhang"><value>1</value></Data>
        <Data name="Hard hammer percussion"><value>1</value></Data>
        <Data name="Support core with hand"><value>1</value></Data>
        <Data name="Use of an anvil"><value>0</value></Data>
        <Data name="Core rotation"><value>1</value></Data>
        <Data name="Soft hammer percussion"><value>0</value></Data>
        <Data name="Indirect percussion"><value>1</value></Data>
        <Data name="Flaking through pressure"><value>0</value></Data>
        <Data name="Hammer dressing"><value>1</value></Data>
        <Data name="Invasive flaking"><value>1</value></Data>
        <Data name="Ochre use"><value>0</value></Data>
        <Data name="Asphalt use"><value>0</value></Data>
        <Data name="Retouch"><value>1</value></Data>
        <Data name="Backing"><value>0</value></Data>
        <Data name="Notching"><value>0</value></Data>
        <Data name="Burination"><value>1</value></Data>
        <Data name="Tanging"><value>0</value></Data>
        <Data name="Tranchet"><value>0</value></Data>
        <Data name="Bifacial retouch"><value>0</value></Data>
        <Data name="Invasive retouch"><value>0</value></Data>
        <Data name="Pressure flaked retouch"><value>0</value></Data>
      </ExtendedData>
      <Point><coordinates>9.776872,48.445396,0</coordinates></Point>
    </Placemark>
    <Placemark>
      <name>Geissenklosterle Cave Gravettian</name>
      <styleUrl>#arch</styleUrl>
      <description><![CDATA[<div style="font:13px/1.45 Helvetica,Arial,sans-serif;max-width:400px"><table><tr><td style="padding:2px 10px 2px 0;vertical-align:top;white-space:nowrap"><b>Site</b></td><td style="padding:2px 0">Geissenklosterle Cave Gravettian</td></tr><tr><td style="padding:2px 10px 2px 0;vertical-align:top;white-space:nowrap"><b>Country</b></td><td style="padding:2px 0">Germany</td></tr><tr><td style="padding:2px 10px 2px 0;vertical-align:top;white-space:nowrap"><b>Entry type</b></td><td style="padding:2px 0">Archaeological</td></tr><tr><td style="padding:2px 10px 2px 0;vertical-align:top;white-space:nowrap"><b>Species attribution</b></td><td style="padding:2px 0">H. sapiens</td></tr><tr><td style="padding:2px 10px 2px 0;vertical-align:top;white-space:nowrap"><b>Technology (interpreted)</b></td><td style="padding:2px 0">Other</td></tr><tr><td style="padding:2px 10px 2px 0;vertical-align:top;white-space:nowrap"><b>Age</b></td><td style="padding:2px 0">29 - 29 ka</td></tr><tr><td style="padding:2px 10px 2px 0;vertical-align:top;white-space:nowrap"><b>Basis for date</b></td><td style="padding:2px 0">Richter et al. 2000 Thermoluminescence…. JAS</td></tr><tr><td style="padding:2px 10px 2px 0;vertical-align:top;white-space:nowrap"><b>Scope of entry</b></td><td style="padding:2px 0">Whole assemblage</td></tr><tr><td style="padding:2px 10px 2px 0;vertical-align:top;white-space:nowrap"><b>Technology described</b></td><td style="padding:2px 0">Whole assemblage</td></tr><tr><td style="padding:2px 10px 2px 0;vertical-align:top;white-space:nowrap"><b>Published source</b></td><td style="padding:2px 0">Hahn and Owen 1985</td></tr><tr><td style="padding:2px 10px 2px 0;vertical-align:top;white-space:nowrap"><b>Techniques recorded</b></td><td style="padding:2px 0">15 of 33</td></tr></table><p style="margin:10px 0 3px"><b>Procedural units present</b></p><p style="margin:0">Platform faceting, Back shaping, Cresting, Debordante shaping, Core tablet, Abrasion, Trimming platform overhang, Hard hammer percussion, Support core with hand, Core rotation, Indirect percussion, Hammer dressing, Invasive flaking, Retouch, Burination</p></div>]]></description>
      <ExtendedData>
        <Data name="Source"><value>Hahn and Owen 1985</value></Data>
        <Data name="Species"><value>H. sapiens</value></Data>
        <Data name="Technology"><value>Other</value></Data>
        <Data name="Country"><value>Germany</value></Data>
        <Data name="Entry type"><value>Archaeological</value></Data>
        <Data name="KA young"><value>28.75</value></Data>
        <Data name="KA old"><value>29.25</value></Data>
        <Data name="Technique count"><value>15</value></Data>
        <Data name="Heat treatment"><value>0</value></Data>
        <Data name="Platform faceting"><value>1</value></Data>
        <Data name="Centripetal shaping"><value>0</value></Data>
        <Data name="Lateral shaping"><value>0</value></Data>
        <Data name="Distal shaping"><value>0</value></Data>
        <Data name="Back shaping"><value>1</value></Data>
        <Data name="Cresting"><value>1</value></Data>
        <Data name="Debordante shaping"><value>1</value></Data>
        <Data name="Overshot flaking"><value>0</value></Data>
        <Data name="Kombewa flaking"><value>0</value></Data>
        <Data name="Core tablet"><value>1</value></Data>
        <Data name="Abrasion"><value>1</value></Data>
        <Data name="Trimming platform overhang"><value>1</value></Data>
        <Data name="Hard hammer percussion"><value>1</value></Data>
        <Data name="Support core with hand"><value>1</value></Data>
        <Data name="Use of an anvil"><value>0</value></Data>
        <Data name="Core rotation"><value>1</value></Data>
        <Data name="Soft hammer percussion"><value>0</value></Data>
        <Data name="Indirect percussion"><value>1</value></Data>
        <Data name="Flaking through pressure"><value>0</value></Data>
        <Data name="Hammer dressing"><value>1</value></Data>
        <Data name="Invasive flaking"><value>1</value></Data>
        <Data name="Ochre use"><value>0</value></Data>
        <Data name="Asphalt use"><value>0</value></Data>
        <Data name="Retouch"><value>1</value></Data>
        <Data name="Backing"><value>0</value></Data>
        <Data name="Notching"><value>0</value></Data>
        <Data name="Burination"><value>1</value></Data>
        <Data name="Tanging"><value>0</value></Data>
        <Data name="Tranchet"><value>0</value></Data>
        <Data name="Bifacial retouch"><value>0</value></Data>
        <Data name="Invasive retouch"><value>0</value></Data>
        <Data name="Pressure flaked retouch"><value>0</value></Data>
      </ExtendedData>
      <Point><coordinates>9.802604,48.403333,0</coordinates></Point>
    </Placemark>
    <Placemark>
      <name>Munzingen</name>
      <styleUrl>#arch</styleUrl>
      <description><![CDATA[<div style="font:13px/1.45 Helvetica,Arial,sans-serif;max-width:400px"><table><tr><td style="padding:2px 10px 2px 0;vertical-align:top;white-space:nowrap"><b>Site</b></td><td style="padding:2px 0">Munzingen</td></tr><tr><td style="padding:2px 10px 2px 0;vertical-align:top;white-space:nowrap"><b>Country</b></td><td style="padding:2px 0">Germany</td></tr><tr><td style="padding:2px 10px 2px 0;vertical-align:top;white-space:nowrap"><b>Entry type</b></td><td style="padding:2px 0">Archaeological</td></tr><tr><td style="padding:2px 10px 2px 0;vertical-align:top;white-space:nowrap"><b>Species attribution</b></td><td style="padding:2px 0">H. sapiens</td></tr><tr><td style="padding:2px 10px 2px 0;vertical-align:top;white-space:nowrap"><b>Technology (interpreted)</b></td><td style="padding:2px 0">Other</td></tr><tr><td style="padding:2px 10px 2px 0;vertical-align:top;white-space:nowrap"><b>Age</b></td><td style="padding:2px 0">20 - 18 ka</td></tr><tr><td style="padding:2px 10px 2px 0;vertical-align:top;white-space:nowrap"><b>Basis for date</b></td><td style="padding:2px 0">-</td></tr><tr><td style="padding:2px 10px 2px 0;vertical-align:top;white-space:nowrap"><b>Scope of entry</b></td><td style="padding:2px 0">Single sequence</td></tr><tr><td style="padding:2px 10px 2px 0;vertical-align:top;white-space:nowrap"><b>Technology described</b></td><td style="padding:2px 0">Blades from prepared unidirectional blade cores with nflksrfc prepared platform and face shaped. including microchipping. Fashioned into burinated and retouched pieces. Fig 2. 11 fig 6. 1.Overall not a full description of the reductions equence but rich description of the kinds of artifacts present and some of their relationships.</td></tr><tr><td style="padding:2px 10px 2px 0;vertical-align:top;white-space:nowrap"><b>Published source</b></td><td style="padding:2px 0">Pasda 2017</td></tr><tr><td style="padding:2px 10px 2px 0;vertical-align:top;white-space:nowrap"><b>Techniques recorded</b></td><td style="padding:2px 0">10 of 33</td></tr></table><p style="margin:10px 0 3px"><b>Procedural units present</b></p><p style="margin:0">Distal shaping, Back shaping, Debordante shaping, Trimming platform overhang, Hard hammer percussion, Support core with hand, Core rotation, Invasive flaking, Retouch, Burination</p></div>]]></description>
      <ExtendedData>
        <Data name="Source"><value>Pasda 2017</value></Data>
        <Data name="Species"><value>H. sapiens</value></Data>
        <Data name="Technology"><value>Other</value></Data>
        <Data name="Country"><value>Germany</value></Data>
        <Data name="Entry type"><value>Archaeological</value></Data>
        <Data name="KA young"><value>18</value></Data>
        <Data name="KA old"><value>20</value></Data>
        <Data name="Technique count"><value>10</value></Data>
        <Data name="Heat treatment"><value>0</value></Data>
        <Data name="Platform faceting"><value>0</value></Data>
        <Data name="Centripetal shaping"><value>0</value></Data>
        <Data name="Lateral shaping"><value>0</value></Data>
        <Data name="Distal shaping"><value>1</value></Data>
        <Data name="Back shaping"><value>1</value></Data>
        <Data name="Cresting"><value>0</value></Data>
        <Data name="Debordante shaping"><value>1</value></Data>
        <Data name="Overshot flaking"><value>0</value></Data>
        <Data name="Kombewa flaking"><value>0</value></Data>
        <Data name="Core tablet"><value>0</value></Data>
        <Data name="Abrasion"><value>0</value></Data>
        <Data name="Trimming platform overhang"><value>1</value></Data>
        <Data name="Hard hammer percussion"><value>1</value></Data>
        <Data name="Support core with hand"><value>1</value></Data>
        <Data name="Use of an anvil"><value>0</value></Data>
        <Data name="Core rotation"><value>1</value></Data>
        <Data name="Soft hammer percussion"><value>0</value></Data>
        <Data name="Indirect percussion"><value>0</value></Data>
        <Data name="Flaking through pressure"><value>0</value></Data>
        <Data name="Hammer dressing"><value>0</value></Data>
        <Data name="Invasive flaking"><value>1</value></Data>
        <Data name="Ochre use"><value>0</value></Data>
        <Data name="Asphalt use"><value>0</value></Data>
        <Data name="Retouch"><value>1</value></Data>
        <Data name="Backing"><value>0</value></Data>
        <Data name="Notching"><value>0</value></Data>
        <Data name="Burination"><value>1</value></Data>
        <Data name="Tanging"><value>0</value></Data>
        <Data name="Tranchet"><value>0</value></Data>
        <Data name="Bifacial retouch"><value>0</value></Data>
        <Data name="Invasive retouch"><value>0</value></Data>
        <Data name="Pressure flaked retouch"><value>0</value></Data>
      </ExtendedData>
      <Point><coordinates>7.693459,48.057740,0</coordinates></Point>
    </Placemark>
    <Placemark>
      <name>Munzingen</name>
      <styleUrl>#arch</styleUrl>
      <description><![CDATA[<div style="font:13px/1.45 Helvetica,Arial,sans-serif;max-width:400px"><table><tr><td style="padding:2px 10px 2px 0;vertical-align:top;white-space:nowrap"><b>Site</b></td><td style="padding:2px 0">Munzingen</td></tr><tr><td style="padding:2px 10px 2px 0;vertical-align:top;white-space:nowrap"><b>Country</b></td><td style="padding:2px 0">Germany</td></tr><tr><td style="padding:2px 10px 2px 0;vertical-align:top;white-space:nowrap"><b>Entry type</b></td><td style="padding:2px 0">Archaeological</td></tr><tr><td style="padding:2px 10px 2px 0;vertical-align:top;white-space:nowrap"><b>Species attribution</b></td><td style="padding:2px 0">H. sapiens</td></tr><tr><td style="padding:2px 10px 2px 0;vertical-align:top;white-space:nowrap"><b>Technology (interpreted)</b></td><td style="padding:2px 0">Other</td></tr><tr><td style="padding:2px 10px 2px 0;vertical-align:top;white-space:nowrap"><b>Age</b></td><td style="padding:2px 0">20 - 18 ka</td></tr><tr><td style="padding:2px 10px 2px 0;vertical-align:top;white-space:nowrap"><b>Basis for date</b></td><td style="padding:2px 0">-</td></tr><tr><td style="padding:2px 10px 2px 0;vertical-align:top;white-space:nowrap"><b>Scope of entry</b></td><td style="padding:2px 0">Whole assemblage</td></tr><tr><td style="padding:2px 10px 2px 0;vertical-align:top;white-space:nowrap"><b>Technology described</b></td><td style="padding:2px 0">Whole assemblage</td></tr><tr><td style="padding:2px 10px 2px 0;vertical-align:top;white-space:nowrap"><b>Published source</b></td><td style="padding:2px 0">Pasda 2017</td></tr><tr><td style="padding:2px 10px 2px 0;vertical-align:top;white-space:nowrap"><b>Techniques recorded</b></td><td style="padding:2px 0">13 of 33</td></tr></table><p style="margin:10px 0 3px"><b>Procedural units present</b></p><p style="margin:0">Distal shaping, Back shaping, Cresting, Debordante shaping, Trimming platform overhang, Hard hammer percussion, Support core with hand, Core rotation, Invasive flaking, Retouch, Backing, Notching, Burination</p></div>]]></description>
      <ExtendedData>
        <Data name="Source"><value>Pasda 2017</value></Data>
        <Data name="Species"><value>H. sapiens</value></Data>
        <Data name="Technology"><value>Other</value></Data>
        <Data name="Country"><value>Germany</value></Data>
        <Data name="Entry type"><value>Archaeological</value></Data>
        <Data name="KA young"><value>18</value></Data>
        <Data name="KA old"><value>20</value></Data>
        <Data name="Technique count"><value>13</value></Data>
        <Data name="Heat treatment"><value>0</value></Data>
        <Data name="Platform faceting"><value>0</value></Data>
        <Data name="Centripetal shaping"><value>0</value></Data>
        <Data name="Lateral shaping"><value>0</value></Data>
        <Data name="Distal shaping"><value>1</value></Data>
        <Data name="Back shaping"><value>1</value></Data>
        <Data name="Cresting"><value>1</value></Data>
        <Data name="Debordante shaping"><value>1</value></Data>
        <Data name="Overshot flaking"><value>0</value></Data>
        <Data name="Kombewa flaking"><value>0</value></Data>
        <Data name="Core tablet"><value>0</value></Data>
        <Data name="Abrasion"><value>0</value></Data>
        <Data name="Trimming platform overhang"><value>1</value></Data>
        <Data name="Hard hammer percussion"><value>1</value></Data>
        <Data name="Support core with hand"><value>1</value></Data>
        <Data name="Use of an anvil"><value>0</value></Data>
        <Data name="Core rotation"><value>1</value></Data>
        <Data name="Soft hammer percussion"><value>0</value></Data>
        <Data name="Indirect percussion"><value>0</value></Data>
        <Data name="Flaking through pressure"><value>0</value></Data>
        <Data name="Hammer dressing"><value>0</value></Data>
        <Data name="Invasive flaking"><value>1</value></Data>
        <Data name="Ochre use"><value>0</value></Data>
        <Data name="Asphalt use"><value>0</value></Data>
        <Data name="Retouch"><value>1</value></Data>
        <Data name="Backing"><value>1</value></Data>
        <Data name="Notching"><value>1</value></Data>
        <Data name="Burination"><value>1</value></Data>
        <Data name="Tanging"><value>0</value></Data>
        <Data name="Tranchet"><value>0</value></Data>
        <Data name="Bifacial retouch"><value>0</value></Data>
        <Data name="Invasive retouch"><value>0</value></Data>
        <Data name="Pressure flaked retouch"><value>0</value></Data>
      </ExtendedData>
      <Point><coordinates>7.682806,48.098257,0</coordinates></Point>
    </Placemark>
    <Placemark>
      <name>Wallertheim West Concentration</name>
      <styleUrl>#arch</styleUrl>
      <description><![CDATA[<div style="font:13px/1.45 Helvetica,Arial,sans-serif;max-width:400px"><table><tr><td style="padding:2px 10px 2px 0;vertical-align:top;white-space:nowrap"><b>Site</b></td><td style="padding:2px 0">Wallertheim West Concentration</td></tr><tr><td style="padding:2px 10px 2px 0;vertical-align:top;white-space:nowrap"><b>Country</b></td><td style="padding:2px 0">Germany</td></tr><tr><td style="padding:2px 10px 2px 0;vertical-align:top;white-space:nowrap"><b>Entry type</b></td><td style="padding:2px 0">Archaeological</td></tr><tr><td style="padding:2px 10px 2px 0;vertical-align:top;white-space:nowrap"><b>Species attribution</b></td><td style="padding:2px 0">H. neanderthalensis</td></tr><tr><td style="padding:2px 10px 2px 0;vertical-align:top;white-space:nowrap"><b>Technology (interpreted)</b></td><td style="padding:2px 0">Other</td></tr><tr><td style="padding:2px 10px 2px 0;vertical-align:top;white-space:nowrap"><b>Age</b></td><td style="padding:2px 0">105 - 92 ka</td></tr><tr><td style="padding:2px 10px 2px 0;vertical-align:top;white-space:nowrap"><b>Basis for date</b></td><td style="padding:2px 0">Conard et al. new geological research at the Middle Paleolithic Locality of Wallertheim in Rheinhessen 1995</td></tr><tr><td style="padding:2px 10px 2px 0;vertical-align:top;white-space:nowrap"><b>Scope of entry</b></td><td style="padding:2px 0">Single sequence</td></tr><tr><td style="padding:2px 10px 2px 0;vertical-align:top;white-space:nowrap"><b>Technology described</b></td><td style="padding:2px 0">Unidirectional blade production where blades are retouched and burinated. On gray andesite figure 11. Figure 10. discussion in160-</td></tr><tr><td style="padding:2px 10px 2px 0;vertical-align:top;white-space:nowrap"><b>Published source</b></td><td style="padding:2px 0">Conard and Adler 1997</td></tr><tr><td style="padding:2px 10px 2px 0;vertical-align:top;white-space:nowrap"><b>Techniques recorded</b></td><td style="padding:2px 0">10 of 33</td></tr></table><p style="margin:10px 0 3px"><b>Procedural units present</b></p><p style="margin:0">Platform faceting, Debordante shaping, Core tablet, Hard hammer percussion, Support core with hand, Core rotation, Invasive flaking, Retouch, Backing, Burination</p></div>]]></description>
      <ExtendedData>
        <Data name="Source"><value>Conard and Adler 1997</value></Data>
        <Data name="Species"><value>H. neanderthalensis</value></Data>
        <Data name="Technology"><value>Other</value></Data>
        <Data name="Country"><value>Germany</value></Data>
        <Data name="Entry type"><value>Archaeological</value></Data>
        <Data name="KA young"><value>92</value></Data>
        <Data name="KA old"><value>105</value></Data>
        <Data name="Technique count"><value>10</value></Data>
        <Data name="Heat treatment"><value>0</value></Data>
        <Data name="Platform faceting"><value>1</value></Data>
        <Data name="Centripetal shaping"><value>0</value></Data>
        <Data name="Lateral shaping"><value>0</value></Data>
        <Data name="Distal shaping"><value>0</value></Data>
        <Data name="Back shaping"><value>0</value></Data>
        <Data name="Cresting"><value>0</value></Data>
        <Data name="Debordante shaping"><value>1</value></Data>
        <Data name="Overshot flaking"><value>0</value></Data>
        <Data name="Kombewa flaking"><value>0</value></Data>
        <Data name="Core tablet"><value>1</value></Data>
        <Data name="Abrasion"><value>0</value></Data>
        <Data name="Trimming platform overhang"><value>0</value></Data>
        <Data name="Hard hammer percussion"><value>1</value></Data>
        <Data name="Support core with hand"><value>1</value></Data>
        <Data name="Use of an anvil"><value>0</value></Data>
        <Data name="Core rotation"><value>1</value></Data>
        <Data name="Soft hammer percussion"><value>0</value></Data>
        <Data name="Indirect percussion"><value>0</value></Data>
        <Data name="Flaking through pressure"><value>0</value></Data>
        <Data name="Hammer dressing"><value>0</value></Data>
        <Data name="Invasive flaking"><value>1</value></Data>
        <Data name="Ochre use"><value>0</value></Data>
        <Data name="Asphalt use"><value>0</value></Data>
        <Data name="Retouch"><value>1</value></Data>
        <Data name="Backing"><value>1</value></Data>
        <Data name="Notching"><value>0</value></Data>
        <Data name="Burination"><value>1</value></Data>
        <Data name="Tanging"><value>0</value></Data>
        <Data name="Tranchet"><value>0</value></Data>
        <Data name="Bifacial retouch"><value>0</value></Data>
        <Data name="Invasive retouch"><value>0</value></Data>
        <Data name="Pressure flaked retouch"><value>0</value></Data>
      </ExtendedData>
      <Point><coordinates>8.066093,49.843803,0</coordinates></Point>
    </Placemark>
    <Placemark>
      <name>Wallertheim West Concentration</name>
      <styleUrl>#arch</styleUrl>
      <description><![CDATA[<div style="font:13px/1.45 Helvetica,Arial,sans-serif;max-width:400px"><table><tr><td style="padding:2px 10px 2px 0;vertical-align:top;white-space:nowrap"><b>Site</b></td><td style="padding:2px 0">Wallertheim West Concentration</td></tr><tr><td style="padding:2px 10px 2px 0;vertical-align:top;white-space:nowrap"><b>Country</b></td><td style="padding:2px 0">Germany</td></tr><tr><td style="padding:2px 10px 2px 0;vertical-align:top;white-space:nowrap"><b>Entry type</b></td><td style="padding:2px 0">Archaeological</td></tr><tr><td style="padding:2px 10px 2px 0;vertical-align:top;white-space:nowrap"><b>Species attribution</b></td><td style="padding:2px 0">H. neanderthalensis</td></tr><tr><td style="padding:2px 10px 2px 0;vertical-align:top;white-space:nowrap"><b>Technology (interpreted)</b></td><td style="padding:2px 0">Other</td></tr><tr><td style="padding:2px 10px 2px 0;vertical-align:top;white-space:nowrap"><b>Age</b></td><td style="padding:2px 0">105 - 92 ka</td></tr><tr><td style="padding:2px 10px 2px 0;vertical-align:top;white-space:nowrap"><b>Basis for date</b></td><td style="padding:2px 0">Conard et al. new geological research at the Middle Paleolithic Locality of Wallertheim in Rheinhessen 1995</td></tr><tr><td style="padding:2px 10px 2px 0;vertical-align:top;white-space:nowrap"><b>Scope of entry</b></td><td style="padding:2px 0">Whole assemblage</td></tr><tr><td style="padding:2px 10px 2px 0;vertical-align:top;white-space:nowrap"><b>Technology described</b></td><td style="padding:2px 0">Whole assemblage</td></tr><tr><td style="padding:2px 10px 2px 0;vertical-align:top;white-space:nowrap"><b>Published source</b></td><td style="padding:2px 0">Conard and Adler 1997</td></tr><tr><td style="padding:2px 10px 2px 0;vertical-align:top;white-space:nowrap"><b>Techniques recorded</b></td><td style="padding:2px 0">10 of 33</td></tr></table><p style="margin:10px 0 3px"><b>Procedural units present</b></p><p style="margin:0">Platform faceting, Debordante shaping, Core tablet, Hard hammer percussion, Support core with hand, Core rotation, Invasive flaking, Retouch, Backing, Burination</p></div>]]></description>
      <ExtendedData>
        <Data name="Source"><value>Conard and Adler 1997</value></Data>
        <Data name="Species"><value>H. neanderthalensis</value></Data>
        <Data name="Technology"><value>Other</value></Data>
        <Data name="Country"><value>Germany</value></Data>
        <Data name="Entry type"><value>Archaeological</value></Data>
        <Data name="KA young"><value>92</value></Data>
        <Data name="KA old"><value>105</value></Data>
        <Data name="Technique count"><value>10</value></Data>
        <Data name="Heat treatment"><value>0</value></Data>
        <Data name="Platform faceting"><value>1</value></Data>
        <Data name="Centripetal shaping"><value>0</value></Data>
        <Data name="Lateral shaping"><value>0</value></Data>
        <Data name="Distal shaping"><value>0</value></Data>
        <Data name="Back shaping"><value>0</value></Data>
        <Data name="Cresting"><value>0</value></Data>
        <Data name="Debordante shaping"><value>1</value></Data>
        <Data name="Overshot flaking"><value>0</value></Data>
        <Data name="Kombewa flaking"><value>0</value></Data>
        <Data name="Core tablet"><value>1</value></Data>
        <Data name="Abrasion"><value>0</value></Data>
        <Data name="Trimming platform overhang"><value>0</value></Data>
        <Data name="Hard hammer percussion"><value>1</value></Data>
        <Data name="Support core with hand"><value>1</value></Data>
        <Data name="Use of an anvil"><value>0</value></Data>
        <Data name="Core rotation"><value>1</value></Data>
        <Data name="Soft hammer percussion"><value>0</value></Data>
        <Data name="Indirect percussion"><value>0</value></Data>
        <Data name="Flaking through pressure"><value>0</value></Data>
        <Data name="Hammer dressing"><value>0</value></Data>
        <Data name="Invasive flaking"><value>1</value></Data>
        <Data name="Ochre use"><value>0</value></Data>
        <Data name="Asphalt use"><value>0</value></Data>
        <Data name="Retouch"><value>1</value></Data>
        <Data name="Backing"><value>1</value></Data>
        <Data name="Notching"><value>0</value></Data>
        <Data name="Burination"><value>1</value></Data>
        <Data name="Tanging"><value>0</value></Data>
        <Data name="Tranchet"><value>0</value></Data>
        <Data name="Bifacial retouch"><value>0</value></Data>
        <Data name="Invasive retouch"><value>0</value></Data>
        <Data name="Pressure flaked retouch"><value>0</value></Data>
      </ExtendedData>
      <Point><coordinates>8.056405,49.769970,0</coordinates></Point>
    </Placemark>
    </Folder>
    <Folder><name>Greenland (1)</name><open>0</open>
    <Placemark>
      <name>Itinnera</name>
      <styleUrl>#arch</styleUrl>
      <description><![CDATA[<div style="font:13px/1.45 Helvetica,Arial,sans-serif;max-width:400px"><table><tr><td style="padding:2px 10px 2px 0;vertical-align:top;white-space:nowrap"><b>Site</b></td><td style="padding:2px 0">Itinnera</td></tr><tr><td style="padding:2px 10px 2px 0;vertical-align:top;white-space:nowrap"><b>Country</b></td><td style="padding:2px 0">Greenland</td></tr><tr><td style="padding:2px 10px 2px 0;vertical-align:top;white-space:nowrap"><b>Entry type</b></td><td style="padding:2px 0">Archaeological</td></tr><tr><td style="padding:2px 10px 2px 0;vertical-align:top;white-space:nowrap"><b>Species attribution</b></td><td style="padding:2px 0">H. sapiens</td></tr><tr><td style="padding:2px 10px 2px 0;vertical-align:top;white-space:nowrap"><b>Technology (interpreted)</b></td><td style="padding:2px 0">Other</td></tr><tr><td style="padding:2px 10px 2px 0;vertical-align:top;white-space:nowrap"><b>Age</b></td><td style="padding:2px 0">4.4 - 3 ka</td></tr><tr><td style="padding:2px 10px 2px 0;vertical-align:top;white-space:nowrap"><b>Basis for date</b></td><td style="padding:2px 0">-</td></tr><tr><td style="padding:2px 10px 2px 0;vertical-align:top;white-space:nowrap"><b>Scope of entry</b></td><td style="padding:2px 0">Single sequence</td></tr><tr><td style="padding:2px 10px 2px 0;vertical-align:top;white-space:nowrap"><b>Technology described</b></td><td style="padding:2px 0">Arctic small tool tradition at Saqqaq. Burins made on little bifaces. hafted. burin spalls taken through pressure.</td></tr><tr><td style="padding:2px 10px 2px 0;vertical-align:top;white-space:nowrap"><b>Published source</b></td><td style="padding:2px 0">Sorensen 2004</td></tr><tr><td style="padding:2px 10px 2px 0;vertical-align:top;white-space:nowrap"><b>Techniques recorded</b></td><td style="padding:2px 0">10 of 33</td></tr></table><p style="margin:10px 0 3px"><b>Procedural units present</b></p><p style="margin:0">Back shaping, Abrasion, Hard hammer percussion, Support core with hand, Core rotation, Burination, Tanging, Bifacial retouch, Invasive retouch, Pressure flaked retouch</p></div>]]></description>
      <ExtendedData>
        <Data name="Source"><value>Sorensen 2004</value></Data>
        <Data name="Species"><value>H. sapiens</value></Data>
        <Data name="Technology"><value>Other</value></Data>
        <Data name="Country"><value>Greenland</value></Data>
        <Data name="Entry type"><value>Archaeological</value></Data>
        <Data name="KA young"><value>3</value></Data>
        <Data name="KA old"><value>4.4</value></Data>
        <Data name="Technique count"><value>10</value></Data>
        <Data name="Heat treatment"><value>0</value></Data>
        <Data name="Platform faceting"><value>0</value></Data>
        <Data name="Centripetal shaping"><value>0</value></Data>
        <Data name="Lateral shaping"><value>0</value></Data>
        <Data name="Distal shaping"><value>0</value></Data>
        <Data name="Back shaping"><value>1</value></Data>
        <Data name="Cresting"><value>0</value></Data>
        <Data name="Debordante shaping"><value>0</value></Data>
        <Data name="Overshot flaking"><value>0</value></Data>
        <Data name="Kombewa flaking"><value>0</value></Data>
        <Data name="Core tablet"><value>0</value></Data>
        <Data name="Abrasion"><value>1</value></Data>
        <Data name="Trimming platform overhang"><value>0</value></Data>
        <Data name="Hard hammer percussion"><value>1</value></Data>
        <Data name="Support core with hand"><value>1</value></Data>
        <Data name="Use of an anvil"><value>0</value></Data>
        <Data name="Core rotation"><value>1</value></Data>
        <Data name="Soft hammer percussion"><value>0</value></Data>
        <Data name="Indirect percussion"><value>0</value></Data>
        <Data name="Flaking through pressure"><value>0</value></Data>
        <Data name="Hammer dressing"><value>0</value></Data>
        <Data name="Invasive flaking"><value>0</value></Data>
        <Data name="Ochre use"><value>0</value></Data>
        <Data name="Asphalt use"><value>0</value></Data>
        <Data name="Retouch"><value>0</value></Data>
        <Data name="Backing"><value>0</value></Data>
        <Data name="Notching"><value>0</value></Data>
        <Data name="Burination"><value>1</value></Data>
        <Data name="Tanging"><value>1</value></Data>
        <Data name="Tranchet"><value>0</value></Data>
        <Data name="Bifacial retouch"><value>1</value></Data>
        <Data name="Invasive retouch"><value>1</value></Data>
        <Data name="Pressure flaked retouch"><value>1</value></Data>
      </ExtendedData>
      <Point><coordinates>-50.792933,64.282144,0</coordinates></Point>
    </Placemark>
    </Folder>
    <Folder><name>Iran (1)</name><open>0</open>
    <Placemark>
      <name>Tepe Rahmatabad</name>
      <styleUrl>#arch</styleUrl>
      <description><![CDATA[<div style="font:13px/1.45 Helvetica,Arial,sans-serif;max-width:400px"><table><tr><td style="padding:2px 10px 2px 0;vertical-align:top;white-space:nowrap"><b>Site</b></td><td style="padding:2px 0">Tepe Rahmatabad</td></tr><tr><td style="padding:2px 10px 2px 0;vertical-align:top;white-space:nowrap"><b>Country</b></td><td style="padding:2px 0">Iran</td></tr><tr><td style="padding:2px 10px 2px 0;vertical-align:top;white-space:nowrap"><b>Entry type</b></td><td style="padding:2px 0">Archaeological</td></tr><tr><td style="padding:2px 10px 2px 0;vertical-align:top;white-space:nowrap"><b>Species attribution</b></td><td style="padding:2px 0">H. sapiens</td></tr><tr><td style="padding:2px 10px 2px 0;vertical-align:top;white-space:nowrap"><b>Technology (interpreted)</b></td><td style="padding:2px 0">Other</td></tr><tr><td style="padding:2px 10px 2px 0;vertical-align:top;white-space:nowrap"><b>Age</b></td><td style="padding:2px 0">8.7 - 7.7 ka</td></tr><tr><td style="padding:2px 10px 2px 0;vertical-align:top;white-space:nowrap"><b>Basis for date</b></td><td style="padding:2px 0">-</td></tr><tr><td style="padding:2px 10px 2px 0;vertical-align:top;white-space:nowrap"><b>Scope of entry</b></td><td style="padding:2px 0">Whole assemblage</td></tr><tr><td style="padding:2px 10px 2px 0;vertical-align:top;white-space:nowrap"><b>Technology described</b></td><td style="padding:2px 0">Whole assemblage</td></tr><tr><td style="padding:2px 10px 2px 0;vertical-align:top;white-space:nowrap"><b>Published source</b></td><td style="padding:2px 0">Nishiaki et al. 2013</td></tr><tr><td style="padding:2px 10px 2px 0;vertical-align:top;white-space:nowrap"><b>Techniques recorded</b></td><td style="padding:2px 0">15 of 33</td></tr></table><p style="margin:10px 0 3px"><b>Procedural units present</b></p><p style="margin:0">Platform faceting, Distal shaping, Cresting, Core tablet, Trimming platform overhang, Hard hammer percussion, Support core with hand, Use of an anvil, Core rotation, Flaking through pressure, Invasive flaking, Retouch, Backing, Notching, Burination</p></div>]]></description>
      <ExtendedData>
        <Data name="Source"><value>Nishiaki et al. 2013</value></Data>
        <Data name="Species"><value>H. sapiens</value></Data>
        <Data name="Technology"><value>Other</value></Data>
        <Data name="Country"><value>Iran</value></Data>
        <Data name="Entry type"><value>Archaeological</value></Data>
        <Data name="KA young"><value>7.7</value></Data>
        <Data name="KA old"><value>8.7</value></Data>
        <Data name="Technique count"><value>15</value></Data>
        <Data name="Heat treatment"><value>0</value></Data>
        <Data name="Platform faceting"><value>1</value></Data>
        <Data name="Centripetal shaping"><value>0</value></Data>
        <Data name="Lateral shaping"><value>0</value></Data>
        <Data name="Distal shaping"><value>1</value></Data>
        <Data name="Back shaping"><value>0</value></Data>
        <Data name="Cresting"><value>1</value></Data>
        <Data name="Debordante shaping"><value>0</value></Data>
        <Data name="Overshot flaking"><value>0</value></Data>
        <Data name="Kombewa flaking"><value>0</value></Data>
        <Data name="Core tablet"><value>1</value></Data>
        <Data name="Abrasion"><value>0</value></Data>
        <Data name="Trimming platform overhang"><value>1</value></Data>
        <Data name="Hard hammer percussion"><value>1</value></Data>
        <Data name="Support core with hand"><value>1</value></Data>
        <Data name="Use of an anvil"><value>1</value></Data>
        <Data name="Core rotation"><value>1</value></Data>
        <Data name="Soft hammer percussion"><value>0</value></Data>
        <Data name="Indirect percussion"><value>0</value></Data>
        <Data name="Flaking through pressure"><value>1</value></Data>
        <Data name="Hammer dressing"><value>0</value></Data>
        <Data name="Invasive flaking"><value>1</value></Data>
        <Data name="Ochre use"><value>0</value></Data>
        <Data name="Asphalt use"><value>0</value></Data>
        <Data name="Retouch"><value>1</value></Data>
        <Data name="Backing"><value>1</value></Data>
        <Data name="Notching"><value>1</value></Data>
        <Data name="Burination"><value>1</value></Data>
        <Data name="Tanging"><value>0</value></Data>
        <Data name="Tranchet"><value>0</value></Data>
        <Data name="Bifacial retouch"><value>0</value></Data>
        <Data name="Invasive retouch"><value>0</value></Data>
        <Data name="Pressure flaked retouch"><value>0</value></Data>
      </ExtendedData>
      <Point><coordinates>53.013902,30.191948,0</coordinates></Point>
    </Placemark>
    </Folder>
    <Folder><name>Israel (12)</name><open>0</open>
    <Placemark>
      <name>Ein Qashish</name>
      <styleUrl>#arch</styleUrl>
      <description><![CDATA[<div style="font:13px/1.45 Helvetica,Arial,sans-serif;max-width:400px"><table><tr><td style="padding:2px 10px 2px 0;vertical-align:top;white-space:nowrap"><b>Site</b></td><td style="padding:2px 0">Ein Qashish</td></tr><tr><td style="padding:2px 10px 2px 0;vertical-align:top;white-space:nowrap"><b>Country</b></td><td style="padding:2px 0">Israel</td></tr><tr><td style="padding:2px 10px 2px 0;vertical-align:top;white-space:nowrap"><b>Entry type</b></td><td style="padding:2px 0">Archaeological</td></tr><tr><td style="padding:2px 10px 2px 0;vertical-align:top;white-space:nowrap"><b>Species attribution</b></td><td style="padding:2px 0">H. neanderthalensis</td></tr><tr><td style="padding:2px 10px 2px 0;vertical-align:top;white-space:nowrap"><b>Technology (interpreted)</b></td><td style="padding:2px 0">Other</td></tr><tr><td style="padding:2px 10px 2px 0;vertical-align:top;white-space:nowrap"><b>Age</b></td><td style="padding:2px 0">65 - 55 ka</td></tr><tr><td style="padding:2px 10px 2px 0;vertical-align:top;white-space:nowrap"><b>Basis for date</b></td><td style="padding:2px 0">-</td></tr><tr><td style="padding:2px 10px 2px 0;vertical-align:top;white-space:nowrap"><b>Scope of entry</b></td><td style="padding:2px 0">Single sequence</td></tr><tr><td style="padding:2px 10px 2px 0;vertical-align:top;white-space:nowrap"><b>Technology described</b></td><td style="padding:2px 0">Blades/bladelets from narrow fronted single platform cores. As in figure 5. With abraded and microchiped platforms. Retouch is conservatively assessed by the authors given taphonomic history of site. So I counted only rt as present no more.</td></tr><tr><td style="padding:2px 10px 2px 0;vertical-align:top;white-space:nowrap"><b>Published source</b></td><td style="padding:2px 0">Malinsky-Buller et al. 2014</td></tr><tr><td style="padding:2px 10px 2px 0;vertical-align:top;white-space:nowrap"><b>Techniques recorded</b></td><td style="padding:2px 0">13 of 33</td></tr></table><p style="margin:10px 0 3px"><b>Procedural units present</b></p><p style="margin:0">Platform faceting, Distal shaping, Cresting, Debordante shaping, Core tablet, Abrasion, Trimming platform overhang, Hard hammer percussion, Support core with hand, Core rotation, Soft hammer percussion, Invasive flaking, Retouch</p></div>]]></description>
      <ExtendedData>
        <Data name="Source"><value>Malinsky-Buller et al. 2014</value></Data>
        <Data name="Species"><value>H. neanderthalensis</value></Data>
        <Data name="Technology"><value>Other</value></Data>
        <Data name="Country"><value>Israel</value></Data>
        <Data name="Entry type"><value>Archaeological</value></Data>
        <Data name="KA young"><value>55</value></Data>
        <Data name="KA old"><value>65</value></Data>
        <Data name="Technique count"><value>13</value></Data>
        <Data name="Heat treatment"><value>0</value></Data>
        <Data name="Platform faceting"><value>1</value></Data>
        <Data name="Centripetal shaping"><value>0</value></Data>
        <Data name="Lateral shaping"><value>0</value></Data>
        <Data name="Distal shaping"><value>1</value></Data>
        <Data name="Back shaping"><value>0</value></Data>
        <Data name="Cresting"><value>1</value></Data>
        <Data name="Debordante shaping"><value>1</value></Data>
        <Data name="Overshot flaking"><value>0</value></Data>
        <Data name="Kombewa flaking"><value>0</value></Data>
        <Data name="Core tablet"><value>1</value></Data>
        <Data name="Abrasion"><value>1</value></Data>
        <Data name="Trimming platform overhang"><value>1</value></Data>
        <Data name="Hard hammer percussion"><value>1</value></Data>
        <Data name="Support core with hand"><value>1</value></Data>
        <Data name="Use of an anvil"><value>0</value></Data>
        <Data name="Core rotation"><value>1</value></Data>
        <Data name="Soft hammer percussion"><value>1</value></Data>
        <Data name="Indirect percussion"><value>0</value></Data>
        <Data name="Flaking through pressure"><value>0</value></Data>
        <Data name="Hammer dressing"><value>0</value></Data>
        <Data name="Invasive flaking"><value>1</value></Data>
        <Data name="Ochre use"><value>0</value></Data>
        <Data name="Asphalt use"><value>0</value></Data>
        <Data name="Retouch"><value>1</value></Data>
        <Data name="Backing"><value>0</value></Data>
        <Data name="Notching"><value>0</value></Data>
        <Data name="Burination"><value>0</value></Data>
        <Data name="Tanging"><value>0</value></Data>
        <Data name="Tranchet"><value>0</value></Data>
        <Data name="Bifacial retouch"><value>0</value></Data>
        <Data name="Invasive retouch"><value>0</value></Data>
        <Data name="Pressure flaked retouch"><value>0</value></Data>
      </ExtendedData>
      <Point><coordinates>35.071022,32.739551,0</coordinates></Point>
    </Placemark>
    <Placemark>
      <name>Ein Qashish</name>
      <styleUrl>#arch</styleUrl>
      <description><![CDATA[<div style="font:13px/1.45 Helvetica,Arial,sans-serif;max-width:400px"><table><tr><td style="padding:2px 10px 2px 0;vertical-align:top;white-space:nowrap"><b>Site</b></td><td style="padding:2px 0">Ein Qashish</td></tr><tr><td style="padding:2px 10px 2px 0;vertical-align:top;white-space:nowrap"><b>Country</b></td><td style="padding:2px 0">Israel</td></tr><tr><td style="padding:2px 10px 2px 0;vertical-align:top;white-space:nowrap"><b>Entry type</b></td><td style="padding:2px 0">Archaeological</td></tr><tr><td style="padding:2px 10px 2px 0;vertical-align:top;white-space:nowrap"><b>Species attribution</b></td><td style="padding:2px 0">H. neanderthalensis</td></tr><tr><td style="padding:2px 10px 2px 0;vertical-align:top;white-space:nowrap"><b>Technology (interpreted)</b></td><td style="padding:2px 0">Other</td></tr><tr><td style="padding:2px 10px 2px 0;vertical-align:top;white-space:nowrap"><b>Age</b></td><td style="padding:2px 0">65 - 55 ka</td></tr><tr><td style="padding:2px 10px 2px 0;vertical-align:top;white-space:nowrap"><b>Basis for date</b></td><td style="padding:2px 0">-</td></tr><tr><td style="padding:2px 10px 2px 0;vertical-align:top;white-space:nowrap"><b>Scope of entry</b></td><td style="padding:2px 0">Whole assemblage</td></tr><tr><td style="padding:2px 10px 2px 0;vertical-align:top;white-space:nowrap"><b>Technology described</b></td><td style="padding:2px 0">Whole assemblage</td></tr><tr><td style="padding:2px 10px 2px 0;vertical-align:top;white-space:nowrap"><b>Published source</b></td><td style="padding:2px 0">Malinsky-Buller et al. 2014</td></tr><tr><td style="padding:2px 10px 2px 0;vertical-align:top;white-space:nowrap"><b>Techniques recorded</b></td><td style="padding:2px 0">21 of 33</td></tr></table><p style="margin:10px 0 3px"><b>Procedural units present</b></p><p style="margin:0">Platform faceting, Centripetal shaping, Lateral shaping, Distal shaping, Cresting, Debordante shaping, Kombewa flaking, Core tablet, Abrasion, Trimming platform overhang, Hard hammer percussion, Support core with hand, Core rotation, Soft hammer percussion, Invasive flaking, Retouch, Backing, Notching, Burination, Bifacial retouch, Invasive retouch</p></div>]]></description>
      <ExtendedData>
        <Data name="Source"><value>Malinsky-Buller et al. 2014</value></Data>
        <Data name="Species"><value>H. neanderthalensis</value></Data>
        <Data name="Technology"><value>Other</value></Data>
        <Data name="Country"><value>Israel</value></Data>
        <Data name="Entry type"><value>Archaeological</value></Data>
        <Data name="KA young"><value>55</value></Data>
        <Data name="KA old"><value>65</value></Data>
        <Data name="Technique count"><value>21</value></Data>
        <Data name="Heat treatment"><value>0</value></Data>
        <Data name="Platform faceting"><value>1</value></Data>
        <Data name="Centripetal shaping"><value>1</value></Data>
        <Data name="Lateral shaping"><value>1</value></Data>
        <Data name="Distal shaping"><value>1</value></Data>
        <Data name="Back shaping"><value>0</value></Data>
        <Data name="Cresting"><value>1</value></Data>
        <Data name="Debordante shaping"><value>1</value></Data>
        <Data name="Overshot flaking"><value>0</value></Data>
        <Data name="Kombewa flaking"><value>1</value></Data>
        <Data name="Core tablet"><value>1</value></Data>
        <Data name="Abrasion"><value>1</value></Data>
        <Data name="Trimming platform overhang"><value>1</value></Data>
        <Data name="Hard hammer percussion"><value>1</value></Data>
        <Data name="Support core with hand"><value>1</value></Data>
        <Data name="Use of an anvil"><value>0</value></Data>
        <Data name="Core rotation"><value>1</value></Data>
        <Data name="Soft hammer percussion"><value>1</value></Data>
        <Data name="Indirect percussion"><value>0</value></Data>
        <Data name="Flaking through pressure"><value>0</value></Data>
        <Data name="Hammer dressing"><value>0</value></Data>
        <Data name="Invasive flaking"><value>1</value></Data>
        <Data name="Ochre use"><value>0</value></Data>
        <Data name="Asphalt use"><value>0</value></Data>
        <Data name="Retouch"><value>1</value></Data>
        <Data name="Backing"><value>1</value></Data>
        <Data name="Notching"><value>1</value></Data>
        <Data name="Burination"><value>1</value></Data>
        <Data name="Tanging"><value>0</value></Data>
        <Data name="Tranchet"><value>0</value></Data>
        <Data name="Bifacial retouch"><value>1</value></Data>
        <Data name="Invasive retouch"><value>1</value></Data>
        <Data name="Pressure flaked retouch"><value>0</value></Data>
      </ExtendedData>
      <Point><coordinates>35.084973,32.607159,0</coordinates></Point>
    </Placemark>
    <Placemark>
      <name>Gesher Benot Ya'aqov</name>
      <styleUrl>#arch</styleUrl>
      <description><![CDATA[<div style="font:13px/1.45 Helvetica,Arial,sans-serif;max-width:400px"><table><tr><td style="padding:2px 10px 2px 0;vertical-align:top;white-space:nowrap"><b>Site</b></td><td style="padding:2px 0">Gesher Benot Ya'aqov</td></tr><tr><td style="padding:2px 10px 2px 0;vertical-align:top;white-space:nowrap"><b>Country</b></td><td style="padding:2px 0">Israel</td></tr><tr><td style="padding:2px 10px 2px 0;vertical-align:top;white-space:nowrap"><b>Entry type</b></td><td style="padding:2px 0">Archaeological</td></tr><tr><td style="padding:2px 10px 2px 0;vertical-align:top;white-space:nowrap"><b>Species attribution</b></td><td style="padding:2px 0">Unattributed</td></tr><tr><td style="padding:2px 10px 2px 0;vertical-align:top;white-space:nowrap"><b>Technology (interpreted)</b></td><td style="padding:2px 0">Acheulean</td></tr><tr><td style="padding:2px 10px 2px 0;vertical-align:top;white-space:nowrap"><b>Age</b></td><td style="padding:2px 0">860 - 760 ka</td></tr><tr><td style="padding:2px 10px 2px 0;vertical-align:top;white-space:nowrap"><b>Basis for date</b></td><td style="padding:2px 0">Need to double check An Acheulian biface assemblage from Gesher Benot Ya'aqov Israel: indications of African affinities</td></tr><tr><td style="padding:2px 10px 2px 0;vertical-align:top;white-space:nowrap"><b>Scope of entry</b></td><td style="padding:2px 0">Single sequence</td></tr><tr><td style="padding:2px 10px 2px 0;vertical-align:top;white-space:nowrap"><b>Technology described</b></td><td style="padding:2px 0">Scrapers on massive flakes</td></tr><tr><td style="padding:2px 10px 2px 0;vertical-align:top;white-space:nowrap"><b>Published source</b></td><td style="padding:2px 0">Goren-Inbar et al. 2008</td></tr><tr><td style="padding:2px 10px 2px 0;vertical-align:top;white-space:nowrap"><b>Techniques recorded</b></td><td style="padding:2px 0">4 of 33</td></tr></table><p style="margin:10px 0 3px"><b>Procedural units present</b></p><p style="margin:0">Hard hammer percussion, Support core with hand, Core rotation, Retouch</p></div>]]></description>
      <ExtendedData>
        <Data name="Source"><value>Goren-Inbar et al. 2008</value></Data>
        <Data name="Species"><value>Unattributed</value></Data>
        <Data name="Technology"><value>Acheulean</value></Data>
        <Data name="Country"><value>Israel</value></Data>
        <Data name="Entry type"><value>Archaeological</value></Data>
        <Data name="KA young"><value>760</value></Data>
        <Data name="KA old"><value>860</value></Data>
        <Data name="Technique count"><value>4</value></Data>
        <Data name="Heat treatment"><value>0</value></Data>
        <Data name="Platform faceting"><value>0</value></Data>
        <Data name="Centripetal shaping"><value>0</value></Data>
        <Data name="Lateral shaping"><value>0</value></Data>
        <Data name="Distal shaping"><value>0</value></Data>
        <Data name="Back shaping"><value>0</value></Data>
        <Data name="Cresting"><value>0</value></Data>
        <Data name="Debordante shaping"><value>0</value></Data>
        <Data name="Overshot flaking"><value>0</value></Data>
        <Data name="Kombewa flaking"><value>0</value></Data>
        <Data name="Core tablet"><value>0</value></Data>
        <Data name="Abrasion"><value>0</value></Data>
        <Data name="Trimming platform overhang"><value>0</value></Data>
        <Data name="Hard hammer percussion"><value>1</value></Data>
        <Data name="Support core with hand"><value>1</value></Data>
        <Data name="Use of an anvil"><value>0</value></Data>
        <Data name="Core rotation"><value>1</value></Data>
        <Data name="Soft hammer percussion"><value>0</value></Data>
        <Data name="Indirect percussion"><value>0</value></Data>
        <Data name="Flaking through pressure"><value>0</value></Data>
        <Data name="Hammer dressing"><value>0</value></Data>
        <Data name="Invasive flaking"><value>0</value></Data>
        <Data name="Ochre use"><value>0</value></Data>
        <Data name="Asphalt use"><value>0</value></Data>
        <Data name="Retouch"><value>1</value></Data>
        <Data name="Backing"><value>0</value></Data>
        <Data name="Notching"><value>0</value></Data>
        <Data name="Burination"><value>0</value></Data>
        <Data name="Tanging"><value>0</value></Data>
        <Data name="Tranchet"><value>0</value></Data>
        <Data name="Bifacial retouch"><value>0</value></Data>
        <Data name="Invasive retouch"><value>0</value></Data>
        <Data name="Pressure flaked retouch"><value>0</value></Data>
      </ExtendedData>
      <Point><coordinates>35.523897,33.048993,0</coordinates></Point>
    </Placemark>
    <Placemark>
      <name>Gesher Benot Ya'aqov</name>
      <styleUrl>#arch</styleUrl>
      <description><![CDATA[<div style="font:13px/1.45 Helvetica,Arial,sans-serif;max-width:400px"><table><tr><td style="padding:2px 10px 2px 0;vertical-align:top;white-space:nowrap"><b>Site</b></td><td style="padding:2px 0">Gesher Benot Ya'aqov</td></tr><tr><td style="padding:2px 10px 2px 0;vertical-align:top;white-space:nowrap"><b>Country</b></td><td style="padding:2px 0">Israel</td></tr><tr><td style="padding:2px 10px 2px 0;vertical-align:top;white-space:nowrap"><b>Entry type</b></td><td style="padding:2px 0">Archaeological</td></tr><tr><td style="padding:2px 10px 2px 0;vertical-align:top;white-space:nowrap"><b>Species attribution</b></td><td style="padding:2px 0">Unattributed</td></tr><tr><td style="padding:2px 10px 2px 0;vertical-align:top;white-space:nowrap"><b>Technology (interpreted)</b></td><td style="padding:2px 0">Acheulean</td></tr><tr><td style="padding:2px 10px 2px 0;vertical-align:top;white-space:nowrap"><b>Age</b></td><td style="padding:2px 0">860 - 760 ka</td></tr><tr><td style="padding:2px 10px 2px 0;vertical-align:top;white-space:nowrap"><b>Basis for date</b></td><td style="padding:2px 0">Need to double check An Acheulian biface assemblage from Gesher Benot Ya'aqov Israel: indications of African affinities</td></tr><tr><td style="padding:2px 10px 2px 0;vertical-align:top;white-space:nowrap"><b>Scope of entry</b></td><td style="padding:2px 0">Whole assemblage</td></tr><tr><td style="padding:2px 10px 2px 0;vertical-align:top;white-space:nowrap"><b>Technology described</b></td><td style="padding:2px 0">Whole assemblage</td></tr><tr><td style="padding:2px 10px 2px 0;vertical-align:top;white-space:nowrap"><b>Published source</b></td><td style="padding:2px 0">Goren-Inbar et al. 2008</td></tr><tr><td style="padding:2px 10px 2px 0;vertical-align:top;white-space:nowrap"><b>Techniques recorded</b></td><td style="padding:2px 0">8 of 33</td></tr></table><p style="margin:10px 0 3px"><b>Procedural units present</b></p><p style="margin:0">Centripetal shaping, Kombewa flaking, Hard hammer percussion, Support core with hand, Core rotation, Invasive flaking, Retouch, Bifacial retouch</p></div>]]></description>
      <ExtendedData>
        <Data name="Source"><value>Goren-Inbar et al. 2008</value></Data>
        <Data name="Species"><value>Unattributed</value></Data>
        <Data name="Technology"><value>Acheulean</value></Data>
        <Data name="Country"><value>Israel</value></Data>
        <Data name="Entry type"><value>Archaeological</value></Data>
        <Data name="KA young"><value>760</value></Data>
        <Data name="KA old"><value>860</value></Data>
        <Data name="Technique count"><value>8</value></Data>
        <Data name="Heat treatment"><value>0</value></Data>
        <Data name="Platform faceting"><value>0</value></Data>
        <Data name="Centripetal shaping"><value>1</value></Data>
        <Data name="Lateral shaping"><value>0</value></Data>
        <Data name="Distal shaping"><value>0</value></Data>
        <Data name="Back shaping"><value>0</value></Data>
        <Data name="Cresting"><value>0</value></Data>
        <Data name="Debordante shaping"><value>0</value></Data>
        <Data name="Overshot flaking"><value>0</value></Data>
        <Data name="Kombewa flaking"><value>1</value></Data>
        <Data name="Core tablet"><value>0</value></Data>
        <Data name="Abrasion"><value>0</value></Data>
        <Data name="Trimming platform overhang"><value>0</value></Data>
        <Data name="Hard hammer percussion"><value>1</value></Data>
        <Data name="Support core with hand"><value>1</value></Data>
        <Data name="Use of an anvil"><value>0</value></Data>
        <Data name="Core rotation"><value>1</value></Data>
        <Data name="Soft hammer percussion"><value>0</value></Data>
        <Data name="Indirect percussion"><value>0</value></Data>
        <Data name="Flaking through pressure"><value>0</value></Data>
        <Data name="Hammer dressing"><value>0</value></Data>
        <Data name="Invasive flaking"><value>1</value></Data>
        <Data name="Ochre use"><value>0</value></Data>
        <Data name="Asphalt use"><value>0</value></Data>
        <Data name="Retouch"><value>1</value></Data>
        <Data name="Backing"><value>0</value></Data>
        <Data name="Notching"><value>0</value></Data>
        <Data name="Burination"><value>0</value></Data>
        <Data name="Tanging"><value>0</value></Data>
        <Data name="Tranchet"><value>0</value></Data>
        <Data name="Bifacial retouch"><value>1</value></Data>
        <Data name="Invasive retouch"><value>0</value></Data>
        <Data name="Pressure flaked retouch"><value>0</value></Data>
      </ExtendedData>
      <Point><coordinates>35.077059,32.962810,0</coordinates></Point>
    </Placemark>
    <Placemark>
      <name>Hayonim cave level D.</name>
      <styleUrl>#arch</styleUrl>
      <description><![CDATA[<div style="font:13px/1.45 Helvetica,Arial,sans-serif;max-width:400px"><table><tr><td style="padding:2px 10px 2px 0;vertical-align:top;white-space:nowrap"><b>Site</b></td><td style="padding:2px 0">Hayonim cave level D.</td></tr><tr><td style="padding:2px 10px 2px 0;vertical-align:top;white-space:nowrap"><b>Country</b></td><td style="padding:2px 0">Israel</td></tr><tr><td style="padding:2px 10px 2px 0;vertical-align:top;white-space:nowrap"><b>Entry type</b></td><td style="padding:2px 0">Archaeological</td></tr><tr><td style="padding:2px 10px 2px 0;vertical-align:top;white-space:nowrap"><b>Species attribution</b></td><td style="padding:2px 0">H. sapiens</td></tr><tr><td style="padding:2px 10px 2px 0;vertical-align:top;white-space:nowrap"><b>Technology (interpreted)</b></td><td style="padding:2px 0">Other</td></tr><tr><td style="padding:2px 10px 2px 0;vertical-align:top;white-space:nowrap"><b>Age</b></td><td style="padding:2px 0">30 - 21 ka</td></tr><tr><td style="padding:2px 10px 2px 0;vertical-align:top;white-space:nowrap"><b>Basis for date</b></td><td style="padding:2px 0">-</td></tr><tr><td style="padding:2px 10px 2px 0;vertical-align:top;white-space:nowrap"><b>Scope of entry</b></td><td style="padding:2px 0">Single sequence</td></tr><tr><td style="padding:2px 10px 2px 0;vertical-align:top;white-space:nowrap"><b>Technology described</b></td><td style="padding:2px 0">Bladelet production on endscraper on a flake. notched to manage lateral convexities and narrow working surface. step 4 include debordante removals.</td></tr><tr><td style="padding:2px 10px 2px 0;vertical-align:top;white-space:nowrap"><b>Published source</b></td><td style="padding:2px 0">Chazan 2001b</td></tr><tr><td style="padding:2px 10px 2px 0;vertical-align:top;white-space:nowrap"><b>Techniques recorded</b></td><td style="padding:2px 0">8 of 33</td></tr></table><p style="margin:10px 0 3px"><b>Procedural units present</b></p><p style="margin:0">Cresting, Hard hammer percussion, Support core with hand, Core rotation, Invasive flaking, Retouch, Backing, Notching</p></div>]]></description>
      <ExtendedData>
        <Data name="Source"><value>Chazan 2001b</value></Data>
        <Data name="Species"><value>H. sapiens</value></Data>
        <Data name="Technology"><value>Other</value></Data>
        <Data name="Country"><value>Israel</value></Data>
        <Data name="Entry type"><value>Archaeological</value></Data>
        <Data name="KA young"><value>21</value></Data>
        <Data name="KA old"><value>30</value></Data>
        <Data name="Technique count"><value>8</value></Data>
        <Data name="Heat treatment"><value>0</value></Data>
        <Data name="Platform faceting"><value>0</value></Data>
        <Data name="Centripetal shaping"><value>0</value></Data>
        <Data name="Lateral shaping"><value>0</value></Data>
        <Data name="Distal shaping"><value>0</value></Data>
        <Data name="Back shaping"><value>0</value></Data>
        <Data name="Cresting"><value>1</value></Data>
        <Data name="Debordante shaping"><value>0</value></Data>
        <Data name="Overshot flaking"><value>0</value></Data>
        <Data name="Kombewa flaking"><value>0</value></Data>
        <Data name="Core tablet"><value>0</value></Data>
        <Data name="Abrasion"><value>0</value></Data>
        <Data name="Trimming platform overhang"><value>0</value></Data>
        <Data name="Hard hammer percussion"><value>1</value></Data>
        <Data name="Support core with hand"><value>1</value></Data>
        <Data name="Use of an anvil"><value>0</value></Data>
        <Data name="Core rotation"><value>1</value></Data>
        <Data name="Soft hammer percussion"><value>0</value></Data>
        <Data name="Indirect percussion"><value>0</value></Data>
        <Data name="Flaking through pressure"><value>0</value></Data>
        <Data name="Hammer dressing"><value>0</value></Data>
        <Data name="Invasive flaking"><value>1</value></Data>
        <Data name="Ochre use"><value>0</value></Data>
        <Data name="Asphalt use"><value>0</value></Data>
        <Data name="Retouch"><value>1</value></Data>
        <Data name="Backing"><value>1</value></Data>
        <Data name="Notching"><value>1</value></Data>
        <Data name="Burination"><value>0</value></Data>
        <Data name="Tanging"><value>0</value></Data>
        <Data name="Tranchet"><value>0</value></Data>
        <Data name="Bifacial retouch"><value>0</value></Data>
        <Data name="Invasive retouch"><value>0</value></Data>
        <Data name="Pressure flaked retouch"><value>0</value></Data>
      </ExtendedData>
      <Point><coordinates>35.280769,32.899286,0</coordinates></Point>
    </Placemark>
    <Placemark>
      <name>Kfar HaHoresh</name>
      <styleUrl>#arch</styleUrl>
      <description><![CDATA[<div style="font:13px/1.45 Helvetica,Arial,sans-serif;max-width:400px"><table><tr><td style="padding:2px 10px 2px 0;vertical-align:top;white-space:nowrap"><b>Site</b></td><td style="padding:2px 0">Kfar HaHoresh</td></tr><tr><td style="padding:2px 10px 2px 0;vertical-align:top;white-space:nowrap"><b>Country</b></td><td style="padding:2px 0">Israel</td></tr><tr><td style="padding:2px 10px 2px 0;vertical-align:top;white-space:nowrap"><b>Entry type</b></td><td style="padding:2px 0">Archaeological</td></tr><tr><td style="padding:2px 10px 2px 0;vertical-align:top;white-space:nowrap"><b>Species attribution</b></td><td style="padding:2px 0">H. sapiens</td></tr><tr><td style="padding:2px 10px 2px 0;vertical-align:top;white-space:nowrap"><b>Technology (interpreted)</b></td><td style="padding:2px 0">Other</td></tr><tr><td style="padding:2px 10px 2px 0;vertical-align:top;white-space:nowrap"><b>Age</b></td><td style="padding:2px 0">12 - 11 ka</td></tr><tr><td style="padding:2px 10px 2px 0;vertical-align:top;white-space:nowrap"><b>Basis for date</b></td><td style="padding:2px 0">-</td></tr><tr><td style="padding:2px 10px 2px 0;vertical-align:top;white-space:nowrap"><b>Scope of entry</b></td><td style="padding:2px 0">Single sequence</td></tr><tr><td style="padding:2px 10px 2px 0;vertical-align:top;white-space:nowrap"><b>Technology described</b></td><td style="padding:2px 0">Naviform reduction producing blades that are made into amuq points.</td></tr><tr><td style="padding:2px 10px 2px 0;vertical-align:top;white-space:nowrap"><b>Published source</b></td><td style="padding:2px 0">Barzilai and Goring-Morris 2010</td></tr><tr><td style="padding:2px 10px 2px 0;vertical-align:top;white-space:nowrap"><b>Techniques recorded</b></td><td style="padding:2px 0">17 of 33</td></tr></table><p style="margin:10px 0 3px"><b>Procedural units present</b></p><p style="margin:0">Heat treatment, Distal shaping, Back shaping, Cresting, Debordante shaping, Overshot flaking, Core tablet, Abrasion, Trimming platform overhang, Hard hammer percussion, Support core with hand, Core rotation, Invasive flaking, Retouch, Tanging, Invasive retouch, Pressure flaked retouch</p></div>]]></description>
      <ExtendedData>
        <Data name="Source"><value>Barzilai and Goring-Morris 2010</value></Data>
        <Data name="Species"><value>H. sapiens</value></Data>
        <Data name="Technology"><value>Other</value></Data>
        <Data name="Country"><value>Israel</value></Data>
        <Data name="Entry type"><value>Archaeological</value></Data>
        <Data name="KA young"><value>11</value></Data>
        <Data name="KA old"><value>12.2</value></Data>
        <Data name="Technique count"><value>17</value></Data>
        <Data name="Heat treatment"><value>1</value></Data>
        <Data name="Platform faceting"><value>0</value></Data>
        <Data name="Centripetal shaping"><value>0</value></Data>
        <Data name="Lateral shaping"><value>0</value></Data>
        <Data name="Distal shaping"><value>1</value></Data>
        <Data name="Back shaping"><value>1</value></Data>
        <Data name="Cresting"><value>1</value></Data>
        <Data name="Debordante shaping"><value>1</value></Data>
        <Data name="Overshot flaking"><value>1</value></Data>
        <Data name="Kombewa flaking"><value>0</value></Data>
        <Data name="Core tablet"><value>1</value></Data>
        <Data name="Abrasion"><value>1</value></Data>
        <Data name="Trimming platform overhang"><value>1</value></Data>
        <Data name="Hard hammer percussion"><value>1</value></Data>
        <Data name="Support core with hand"><value>1</value></Data>
        <Data name="Use of an anvil"><value>0</value></Data>
        <Data name="Core rotation"><value>1</value></Data>
        <Data name="Soft hammer percussion"><value>0</value></Data>
        <Data name="Indirect percussion"><value>0</value></Data>
        <Data name="Flaking through pressure"><value>0</value></Data>
        <Data name="Hammer dressing"><value>0</value></Data>
        <Data name="Invasive flaking"><value>1</value></Data>
        <Data name="Ochre use"><value>0</value></Data>
        <Data name="Asphalt use"><value>0</value></Data>
        <Data name="Retouch"><value>1</value></Data>
        <Data name="Backing"><value>0</value></Data>
        <Data name="Notching"><value>0</value></Data>
        <Data name="Burination"><value>0</value></Data>
        <Data name="Tanging"><value>1</value></Data>
        <Data name="Tranchet"><value>0</value></Data>
        <Data name="Bifacial retouch"><value>0</value></Data>
        <Data name="Invasive retouch"><value>1</value></Data>
        <Data name="Pressure flaked retouch"><value>1</value></Data>
      </ExtendedData>
      <Point><coordinates>35.275956,32.591888,0</coordinates></Point>
    </Placemark>
    <Placemark>
      <name>Kfar HaHoresh</name>
      <styleUrl>#arch</styleUrl>
      <description><![CDATA[<div style="font:13px/1.45 Helvetica,Arial,sans-serif;max-width:400px"><table><tr><td style="padding:2px 10px 2px 0;vertical-align:top;white-space:nowrap"><b>Site</b></td><td style="padding:2px 0">Kfar HaHoresh</td></tr><tr><td style="padding:2px 10px 2px 0;vertical-align:top;white-space:nowrap"><b>Country</b></td><td style="padding:2px 0">Israel</td></tr><tr><td style="padding:2px 10px 2px 0;vertical-align:top;white-space:nowrap"><b>Entry type</b></td><td style="padding:2px 0">Archaeological</td></tr><tr><td style="padding:2px 10px 2px 0;vertical-align:top;white-space:nowrap"><b>Species attribution</b></td><td style="padding:2px 0">H. sapiens</td></tr><tr><td style="padding:2px 10px 2px 0;vertical-align:top;white-space:nowrap"><b>Technology (interpreted)</b></td><td style="padding:2px 0">Other</td></tr><tr><td style="padding:2px 10px 2px 0;vertical-align:top;white-space:nowrap"><b>Age</b></td><td style="padding:2px 0">12 - 11 ka</td></tr><tr><td style="padding:2px 10px 2px 0;vertical-align:top;white-space:nowrap"><b>Basis for date</b></td><td style="padding:2px 0">-</td></tr><tr><td style="padding:2px 10px 2px 0;vertical-align:top;white-space:nowrap"><b>Scope of entry</b></td><td style="padding:2px 0">Whole assemblage</td></tr><tr><td style="padding:2px 10px 2px 0;vertical-align:top;white-space:nowrap"><b>Technology described</b></td><td style="padding:2px 0">All techniques reporte</td></tr><tr><td style="padding:2px 10px 2px 0;vertical-align:top;white-space:nowrap"><b>Published source</b></td><td style="padding:2px 0">Barzilai and Goring-Morris 2010</td></tr><tr><td style="padding:2px 10px 2px 0;vertical-align:top;white-space:nowrap"><b>Techniques recorded</b></td><td style="padding:2px 0">21 of 33</td></tr></table><p style="margin:10px 0 3px"><b>Procedural units present</b></p><p style="margin:0">Heat treatment, Distal shaping, Back shaping, Cresting, Debordante shaping, Overshot flaking, Core tablet, Abrasion, Trimming platform overhang, Hard hammer percussion, Support core with hand, Core rotation, Invasive flaking, Retouch, Backing, Notching, Burination, Tanging, Bifacial retouch, Invasive retouch, Pressure flaked retouch</p></div>]]></description>
      <ExtendedData>
        <Data name="Source"><value>Barzilai and Goring-Morris 2010</value></Data>
        <Data name="Species"><value>H. sapiens</value></Data>
        <Data name="Technology"><value>Other</value></Data>
        <Data name="Country"><value>Israel</value></Data>
        <Data name="Entry type"><value>Archaeological</value></Data>
        <Data name="KA young"><value>11</value></Data>
        <Data name="KA old"><value>12.2</value></Data>
        <Data name="Technique count"><value>21</value></Data>
        <Data name="Heat treatment"><value>1</value></Data>
        <Data name="Platform faceting"><value>0</value></Data>
        <Data name="Centripetal shaping"><value>0</value></Data>
        <Data name="Lateral shaping"><value>0</value></Data>
        <Data name="Distal shaping"><value>1</value></Data>
        <Data name="Back shaping"><value>1</value></Data>
        <Data name="Cresting"><value>1</value></Data>
        <Data name="Debordante shaping"><value>1</value></Data>
        <Data name="Overshot flaking"><value>1</value></Data>
        <Data name="Kombewa flaking"><value>0</value></Data>
        <Data name="Core tablet"><value>1</value></Data>
        <Data name="Abrasion"><value>1</value></Data>
        <Data name="Trimming platform overhang"><value>1</value></Data>
        <Data name="Hard hammer percussion"><value>1</value></Data>
        <Data name="Support core with hand"><value>1</value></Data>
        <Data name="Use of an anvil"><value>0</value></Data>
        <Data name="Core rotation"><value>1</value></Data>
        <Data name="Soft hammer percussion"><value>0</value></Data>
        <Data name="Indirect percussion"><value>0</value></Data>
        <Data name="Flaking through pressure"><value>0</value></Data>
        <Data name="Hammer dressing"><value>0</value></Data>
        <Data name="Invasive flaking"><value>1</value></Data>
        <Data name="Ochre use"><value>0</value></Data>
        <Data name="Asphalt use"><value>0</value></Data>
        <Data name="Retouch"><value>1</value></Data>
        <Data name="Backing"><value>1</value></Data>
        <Data name="Notching"><value>1</value></Data>
        <Data name="Burination"><value>1</value></Data>
        <Data name="Tanging"><value>1</value></Data>
        <Data name="Tranchet"><value>0</value></Data>
        <Data name="Bifacial retouch"><value>1</value></Data>
        <Data name="Invasive retouch"><value>1</value></Data>
        <Data name="Pressure flaked retouch"><value>1</value></Data>
      </ExtendedData>
      <Point><coordinates>35.289691,32.714663,0</coordinates></Point>
    </Placemark>
    <Placemark>
      <name>Nahal Sekher VI</name>
      <styleUrl>#arch</styleUrl>
      <description><![CDATA[<div style="font:13px/1.45 Helvetica,Arial,sans-serif;max-width:400px"><table><tr><td style="padding:2px 10px 2px 0;vertical-align:top;white-space:nowrap"><b>Site</b></td><td style="padding:2px 0">Nahal Sekher VI</td></tr><tr><td style="padding:2px 10px 2px 0;vertical-align:top;white-space:nowrap"><b>Country</b></td><td style="padding:2px 0">Israel</td></tr><tr><td style="padding:2px 10px 2px 0;vertical-align:top;white-space:nowrap"><b>Entry type</b></td><td style="padding:2px 0">Archaeological</td></tr><tr><td style="padding:2px 10px 2px 0;vertical-align:top;white-space:nowrap"><b>Species attribution</b></td><td style="padding:2px 0">H. sapiens</td></tr><tr><td style="padding:2px 10px 2px 0;vertical-align:top;white-space:nowrap"><b>Technology (interpreted)</b></td><td style="padding:2px 0">Other</td></tr><tr><td style="padding:2px 10px 2px 0;vertical-align:top;white-space:nowrap"><b>Age</b></td><td style="padding:2px 0">14 - 12 ka</td></tr><tr><td style="padding:2px 10px 2px 0;vertical-align:top;white-space:nowrap"><b>Basis for date</b></td><td style="padding:2px 0">-</td></tr><tr><td style="padding:2px 10px 2px 0;vertical-align:top;white-space:nowrap"><b>Scope of entry</b></td><td style="padding:2px 0">Single sequence</td></tr><tr><td style="padding:2px 10px 2px 0;vertical-align:top;white-space:nowrap"><b>Technology described</b></td><td style="padding:2px 0">bifacially Backed lunates made on mbt bladelets struck from single platform cores like those illustrated in figure 15. Though we code facetting as present given their description in the text and in core figure 16.  Rejuvinated with tablets and established with crested bladelets. no debordantes</td></tr><tr><td style="padding:2px 10px 2px 0;vertical-align:top;white-space:nowrap"><b>Published source</b></td><td style="padding:2px 0">Barzilai and Ashkenazy 2015</td></tr><tr><td style="padding:2px 10px 2px 0;vertical-align:top;white-space:nowrap"><b>Techniques recorded</b></td><td style="padding:2px 0">14 of 33</td></tr></table><p style="margin:10px 0 3px"><b>Procedural units present</b></p><p style="margin:0">Platform faceting, Cresting, Overshot flaking, Core tablet, Trimming platform overhang, Hard hammer percussion, Support core with hand, Use of an anvil, Core rotation, Invasive flaking, Backing, Notching, Burination, Bifacial retouch</p></div>]]></description>
      <ExtendedData>
        <Data name="Source"><value>Barzilai and Ashkenazy 2015</value></Data>
        <Data name="Species"><value>H. sapiens</value></Data>
        <Data name="Technology"><value>Other</value></Data>
        <Data name="Country"><value>Israel</value></Data>
        <Data name="Entry type"><value>Archaeological</value></Data>
        <Data name="KA young"><value>11.8</value></Data>
        <Data name="KA old"><value>13.6</value></Data>
        <Data name="Technique count"><value>14</value></Data>
        <Data name="Heat treatment"><value>0</value></Data>
        <Data name="Platform faceting"><value>1</value></Data>
        <Data name="Centripetal shaping"><value>0</value></Data>
        <Data name="Lateral shaping"><value>0</value></Data>
        <Data name="Distal shaping"><value>0</value></Data>
        <Data name="Back shaping"><value>0</value></Data>
        <Data name="Cresting"><value>1</value></Data>
        <Data name="Debordante shaping"><value>0</value></Data>
        <Data name="Overshot flaking"><value>1</value></Data>
        <Data name="Kombewa flaking"><value>0</value></Data>
        <Data name="Core tablet"><value>1</value></Data>
        <Data name="Abrasion"><value>0</value></Data>
        <Data name="Trimming platform overhang"><value>1</value></Data>
        <Data name="Hard hammer percussion"><value>1</value></Data>
        <Data name="Support core with hand"><value>1</value></Data>
        <Data name="Use of an anvil"><value>1</value></Data>
        <Data name="Core rotation"><value>1</value></Data>
        <Data name="Soft hammer percussion"><value>0</value></Data>
        <Data name="Indirect percussion"><value>0</value></Data>
        <Data name="Flaking through pressure"><value>0</value></Data>
        <Data name="Hammer dressing"><value>0</value></Data>
        <Data name="Invasive flaking"><value>1</value></Data>
        <Data name="Ochre use"><value>0</value></Data>
        <Data name="Asphalt use"><value>0</value></Data>
        <Data name="Retouch"><value>0</value></Data>
        <Data name="Backing"><value>1</value></Data>
        <Data name="Notching"><value>1</value></Data>
        <Data name="Burination"><value>1</value></Data>
        <Data name="Tanging"><value>0</value></Data>
        <Data name="Tranchet"><value>0</value></Data>
        <Data name="Bifacial retouch"><value>1</value></Data>
        <Data name="Invasive retouch"><value>0</value></Data>
        <Data name="Pressure flaked retouch"><value>0</value></Data>
      </ExtendedData>
      <Point><coordinates>34.898652,31.223827,0</coordinates></Point>
    </Placemark>
    <Placemark>
      <name>Nahal Sekher VI</name>
      <styleUrl>#arch</styleUrl>
      <description><![CDATA[<div style="font:13px/1.45 Helvetica,Arial,sans-serif;max-width:400px"><table><tr><td style="padding:2px 10px 2px 0;vertical-align:top;white-space:nowrap"><b>Site</b></td><td style="padding:2px 0">Nahal Sekher VI</td></tr><tr><td style="padding:2px 10px 2px 0;vertical-align:top;white-space:nowrap"><b>Country</b></td><td style="padding:2px 0">Israel</td></tr><tr><td style="padding:2px 10px 2px 0;vertical-align:top;white-space:nowrap"><b>Entry type</b></td><td style="padding:2px 0">Archaeological</td></tr><tr><td style="padding:2px 10px 2px 0;vertical-align:top;white-space:nowrap"><b>Species attribution</b></td><td style="padding:2px 0">H. sapiens</td></tr><tr><td style="padding:2px 10px 2px 0;vertical-align:top;white-space:nowrap"><b>Technology (interpreted)</b></td><td style="padding:2px 0">Other</td></tr><tr><td style="padding:2px 10px 2px 0;vertical-align:top;white-space:nowrap"><b>Age</b></td><td style="padding:2px 0">14 - 12 ka</td></tr><tr><td style="padding:2px 10px 2px 0;vertical-align:top;white-space:nowrap"><b>Basis for date</b></td><td style="padding:2px 0">-</td></tr><tr><td style="padding:2px 10px 2px 0;vertical-align:top;white-space:nowrap"><b>Scope of entry</b></td><td style="padding:2px 0">Whole assemblage</td></tr><tr><td style="padding:2px 10px 2px 0;vertical-align:top;white-space:nowrap"><b>Technology described</b></td><td style="padding:2px 0">Whole assemblage</td></tr><tr><td style="padding:2px 10px 2px 0;vertical-align:top;white-space:nowrap"><b>Published source</b></td><td style="padding:2px 0">Barzilai and Ashkenazy 2015</td></tr><tr><td style="padding:2px 10px 2px 0;vertical-align:top;white-space:nowrap"><b>Techniques recorded</b></td><td style="padding:2px 0">15 of 33</td></tr></table><p style="margin:10px 0 3px"><b>Procedural units present</b></p><p style="margin:0">Platform faceting, Cresting, Overshot flaking, Core tablet, Trimming platform overhang, Hard hammer percussion, Support core with hand, Use of an anvil, Core rotation, Invasive flaking, Retouch, Backing, Notching, Burination, Bifacial retouch</p></div>]]></description>
      <ExtendedData>
        <Data name="Source"><value>Barzilai and Ashkenazy 2015</value></Data>
        <Data name="Species"><value>H. sapiens</value></Data>
        <Data name="Technology"><value>Other</value></Data>
        <Data name="Country"><value>Israel</value></Data>
        <Data name="Entry type"><value>Archaeological</value></Data>
        <Data name="KA young"><value>11.8</value></Data>
        <Data name="KA old"><value>13.6</value></Data>
        <Data name="Technique count"><value>15</value></Data>
        <Data name="Heat treatment"><value>0</value></Data>
        <Data name="Platform faceting"><value>1</value></Data>
        <Data name="Centripetal shaping"><value>0</value></Data>
        <Data name="Lateral shaping"><value>0</value></Data>
        <Data name="Distal shaping"><value>0</value></Data>
        <Data name="Back shaping"><value>0</value></Data>
        <Data name="Cresting"><value>1</value></Data>
        <Data name="Debordante shaping"><value>0</value></Data>
        <Data name="Overshot flaking"><value>1</value></Data>
        <Data name="Kombewa flaking"><value>0</value></Data>
        <Data name="Core tablet"><value>1</value></Data>
        <Data name="Abrasion"><value>0</value></Data>
        <Data name="Trimming platform overhang"><value>1</value></Data>
        <Data name="Hard hammer percussion"><value>1</value></Data>
        <Data name="Support core with hand"><value>1</value></Data>
        <Data name="Use of an anvil"><value>1</value></Data>
        <Data name="Core rotation"><value>1</value></Data>
        <Data name="Soft hammer percussion"><value>0</value></Data>
        <Data name="Indirect percussion"><value>0</value></Data>
        <Data name="Flaking through pressure"><value>0</value></Data>
        <Data name="Hammer dressing"><value>0</value></Data>
        <Data name="Invasive flaking"><value>1</value></Data>
        <Data name="Ochre use"><value>0</value></Data>
        <Data name="Asphalt use"><value>0</value></Data>
        <Data name="Retouch"><value>1</value></Data>
        <Data name="Backing"><value>1</value></Data>
        <Data name="Notching"><value>1</value></Data>
        <Data name="Burination"><value>1</value></Data>
        <Data name="Tanging"><value>0</value></Data>
        <Data name="Tranchet"><value>0</value></Data>
        <Data name="Bifacial retouch"><value>1</value></Data>
        <Data name="Invasive retouch"><value>0</value></Data>
        <Data name="Pressure flaked retouch"><value>0</value></Data>
      </ExtendedData>
      <Point><coordinates>34.882401,31.181782,0</coordinates></Point>
    </Placemark>
    <Placemark>
      <name>Qesem Cave</name>
      <styleUrl>#arch</styleUrl>
      <description><![CDATA[<div style="font:13px/1.45 Helvetica,Arial,sans-serif;max-width:400px"><table><tr><td style="padding:2px 10px 2px 0;vertical-align:top;white-space:nowrap"><b>Site</b></td><td style="padding:2px 0">Qesem Cave</td></tr><tr><td style="padding:2px 10px 2px 0;vertical-align:top;white-space:nowrap"><b>Country</b></td><td style="padding:2px 0">Israel</td></tr><tr><td style="padding:2px 10px 2px 0;vertical-align:top;white-space:nowrap"><b>Entry type</b></td><td style="padding:2px 0">Archaeological</td></tr><tr><td style="padding:2px 10px 2px 0;vertical-align:top;white-space:nowrap"><b>Species attribution</b></td><td style="padding:2px 0">Unattributed</td></tr><tr><td style="padding:2px 10px 2px 0;vertical-align:top;white-space:nowrap"><b>Technology (interpreted)</b></td><td style="padding:2px 0">Other</td></tr><tr><td style="padding:2px 10px 2px 0;vertical-align:top;white-space:nowrap"><b>Age</b></td><td style="padding:2px 0">420 - 194 ka</td></tr><tr><td style="padding:2px 10px 2px 0;vertical-align:top;white-space:nowrap"><b>Basis for date</b></td><td style="padding:2px 0">Gopher et al. 2010. chronology of late lower pal. in Quaternary Geochron.</td></tr><tr><td style="padding:2px 10px 2px 0;vertical-align:top;white-space:nowrap"><b>Scope of entry</b></td><td style="padding:2px 0">Single sequence</td></tr><tr><td style="padding:2px 10px 2px 0;vertical-align:top;white-space:nowrap"><b>Technology described</b></td><td style="padding:2px 0">Systematic blade production from core prepared with a crest rejuvinated with tablets face is shaped with debordantes. Distal convexities managed with overshot flaking.  Where the product is retouched and burinated.  Based on figure 11. number 4 a prismatic core.</td></tr><tr><td style="padding:2px 10px 2px 0;vertical-align:top;white-space:nowrap"><b>Published source</b></td><td style="padding:2px 0">Schimelmitz et al. 2011</td></tr><tr><td style="padding:2px 10px 2px 0;vertical-align:top;white-space:nowrap"><b>Techniques recorded</b></td><td style="padding:2px 0">12 of 33</td></tr></table><p style="margin:10px 0 3px"><b>Procedural units present</b></p><p style="margin:0">Platform faceting, Cresting, Debordante shaping, Overshot flaking, Core tablet, Hard hammer percussion, Support core with hand, Core rotation, Invasive flaking, Retouch, Backing, Burination</p></div>]]></description>
      <ExtendedData>
        <Data name="Source"><value>Schimelmitz et al. 2011</value></Data>
        <Data name="Species"><value>Unattributed</value></Data>
        <Data name="Technology"><value>Other</value></Data>
        <Data name="Country"><value>Israel</value></Data>
        <Data name="Entry type"><value>Archaeological</value></Data>
        <Data name="KA young"><value>194</value></Data>
        <Data name="KA old"><value>420</value></Data>
        <Data name="Technique count"><value>12</value></Data>
        <Data name="Heat treatment"><value>0</value></Data>
        <Data name="Platform faceting"><value>1</value></Data>
        <Data name="Centripetal shaping"><value>0</value></Data>
        <Data name="Lateral shaping"><value>0</value></Data>
        <Data name="Distal shaping"><value>0</value></Data>
        <Data name="Back shaping"><value>0</value></Data>
        <Data name="Cresting"><value>1</value></Data>
        <Data name="Debordante shaping"><value>1</value></Data>
        <Data name="Overshot flaking"><value>1</value></Data>
        <Data name="Kombewa flaking"><value>0</value></Data>
        <Data name="Core tablet"><value>1</value></Data>
        <Data name="Abrasion"><value>0</value></Data>
        <Data name="Trimming platform overhang"><value>0</value></Data>
        <Data name="Hard hammer percussion"><value>1</value></Data>
        <Data name="Support core with hand"><value>1</value></Data>
        <Data name="Use of an anvil"><value>0</value></Data>
        <Data name="Core rotation"><value>1</value></Data>
        <Data name="Soft hammer percussion"><value>0</value></Data>
        <Data name="Indirect percussion"><value>0</value></Data>
        <Data name="Flaking through pressure"><value>0</value></Data>
        <Data name="Hammer dressing"><value>0</value></Data>
        <Data name="Invasive flaking"><value>1</value></Data>
        <Data name="Ochre use"><value>0</value></Data>
        <Data name="Asphalt use"><value>0</value></Data>
        <Data name="Retouch"><value>1</value></Data>
        <Data name="Backing"><value>1</value></Data>
        <Data name="Notching"><value>0</value></Data>
        <Data name="Burination"><value>1</value></Data>
        <Data name="Tanging"><value>0</value></Data>
        <Data name="Tranchet"><value>0</value></Data>
        <Data name="Bifacial retouch"><value>0</value></Data>
        <Data name="Invasive retouch"><value>0</value></Data>
        <Data name="Pressure flaked retouch"><value>0</value></Data>
      </ExtendedData>
      <Point><coordinates>34.970458,31.933707,0</coordinates></Point>
    </Placemark>
    <Placemark>
      <name>Tabun IX D</name>
      <styleUrl>#arch</styleUrl>
      <description><![CDATA[<div style="font:13px/1.45 Helvetica,Arial,sans-serif;max-width:400px"><table><tr><td style="padding:2px 10px 2px 0;vertical-align:top;white-space:nowrap"><b>Site</b></td><td style="padding:2px 0">Tabun IX D</td></tr><tr><td style="padding:2px 10px 2px 0;vertical-align:top;white-space:nowrap"><b>Country</b></td><td style="padding:2px 0">Israel (nearest, approx.)</td></tr><tr><td style="padding:2px 10px 2px 0;vertical-align:top;white-space:nowrap"><b>Entry type</b></td><td style="padding:2px 0">Archaeological</td></tr><tr><td style="padding:2px 10px 2px 0;vertical-align:top;white-space:nowrap"><b>Species attribution</b></td><td style="padding:2px 0">Unattributed</td></tr><tr><td style="padding:2px 10px 2px 0;vertical-align:top;white-space:nowrap"><b>Technology (interpreted)</b></td><td style="padding:2px 0">Other</td></tr><tr><td style="padding:2px 10px 2px 0;vertical-align:top;white-space:nowrap"><b>Age</b></td><td style="padding:2px 0">283 - 231 ka</td></tr><tr><td style="padding:2px 10px 2px 0;vertical-align:top;white-space:nowrap"><b>Basis for date</b></td><td style="padding:2px 0">Mercier et al. 2003. 257 +_ 26</td></tr><tr><td style="padding:2px 10px 2px 0;vertical-align:top;white-space:nowrap"><b>Scope of entry</b></td><td style="padding:2px 0">Single sequence</td></tr><tr><td style="padding:2px 10px 2px 0;vertical-align:top;white-space:nowrap"><b>Technology described</b></td><td style="padding:2px 0">Levallois points from elongated levallois cores through unidirectional convergence method.  Figure 4 shows good example of debordante and facetting plus tablet scars. In text they discuss how distal convexities were sometimes managed from distal removals Debordantes seem to be treated as the same as NBK but not sure. Either way there's discussion of debordants. Really good example of needing a coding system to interpret phrases. "Maintaining the core's distal convexity through intentionally striking over- passing flakes and blades is a delicate business. In some cases small flakes also were removed from the end of the core opposite the main striking platform to help maintain the required distal convexity of core faces."</td></tr><tr><td style="padding:2px 10px 2px 0;vertical-align:top;white-space:nowrap"><b>Published source</b></td><td style="padding:2px 0">Shimelmitz and Kuhn 2013</td></tr><tr><td style="padding:2px 10px 2px 0;vertical-align:top;white-space:nowrap"><b>Techniques recorded</b></td><td style="padding:2px 0">10 of 33</td></tr></table><p style="margin:10px 0 3px"><b>Procedural units present</b></p><p style="margin:0">Platform faceting, Distal shaping, Debordante shaping, Core tablet, Trimming platform overhang, Hard hammer percussion, Support core with hand, Core rotation, Invasive flaking, Retouch</p></div>]]></description>
      <ExtendedData>
        <Data name="Source"><value>Shimelmitz and Kuhn 2013</value></Data>
        <Data name="Species"><value>Unattributed</value></Data>
        <Data name="Technology"><value>Other</value></Data>
        <Data name="Country"><value>Israel</value></Data>
        <Data name="Entry type"><value>Archaeological</value></Data>
        <Data name="KA young"><value>231</value></Data>
        <Data name="KA old"><value>283</value></Data>
        <Data name="Technique count"><value>10</value></Data>
        <Data name="Heat treatment"><value>0</value></Data>
        <Data name="Platform faceting"><value>1</value></Data>
        <Data name="Centripetal shaping"><value>0</value></Data>
        <Data name="Lateral shaping"><value>0</value></Data>
        <Data name="Distal shaping"><value>1</value></Data>
        <Data name="Back shaping"><value>0</value></Data>
        <Data name="Cresting"><value>0</value></Data>
        <Data name="Debordante shaping"><value>1</value></Data>
        <Data name="Overshot flaking"><value>0</value></Data>
        <Data name="Kombewa flaking"><value>0</value></Data>
        <Data name="Core tablet"><value>1</value></Data>
        <Data name="Abrasion"><value>0</value></Data>
        <Data name="Trimming platform overhang"><value>1</value></Data>
        <Data name="Hard hammer percussion"><value>1</value></Data>
        <Data name="Support core with hand"><value>1</value></Data>
        <Data name="Use of an anvil"><value>0</value></Data>
        <Data name="Core rotation"><value>1</value></Data>
        <Data name="Soft hammer percussion"><value>0</value></Data>
        <Data name="Indirect percussion"><value>0</value></Data>
        <Data name="Flaking through pressure"><value>0</value></Data>
        <Data name="Hammer dressing"><value>0</value></Data>
        <Data name="Invasive flaking"><value>1</value></Data>
        <Data name="Ochre use"><value>0</value></Data>
        <Data name="Asphalt use"><value>0</value></Data>
        <Data name="Retouch"><value>1</value></Data>
        <Data name="Backing"><value>0</value></Data>
        <Data name="Notching"><value>0</value></Data>
        <Data name="Burination"><value>0</value></Data>
        <Data name="Tanging"><value>0</value></Data>
        <Data name="Tranchet"><value>0</value></Data>
        <Data name="Bifacial retouch"><value>0</value></Data>
        <Data name="Invasive retouch"><value>0</value></Data>
        <Data name="Pressure flaked retouch"><value>0</value></Data>
      </ExtendedData>
      <Point><coordinates>34.931184,32.701091,0</coordinates></Point>
    </Placemark>
    <Placemark>
      <name>Tor Faraj</name>
      <styleUrl>#arch</styleUrl>
      <description><![CDATA[<div style="font:13px/1.45 Helvetica,Arial,sans-serif;max-width:400px"><table><tr><td style="padding:2px 10px 2px 0;vertical-align:top;white-space:nowrap"><b>Site</b></td><td style="padding:2px 0">Tor Faraj</td></tr><tr><td style="padding:2px 10px 2px 0;vertical-align:top;white-space:nowrap"><b>Country</b></td><td style="padding:2px 0">Israel</td></tr><tr><td style="padding:2px 10px 2px 0;vertical-align:top;white-space:nowrap"><b>Entry type</b></td><td style="padding:2px 0">Archaeological</td></tr><tr><td style="padding:2px 10px 2px 0;vertical-align:top;white-space:nowrap"><b>Species attribution</b></td><td style="padding:2px 0">Unattributed</td></tr><tr><td style="padding:2px 10px 2px 0;vertical-align:top;white-space:nowrap"><b>Technology (interpreted)</b></td><td style="padding:2px 0">Other</td></tr><tr><td style="padding:2px 10px 2px 0;vertical-align:top;white-space:nowrap"><b>Age</b></td><td style="padding:2px 0">70 - 50 ka</td></tr><tr><td style="padding:2px 10px 2px 0;vertical-align:top;white-space:nowrap"><b>Basis for date</b></td><td style="padding:2px 0">-</td></tr><tr><td style="padding:2px 10px 2px 0;vertical-align:top;white-space:nowrap"><b>Scope of entry</b></td><td style="padding:2px 0">Single sequence</td></tr><tr><td style="padding:2px 10px 2px 0;vertical-align:top;white-space:nowrap"><b>Technology described</b></td><td style="padding:2px 0">Levallois points from preferential unidirectional convergent prepared cores. Reported top right of fig 4. Deb. prep of lat margins. overshot of points repreps the distal convexity. Some bidirectional prep /management of disatl convexity that way. Retouch is limited.  no mention of soft.</td></tr><tr><td style="padding:2px 10px 2px 0;vertical-align:top;white-space:nowrap"><b>Published source</b></td><td style="padding:2px 0">Groucutt 2014</td></tr><tr><td style="padding:2px 10px 2px 0;vertical-align:top;white-space:nowrap"><b>Techniques recorded</b></td><td style="padding:2px 0">10 of 33</td></tr></table><p style="margin:10px 0 3px"><b>Procedural units present</b></p><p style="margin:0">Platform faceting, Distal shaping, Debordante shaping, Overshot flaking, Trimming platform overhang, Hard hammer percussion, Support core with hand, Core rotation, Invasive flaking, Retouch</p></div>]]></description>
      <ExtendedData>
        <Data name="Source"><value>Groucutt 2014</value></Data>
        <Data name="Species"><value>Unattributed</value></Data>
        <Data name="Technology"><value>Other</value></Data>
        <Data name="Country"><value>Israel</value></Data>
        <Data name="Entry type"><value>Archaeological</value></Data>
        <Data name="KA young"><value>50</value></Data>
        <Data name="KA old"><value>70</value></Data>
        <Data name="Technique count"><value>10</value></Data>
        <Data name="Heat treatment"><value>0</value></Data>
        <Data name="Platform faceting"><value>1</value></Data>
        <Data name="Centripetal shaping"><value>0</value></Data>
        <Data name="Lateral shaping"><value>0</value></Data>
        <Data name="Distal shaping"><value>1</value></Data>
        <Data name="Back shaping"><value>0</value></Data>
        <Data name="Cresting"><value>0</value></Data>
        <Data name="Debordante shaping"><value>1</value></Data>
        <Data name="Overshot flaking"><value>1</value></Data>
        <Data name="Kombewa flaking"><value>0</value></Data>
        <Data name="Core tablet"><value>0</value></Data>
        <Data name="Abrasion"><value>0</value></Data>
        <Data name="Trimming platform overhang"><value>1</value></Data>
        <Data name="Hard hammer percussion"><value>1</value></Data>
        <Data name="Support core with hand"><value>1</value></Data>
        <Data name="Use of an anvil"><value>0</value></Data>
        <Data name="Core rotation"><value>1</value></Data>
        <Data name="Soft hammer percussion"><value>0</value></Data>
        <Data name="Indirect percussion"><value>0</value></Data>
        <Data name="Flaking through pressure"><value>0</value></Data>
        <Data name="Hammer dressing"><value>0</value></Data>
        <Data name="Invasive flaking"><value>1</value></Data>
        <Data name="Ochre use"><value>0</value></Data>
        <Data name="Asphalt use"><value>0</value></Data>
        <Data name="Retouch"><value>1</value></Data>
        <Data name="Backing"><value>0</value></Data>
        <Data name="Notching"><value>0</value></Data>
        <Data name="Burination"><value>0</value></Data>
        <Data name="Tanging"><value>0</value></Data>
        <Data name="Tranchet"><value>0</value></Data>
        <Data name="Bifacial retouch"><value>0</value></Data>
        <Data name="Invasive retouch"><value>0</value></Data>
        <Data name="Pressure flaked retouch"><value>0</value></Data>
      </ExtendedData>
      <Point><coordinates>34.759004,29.931241,0</coordinates></Point>
    </Placemark>
    </Folder>
    <Folder><name>Italy (4)</name><open>0</open>
    <Placemark>
      <name>Torre in Pietra level D</name>
      <styleUrl>#arch</styleUrl>
      <description><![CDATA[<div style="font:13px/1.45 Helvetica,Arial,sans-serif;max-width:400px"><table><tr><td style="padding:2px 10px 2px 0;vertical-align:top;white-space:nowrap"><b>Site</b></td><td style="padding:2px 0">Torre in Pietra level D</td></tr><tr><td style="padding:2px 10px 2px 0;vertical-align:top;white-space:nowrap"><b>Country</b></td><td style="padding:2px 0">Italy</td></tr><tr><td style="padding:2px 10px 2px 0;vertical-align:top;white-space:nowrap"><b>Entry type</b></td><td style="padding:2px 0">Archaeological</td></tr><tr><td style="padding:2px 10px 2px 0;vertical-align:top;white-space:nowrap"><b>Species attribution</b></td><td style="padding:2px 0">Unattributed</td></tr><tr><td style="padding:2px 10px 2px 0;vertical-align:top;white-space:nowrap"><b>Technology (interpreted)</b></td><td style="padding:2px 0">Other</td></tr><tr><td style="padding:2px 10px 2px 0;vertical-align:top;white-space:nowrap"><b>Age</b></td><td style="padding:2px 0">270 - 240 ka</td></tr><tr><td style="padding:2px 10px 2px 0;vertical-align:top;white-space:nowrap"><b>Basis for date</b></td><td style="padding:2px 0">-</td></tr><tr><td style="padding:2px 10px 2px 0;vertical-align:top;white-space:nowrap"><b>Scope of entry</b></td><td style="padding:2px 0">Single sequence</td></tr><tr><td style="padding:2px 10px 2px 0;vertical-align:top;white-space:nowrap"><b>Technology described</b></td><td style="padding:2px 0">Levallois flaking no parallel unidirectional</td></tr><tr><td style="padding:2px 10px 2px 0;vertical-align:top;white-space:nowrap"><b>Published source</b></td><td style="padding:2px 0">Villa et al. 2016</td></tr><tr><td style="padding:2px 10px 2px 0;vertical-align:top;white-space:nowrap"><b>Techniques recorded</b></td><td style="padding:2px 0">7 of 33</td></tr></table><p style="margin:10px 0 3px"><b>Procedural units present</b></p><p style="margin:0">Platform faceting, Centripetal shaping, Debordante shaping, Hard hammer percussion, Support core with hand, Core rotation, Invasive flaking</p></div>]]></description>
      <ExtendedData>
        <Data name="Source"><value>Villa et al. 2016</value></Data>
        <Data name="Species"><value>Unattributed</value></Data>
        <Data name="Technology"><value>Other</value></Data>
        <Data name="Country"><value>Italy</value></Data>
        <Data name="Entry type"><value>Archaeological</value></Data>
        <Data name="KA young"><value>240</value></Data>
        <Data name="KA old"><value>270</value></Data>
        <Data name="Technique count"><value>7</value></Data>
        <Data name="Heat treatment"><value>0</value></Data>
        <Data name="Platform faceting"><value>1</value></Data>
        <Data name="Centripetal shaping"><value>1</value></Data>
        <Data name="Lateral shaping"><value>0</value></Data>
        <Data name="Distal shaping"><value>0</value></Data>
        <Data name="Back shaping"><value>0</value></Data>
        <Data name="Cresting"><value>0</value></Data>
        <Data name="Debordante shaping"><value>1</value></Data>
        <Data name="Overshot flaking"><value>0</value></Data>
        <Data name="Kombewa flaking"><value>0</value></Data>
        <Data name="Core tablet"><value>0</value></Data>
        <Data name="Abrasion"><value>0</value></Data>
        <Data name="Trimming platform overhang"><value>0</value></Data>
        <Data name="Hard hammer percussion"><value>1</value></Data>
        <Data name="Support core with hand"><value>1</value></Data>
        <Data name="Use of an anvil"><value>0</value></Data>
        <Data name="Core rotation"><value>1</value></Data>
        <Data name="Soft hammer percussion"><value>0</value></Data>
        <Data name="Indirect percussion"><value>0</value></Data>
        <Data name="Flaking through pressure"><value>0</value></Data>
        <Data name="Hammer dressing"><value>0</value></Data>
        <Data name="Invasive flaking"><value>1</value></Data>
        <Data name="Ochre use"><value>0</value></Data>
        <Data name="Asphalt use"><value>0</value></Data>
        <Data name="Retouch"><value>0</value></Data>
        <Data name="Backing"><value>0</value></Data>
        <Data name="Notching"><value>0</value></Data>
        <Data name="Burination"><value>0</value></Data>
        <Data name="Tanging"><value>0</value></Data>
        <Data name="Tranchet"><value>0</value></Data>
        <Data name="Bifacial retouch"><value>0</value></Data>
        <Data name="Invasive retouch"><value>0</value></Data>
        <Data name="Pressure flaked retouch"><value>0</value></Data>
      </ExtendedData>
      <Point><coordinates>11.698820,42.270410,0</coordinates></Point>
    </Placemark>
    <Placemark>
      <name>Torre in Pietra level D</name>
      <styleUrl>#arch</styleUrl>
      <description><![CDATA[<div style="font:13px/1.45 Helvetica,Arial,sans-serif;max-width:400px"><table><tr><td style="padding:2px 10px 2px 0;vertical-align:top;white-space:nowrap"><b>Site</b></td><td style="padding:2px 0">Torre in Pietra level D</td></tr><tr><td style="padding:2px 10px 2px 0;vertical-align:top;white-space:nowrap"><b>Country</b></td><td style="padding:2px 0">Italy</td></tr><tr><td style="padding:2px 10px 2px 0;vertical-align:top;white-space:nowrap"><b>Entry type</b></td><td style="padding:2px 0">Archaeological</td></tr><tr><td style="padding:2px 10px 2px 0;vertical-align:top;white-space:nowrap"><b>Species attribution</b></td><td style="padding:2px 0">Unattributed</td></tr><tr><td style="padding:2px 10px 2px 0;vertical-align:top;white-space:nowrap"><b>Technology (interpreted)</b></td><td style="padding:2px 0">Other</td></tr><tr><td style="padding:2px 10px 2px 0;vertical-align:top;white-space:nowrap"><b>Age</b></td><td style="padding:2px 0">270 - 240 ka</td></tr><tr><td style="padding:2px 10px 2px 0;vertical-align:top;white-space:nowrap"><b>Basis for date</b></td><td style="padding:2px 0">-</td></tr><tr><td style="padding:2px 10px 2px 0;vertical-align:top;white-space:nowrap"><b>Scope of entry</b></td><td style="padding:2px 0">Whole assemblage</td></tr><tr><td style="padding:2px 10px 2px 0;vertical-align:top;white-space:nowrap"><b>Technology described</b></td><td style="padding:2px 0">Whole assemblage</td></tr><tr><td style="padding:2px 10px 2px 0;vertical-align:top;white-space:nowrap"><b>Published source</b></td><td style="padding:2px 0">Villa et al. 2016</td></tr><tr><td style="padding:2px 10px 2px 0;vertical-align:top;white-space:nowrap"><b>Techniques recorded</b></td><td style="padding:2px 0">12 of 33</td></tr></table><p style="margin:10px 0 3px"><b>Procedural units present</b></p><p style="margin:0">Platform faceting, Centripetal shaping, Debordante shaping, Hard hammer percussion, Support core with hand, Use of an anvil, Core rotation, Invasive flaking, Retouch, Backing, Notching, Bifacial retouch</p></div>]]></description>
      <ExtendedData>
        <Data name="Source"><value>Villa et al. 2016</value></Data>
        <Data name="Species"><value>Unattributed</value></Data>
        <Data name="Technology"><value>Other</value></Data>
        <Data name="Country"><value>Italy</value></Data>
        <Data name="Entry type"><value>Archaeological</value></Data>
        <Data name="KA young"><value>240</value></Data>
        <Data name="KA old"><value>270</value></Data>
        <Data name="Technique count"><value>12</value></Data>
        <Data name="Heat treatment"><value>0</value></Data>
        <Data name="Platform faceting"><value>1</value></Data>
        <Data name="Centripetal shaping"><value>1</value></Data>
        <Data name="Lateral shaping"><value>0</value></Data>
        <Data name="Distal shaping"><value>0</value></Data>
        <Data name="Back shaping"><value>0</value></Data>
        <Data name="Cresting"><value>0</value></Data>
        <Data name="Debordante shaping"><value>1</value></Data>
        <Data name="Overshot flaking"><value>0</value></Data>
        <Data name="Kombewa flaking"><value>0</value></Data>
        <Data name="Core tablet"><value>0</value></Data>
        <Data name="Abrasion"><value>0</value></Data>
        <Data name="Trimming platform overhang"><value>0</value></Data>
        <Data name="Hard hammer percussion"><value>1</value></Data>
        <Data name="Support core with hand"><value>1</value></Data>
        <Data name="Use of an anvil"><value>1</value></Data>
        <Data name="Core rotation"><value>1</value></Data>
        <Data name="Soft hammer percussion"><value>0</value></Data>
        <Data name="Indirect percussion"><value>0</value></Data>
        <Data name="Flaking through pressure"><value>0</value></Data>
        <Data name="Hammer dressing"><value>0</value></Data>
        <Data name="Invasive flaking"><value>1</value></Data>
        <Data name="Ochre use"><value>0</value></Data>
        <Data name="Asphalt use"><value>0</value></Data>
        <Data name="Retouch"><value>1</value></Data>
        <Data name="Backing"><value>1</value></Data>
        <Data name="Notching"><value>1</value></Data>
        <Data name="Burination"><value>0</value></Data>
        <Data name="Tanging"><value>0</value></Data>
        <Data name="Tranchet"><value>0</value></Data>
        <Data name="Bifacial retouch"><value>1</value></Data>
        <Data name="Invasive retouch"><value>0</value></Data>
        <Data name="Pressure flaked retouch"><value>0</value></Data>
      </ExtendedData>
      <Point><coordinates>11.739921,42.311016,0</coordinates></Point>
    </Placemark>
    <Placemark>
      <name>Torre in Pietra level M</name>
      <styleUrl>#arch</styleUrl>
      <description><![CDATA[<div style="font:13px/1.45 Helvetica,Arial,sans-serif;max-width:400px"><table><tr><td style="padding:2px 10px 2px 0;vertical-align:top;white-space:nowrap"><b>Site</b></td><td style="padding:2px 0">Torre in Pietra level M</td></tr><tr><td style="padding:2px 10px 2px 0;vertical-align:top;white-space:nowrap"><b>Country</b></td><td style="padding:2px 0">Italy</td></tr><tr><td style="padding:2px 10px 2px 0;vertical-align:top;white-space:nowrap"><b>Entry type</b></td><td style="padding:2px 0">Archaeological</td></tr><tr><td style="padding:2px 10px 2px 0;vertical-align:top;white-space:nowrap"><b>Species attribution</b></td><td style="padding:2px 0">Unattributed</td></tr><tr><td style="padding:2px 10px 2px 0;vertical-align:top;white-space:nowrap"><b>Technology (interpreted)</b></td><td style="padding:2px 0">Acheulean</td></tr><tr><td style="padding:2px 10px 2px 0;vertical-align:top;white-space:nowrap"><b>Age</b></td><td style="padding:2px 0">359 - 331 ka</td></tr><tr><td style="padding:2px 10px 2px 0;vertical-align:top;white-space:nowrap"><b>Basis for date</b></td><td style="padding:2px 0">-</td></tr><tr><td style="padding:2px 10px 2px 0;vertical-align:top;white-space:nowrap"><b>Scope of entry</b></td><td style="padding:2px 0">Single sequence</td></tr><tr><td style="padding:2px 10px 2px 0;vertical-align:top;white-space:nowrap"><b>Technology described</b></td><td style="padding:2px 0">Large cutting tool on a limestone cobble. Figure P. pigorini museum catalogue number 184769</td></tr><tr><td style="padding:2px 10px 2px 0;vertical-align:top;white-space:nowrap"><b>Published source</b></td><td style="padding:2px 0">Villa et al. 2016</td></tr><tr><td style="padding:2px 10px 2px 0;vertical-align:top;white-space:nowrap"><b>Techniques recorded</b></td><td style="padding:2px 0">5 of 33</td></tr></table><p style="margin:10px 0 3px"><b>Procedural units present</b></p><p style="margin:0">Hard hammer percussion, Support core with hand, Core rotation, Invasive flaking, Bifacial retouch</p></div>]]></description>
      <ExtendedData>
        <Data name="Source"><value>Villa et al. 2016</value></Data>
        <Data name="Species"><value>Unattributed</value></Data>
        <Data name="Technology"><value>Acheulean</value></Data>
        <Data name="Country"><value>Italy</value></Data>
        <Data name="Entry type"><value>Archaeological</value></Data>
        <Data name="KA young"><value>331</value></Data>
        <Data name="KA old"><value>359</value></Data>
        <Data name="Technique count"><value>5</value></Data>
        <Data name="Heat treatment"><value>0</value></Data>
        <Data name="Platform faceting"><value>0</value></Data>
        <Data name="Centripetal shaping"><value>0</value></Data>
        <Data name="Lateral shaping"><value>0</value></Data>
        <Data name="Distal shaping"><value>0</value></Data>
        <Data name="Back shaping"><value>0</value></Data>
        <Data name="Cresting"><value>0</value></Data>
        <Data name="Debordante shaping"><value>0</value></Data>
        <Data name="Overshot flaking"><value>0</value></Data>
        <Data name="Kombewa flaking"><value>0</value></Data>
        <Data name="Core tablet"><value>0</value></Data>
        <Data name="Abrasion"><value>0</value></Data>
        <Data name="Trimming platform overhang"><value>0</value></Data>
        <Data name="Hard hammer percussion"><value>1</value></Data>
        <Data name="Support core with hand"><value>1</value></Data>
        <Data name="Use of an anvil"><value>0</value></Data>
        <Data name="Core rotation"><value>1</value></Data>
        <Data name="Soft hammer percussion"><value>0</value></Data>
        <Data name="Indirect percussion"><value>0</value></Data>
        <Data name="Flaking through pressure"><value>0</value></Data>
        <Data name="Hammer dressing"><value>0</value></Data>
        <Data name="Invasive flaking"><value>1</value></Data>
        <Data name="Ochre use"><value>0</value></Data>
        <Data name="Asphalt use"><value>0</value></Data>
        <Data name="Retouch"><value>0</value></Data>
        <Data name="Backing"><value>0</value></Data>
        <Data name="Notching"><value>0</value></Data>
        <Data name="Burination"><value>0</value></Data>
        <Data name="Tanging"><value>0</value></Data>
        <Data name="Tranchet"><value>0</value></Data>
        <Data name="Bifacial retouch"><value>1</value></Data>
        <Data name="Invasive retouch"><value>0</value></Data>
        <Data name="Pressure flaked retouch"><value>0</value></Data>
      </ExtendedData>
      <Point><coordinates>11.749222,42.281710,0</coordinates></Point>
    </Placemark>
    <Placemark>
      <name>Torre in Pietra level M</name>
      <styleUrl>#arch</styleUrl>
      <description><![CDATA[<div style="font:13px/1.45 Helvetica,Arial,sans-serif;max-width:400px"><table><tr><td style="padding:2px 10px 2px 0;vertical-align:top;white-space:nowrap"><b>Site</b></td><td style="padding:2px 0">Torre in Pietra level M</td></tr><tr><td style="padding:2px 10px 2px 0;vertical-align:top;white-space:nowrap"><b>Country</b></td><td style="padding:2px 0">Italy</td></tr><tr><td style="padding:2px 10px 2px 0;vertical-align:top;white-space:nowrap"><b>Entry type</b></td><td style="padding:2px 0">Archaeological</td></tr><tr><td style="padding:2px 10px 2px 0;vertical-align:top;white-space:nowrap"><b>Species attribution</b></td><td style="padding:2px 0">Unattributed</td></tr><tr><td style="padding:2px 10px 2px 0;vertical-align:top;white-space:nowrap"><b>Technology (interpreted)</b></td><td style="padding:2px 0">Acheulean</td></tr><tr><td style="padding:2px 10px 2px 0;vertical-align:top;white-space:nowrap"><b>Age</b></td><td style="padding:2px 0">359 - 331 ka</td></tr><tr><td style="padding:2px 10px 2px 0;vertical-align:top;white-space:nowrap"><b>Basis for date</b></td><td style="padding:2px 0">-</td></tr><tr><td style="padding:2px 10px 2px 0;vertical-align:top;white-space:nowrap"><b>Scope of entry</b></td><td style="padding:2px 0">Whole assemblage</td></tr><tr><td style="padding:2px 10px 2px 0;vertical-align:top;white-space:nowrap"><b>Technology described</b></td><td style="padding:2px 0">Whole assemblage</td></tr><tr><td style="padding:2px 10px 2px 0;vertical-align:top;white-space:nowrap"><b>Published source</b></td><td style="padding:2px 0">Villa et al. 2016</td></tr><tr><td style="padding:2px 10px 2px 0;vertical-align:top;white-space:nowrap"><b>Techniques recorded</b></td><td style="padding:2px 0">8 of 33</td></tr></table><p style="margin:10px 0 3px"><b>Procedural units present</b></p><p style="margin:0">Hard hammer percussion, Support core with hand, Core rotation, Invasive flaking, Retouch, Backing, Notching, Bifacial retouch</p></div>]]></description>
      <ExtendedData>
        <Data name="Source"><value>Villa et al. 2016</value></Data>
        <Data name="Species"><value>Unattributed</value></Data>
        <Data name="Technology"><value>Acheulean</value></Data>
        <Data name="Country"><value>Italy</value></Data>
        <Data name="Entry type"><value>Archaeological</value></Data>
        <Data name="KA young"><value>331</value></Data>
        <Data name="KA old"><value>359</value></Data>
        <Data name="Technique count"><value>8</value></Data>
        <Data name="Heat treatment"><value>0</value></Data>
        <Data name="Platform faceting"><value>0</value></Data>
        <Data name="Centripetal shaping"><value>0</value></Data>
        <Data name="Lateral shaping"><value>0</value></Data>
        <Data name="Distal shaping"><value>0</value></Data>
        <Data name="Back shaping"><value>0</value></Data>
        <Data name="Cresting"><value>0</value></Data>
        <Data name="Debordante shaping"><value>0</value></Data>
        <Data name="Overshot flaking"><value>0</value></Data>
        <Data name="Kombewa flaking"><value>0</value></Data>
        <Data name="Core tablet"><value>0</value></Data>
        <Data name="Abrasion"><value>0</value></Data>
        <Data name="Trimming platform overhang"><value>0</value></Data>
        <Data name="Hard hammer percussion"><value>1</value></Data>
        <Data name="Support core with hand"><value>1</value></Data>
        <Data name="Use of an anvil"><value>0</value></Data>
        <Data name="Core rotation"><value>1</value></Data>
        <Data name="Soft hammer percussion"><value>0</value></Data>
        <Data name="Indirect percussion"><value>0</value></Data>
        <Data name="Flaking through pressure"><value>0</value></Data>
        <Data name="Hammer dressing"><value>0</value></Data>
        <Data name="Invasive flaking"><value>1</value></Data>
        <Data name="Ochre use"><value>0</value></Data>
        <Data name="Asphalt use"><value>0</value></Data>
        <Data name="Retouch"><value>1</value></Data>
        <Data name="Backing"><value>1</value></Data>
        <Data name="Notching"><value>1</value></Data>
        <Data name="Burination"><value>0</value></Data>
        <Data name="Tanging"><value>0</value></Data>
        <Data name="Tranchet"><value>0</value></Data>
        <Data name="Bifacial retouch"><value>1</value></Data>
        <Data name="Invasive retouch"><value>0</value></Data>
        <Data name="Pressure flaked retouch"><value>0</value></Data>
      </ExtendedData>
      <Point><coordinates>11.774881,42.303435,0</coordinates></Point>
    </Placemark>
    </Folder>
    <Folder><name>Jordan (1)</name><open>0</open>
    <Placemark>
      <name>Sha'ar Hagolan</name>
      <styleUrl>#arch</styleUrl>
      <description><![CDATA[<div style="font:13px/1.45 Helvetica,Arial,sans-serif;max-width:400px"><table><tr><td style="padding:2px 10px 2px 0;vertical-align:top;white-space:nowrap"><b>Site</b></td><td style="padding:2px 0">Sha'ar Hagolan</td></tr><tr><td style="padding:2px 10px 2px 0;vertical-align:top;white-space:nowrap"><b>Country</b></td><td style="padding:2px 0">Jordan</td></tr><tr><td style="padding:2px 10px 2px 0;vertical-align:top;white-space:nowrap"><b>Entry type</b></td><td style="padding:2px 0">Archaeological</td></tr><tr><td style="padding:2px 10px 2px 0;vertical-align:top;white-space:nowrap"><b>Species attribution</b></td><td style="padding:2px 0">H. sapiens</td></tr><tr><td style="padding:2px 10px 2px 0;vertical-align:top;white-space:nowrap"><b>Technology (interpreted)</b></td><td style="padding:2px 0">Other</td></tr><tr><td style="padding:2px 10px 2px 0;vertical-align:top;white-space:nowrap"><b>Age</b></td><td style="padding:2px 0">7.4 - 7 ka</td></tr><tr><td style="padding:2px 10px 2px 0;vertical-align:top;white-space:nowrap"><b>Basis for date</b></td><td style="padding:2px 0">-</td></tr><tr><td style="padding:2px 10px 2px 0;vertical-align:top;white-space:nowrap"><b>Scope of entry</b></td><td style="padding:2px 0">Whole assemblage</td></tr><tr><td style="padding:2px 10px 2px 0;vertical-align:top;white-space:nowrap"><b>Technology described</b></td><td style="padding:2px 0">Whole assemblage</td></tr><tr><td style="padding:2px 10px 2px 0;vertical-align:top;white-space:nowrap"><b>Published source</b></td><td style="padding:2px 0">Ariel-Shatil 2006</td></tr><tr><td style="padding:2px 10px 2px 0;vertical-align:top;white-space:nowrap"><b>Techniques recorded</b></td><td style="padding:2px 0">15 of 33</td></tr></table><p style="margin:10px 0 3px"><b>Procedural units present</b></p><p style="margin:0">Cresting, Core tablet, Hard hammer percussion, Support core with hand, Core rotation, Hammer dressing, Invasive flaking, Retouch, Backing, Notching, Burination, Tanging, Bifacial retouch, Invasive retouch, Pressure flaked retouch</p></div>]]></description>
      <ExtendedData>
        <Data name="Source"><value>Ariel-Shatil 2006</value></Data>
        <Data name="Species"><value>H. sapiens</value></Data>
        <Data name="Technology"><value>Other</value></Data>
        <Data name="Country"><value>Jordan</value></Data>
        <Data name="Entry type"><value>Archaeological</value></Data>
        <Data name="KA young"><value>7</value></Data>
        <Data name="KA old"><value>7.4</value></Data>
        <Data name="Technique count"><value>15</value></Data>
        <Data name="Heat treatment"><value>0</value></Data>
        <Data name="Platform faceting"><value>0</value></Data>
        <Data name="Centripetal shaping"><value>0</value></Data>
        <Data name="Lateral shaping"><value>0</value></Data>
        <Data name="Distal shaping"><value>0</value></Data>
        <Data name="Back shaping"><value>0</value></Data>
        <Data name="Cresting"><value>1</value></Data>
        <Data name="Debordante shaping"><value>0</value></Data>
        <Data name="Overshot flaking"><value>0</value></Data>
        <Data name="Kombewa flaking"><value>0</value></Data>
        <Data name="Core tablet"><value>1</value></Data>
        <Data name="Abrasion"><value>0</value></Data>
        <Data name="Trimming platform overhang"><value>0</value></Data>
        <Data name="Hard hammer percussion"><value>1</value></Data>
        <Data name="Support core with hand"><value>1</value></Data>
        <Data name="Use of an anvil"><value>0</value></Data>
        <Data name="Core rotation"><value>1</value></Data>
        <Data name="Soft hammer percussion"><value>0</value></Data>
        <Data name="Indirect percussion"><value>0</value></Data>
        <Data name="Flaking through pressure"><value>0</value></Data>
        <Data name="Hammer dressing"><value>1</value></Data>
        <Data name="Invasive flaking"><value>1</value></Data>
        <Data name="Ochre use"><value>0</value></Data>
        <Data name="Asphalt use"><value>0</value></Data>
        <Data name="Retouch"><value>1</value></Data>
        <Data name="Backing"><value>1</value></Data>
        <Data name="Notching"><value>1</value></Data>
        <Data name="Burination"><value>1</value></Data>
        <Data name="Tanging"><value>1</value></Data>
        <Data name="Tranchet"><value>0</value></Data>
        <Data name="Bifacial retouch"><value>1</value></Data>
        <Data name="Invasive retouch"><value>1</value></Data>
        <Data name="Pressure flaked retouch"><value>1</value></Data>
      </ExtendedData>
      <Point><coordinates>35.583658,32.644825,0</coordinates></Point>
    </Placemark>
    </Folder>
    <Folder><name>Kenya (11)</name><open>0</open>
    <Placemark>
      <name>Kanjera</name>
      <styleUrl>#arch</styleUrl>
      <description><![CDATA[<div style="font:13px/1.45 Helvetica,Arial,sans-serif;max-width:400px"><table><tr><td style="padding:2px 10px 2px 0;vertical-align:top;white-space:nowrap"><b>Site</b></td><td style="padding:2px 0">Kanjera</td></tr><tr><td style="padding:2px 10px 2px 0;vertical-align:top;white-space:nowrap"><b>Country</b></td><td style="padding:2px 0">Kenya</td></tr><tr><td style="padding:2px 10px 2px 0;vertical-align:top;white-space:nowrap"><b>Entry type</b></td><td style="padding:2px 0">Archaeological</td></tr><tr><td style="padding:2px 10px 2px 0;vertical-align:top;white-space:nowrap"><b>Species attribution</b></td><td style="padding:2px 0">Unattributed</td></tr><tr><td style="padding:2px 10px 2px 0;vertical-align:top;white-space:nowrap"><b>Technology (interpreted)</b></td><td style="padding:2px 0">Oldowan</td></tr><tr><td style="padding:2px 10px 2px 0;vertical-align:top;white-space:nowrap"><b>Age</b></td><td style="padding:2px 0">2,300 - 1,950 ka</td></tr><tr><td style="padding:2px 10px 2px 0;vertical-align:top;white-space:nowrap"><b>Basis for date</b></td><td style="padding:2px 0">Plummer et al. 2009. oldest evidenceof toolmaking hominins in a grassland dominated ecosystem</td></tr><tr><td style="padding:2px 10px 2px 0;vertical-align:top;white-space:nowrap"><b>Scope of entry</b></td><td style="padding:2px 0">Single sequence</td></tr><tr><td style="padding:2px 10px 2px 0;vertical-align:top;white-space:nowrap"><b>Technology described</b></td><td style="padding:2px 0">Kanjera retouched flakes from centripetal cores Fig 2</td></tr><tr><td style="padding:2px 10px 2px 0;vertical-align:top;white-space:nowrap"><b>Published source</b></td><td style="padding:2px 0">Plummer and Bishop 2016</td></tr><tr><td style="padding:2px 10px 2px 0;vertical-align:top;white-space:nowrap"><b>Techniques recorded</b></td><td style="padding:2px 0">4 of 33</td></tr></table><p style="margin:10px 0 3px"><b>Procedural units present</b></p><p style="margin:0">Hard hammer percussion, Support core with hand, Core rotation, Invasive flaking</p></div>]]></description>
      <ExtendedData>
        <Data name="Source"><value>Plummer and Bishop 2016</value></Data>
        <Data name="Species"><value>Unattributed</value></Data>
        <Data name="Technology"><value>Oldowan</value></Data>
        <Data name="Country"><value>Kenya</value></Data>
        <Data name="Entry type"><value>Archaeological</value></Data>
        <Data name="KA young"><value>1950</value></Data>
        <Data name="KA old"><value>2300</value></Data>
        <Data name="Technique count"><value>4</value></Data>
        <Data name="Heat treatment"><value>0</value></Data>
        <Data name="Platform faceting"><value>0</value></Data>
        <Data name="Centripetal shaping"><value>0</value></Data>
        <Data name="Lateral shaping"><value>0</value></Data>
        <Data name="Distal shaping"><value>0</value></Data>
        <Data name="Back shaping"><value>0</value></Data>
        <Data name="Cresting"><value>0</value></Data>
        <Data name="Debordante shaping"><value>0</value></Data>
        <Data name="Overshot flaking"><value>0</value></Data>
        <Data name="Kombewa flaking"><value>0</value></Data>
        <Data name="Core tablet"><value>0</value></Data>
        <Data name="Abrasion"><value>0</value></Data>
        <Data name="Trimming platform overhang"><value>0</value></Data>
        <Data name="Hard hammer percussion"><value>1</value></Data>
        <Data name="Support core with hand"><value>1</value></Data>
        <Data name="Use of an anvil"><value>0</value></Data>
        <Data name="Core rotation"><value>1</value></Data>
        <Data name="Soft hammer percussion"><value>0</value></Data>
        <Data name="Indirect percussion"><value>0</value></Data>
        <Data name="Flaking through pressure"><value>0</value></Data>
        <Data name="Hammer dressing"><value>0</value></Data>
        <Data name="Invasive flaking"><value>1</value></Data>
        <Data name="Ochre use"><value>0</value></Data>
        <Data name="Asphalt use"><value>0</value></Data>
        <Data name="Retouch"><value>0</value></Data>
        <Data name="Backing"><value>0</value></Data>
        <Data name="Notching"><value>0</value></Data>
        <Data name="Burination"><value>0</value></Data>
        <Data name="Tanging"><value>0</value></Data>
        <Data name="Tranchet"><value>0</value></Data>
        <Data name="Bifacial retouch"><value>0</value></Data>
        <Data name="Invasive retouch"><value>0</value></Data>
        <Data name="Pressure flaked retouch"><value>0</value></Data>
      </ExtendedData>
      <Point><coordinates>34.534758,0.372989,0</coordinates></Point>
    </Placemark>
    <Placemark>
      <name>Kanjera</name>
      <styleUrl>#arch</styleUrl>
      <description><![CDATA[<div style="font:13px/1.45 Helvetica,Arial,sans-serif;max-width:400px"><table><tr><td style="padding:2px 10px 2px 0;vertical-align:top;white-space:nowrap"><b>Site</b></td><td style="padding:2px 0">Kanjera</td></tr><tr><td style="padding:2px 10px 2px 0;vertical-align:top;white-space:nowrap"><b>Country</b></td><td style="padding:2px 0">Kenya</td></tr><tr><td style="padding:2px 10px 2px 0;vertical-align:top;white-space:nowrap"><b>Entry type</b></td><td style="padding:2px 0">Archaeological</td></tr><tr><td style="padding:2px 10px 2px 0;vertical-align:top;white-space:nowrap"><b>Species attribution</b></td><td style="padding:2px 0">Unattributed</td></tr><tr><td style="padding:2px 10px 2px 0;vertical-align:top;white-space:nowrap"><b>Technology (interpreted)</b></td><td style="padding:2px 0">Oldowan</td></tr><tr><td style="padding:2px 10px 2px 0;vertical-align:top;white-space:nowrap"><b>Age</b></td><td style="padding:2px 0">2,300 - 1,950 ka</td></tr><tr><td style="padding:2px 10px 2px 0;vertical-align:top;white-space:nowrap"><b>Basis for date</b></td><td style="padding:2px 0">Plummer et al. 2009. oldest evidenceof toolmaking hominins in a grassland dominated ecosystem</td></tr><tr><td style="padding:2px 10px 2px 0;vertical-align:top;white-space:nowrap"><b>Scope of entry</b></td><td style="padding:2px 0">Whole assemblage</td></tr><tr><td style="padding:2px 10px 2px 0;vertical-align:top;white-space:nowrap"><b>Technology described</b></td><td style="padding:2px 0">Whole assemblage</td></tr><tr><td style="padding:2px 10px 2px 0;vertical-align:top;white-space:nowrap"><b>Published source</b></td><td style="padding:2px 0">Plummer and Bishop 2016</td></tr><tr><td style="padding:2px 10px 2px 0;vertical-align:top;white-space:nowrap"><b>Techniques recorded</b></td><td style="padding:2px 0">4 of 33</td></tr></table><p style="margin:10px 0 3px"><b>Procedural units present</b></p><p style="margin:0">Hard hammer percussion, Support core with hand, Core rotation, Invasive flaking</p></div>]]></description>
      <ExtendedData>
        <Data name="Source"><value>Plummer and Bishop 2016</value></Data>
        <Data name="Species"><value>Unattributed</value></Data>
        <Data name="Technology"><value>Oldowan</value></Data>
        <Data name="Country"><value>Kenya</value></Data>
        <Data name="Entry type"><value>Archaeological</value></Data>
        <Data name="KA young"><value>1950</value></Data>
        <Data name="KA old"><value>2300</value></Data>
        <Data name="Technique count"><value>4</value></Data>
        <Data name="Heat treatment"><value>0</value></Data>
        <Data name="Platform faceting"><value>0</value></Data>
        <Data name="Centripetal shaping"><value>0</value></Data>
        <Data name="Lateral shaping"><value>0</value></Data>
        <Data name="Distal shaping"><value>0</value></Data>
        <Data name="Back shaping"><value>0</value></Data>
        <Data name="Cresting"><value>0</value></Data>
        <Data name="Debordante shaping"><value>0</value></Data>
        <Data name="Overshot flaking"><value>0</value></Data>
        <Data name="Kombewa flaking"><value>0</value></Data>
        <Data name="Core tablet"><value>0</value></Data>
        <Data name="Abrasion"><value>0</value></Data>
        <Data name="Trimming platform overhang"><value>0</value></Data>
        <Data name="Hard hammer percussion"><value>1</value></Data>
        <Data name="Support core with hand"><value>1</value></Data>
        <Data name="Use of an anvil"><value>0</value></Data>
        <Data name="Core rotation"><value>1</value></Data>
        <Data name="Soft hammer percussion"><value>0</value></Data>
        <Data name="Indirect percussion"><value>0</value></Data>
        <Data name="Flaking through pressure"><value>0</value></Data>
        <Data name="Hammer dressing"><value>0</value></Data>
        <Data name="Invasive flaking"><value>1</value></Data>
        <Data name="Ochre use"><value>0</value></Data>
        <Data name="Asphalt use"><value>0</value></Data>
        <Data name="Retouch"><value>0</value></Data>
        <Data name="Backing"><value>0</value></Data>
        <Data name="Notching"><value>0</value></Data>
        <Data name="Burination"><value>0</value></Data>
        <Data name="Tanging"><value>0</value></Data>
        <Data name="Tranchet"><value>0</value></Data>
        <Data name="Bifacial retouch"><value>0</value></Data>
        <Data name="Invasive retouch"><value>0</value></Data>
        <Data name="Pressure flaked retouch"><value>0</value></Data>
      </ExtendedData>
      <Point><coordinates>34.543918,0.323151,0</coordinates></Point>
    </Placemark>
    <Placemark>
      <name>Kapthurin LHA FS</name>
      <styleUrl>#arch</styleUrl>
      <description><![CDATA[<div style="font:13px/1.45 Helvetica,Arial,sans-serif;max-width:400px"><table><tr><td style="padding:2px 10px 2px 0;vertical-align:top;white-space:nowrap"><b>Site</b></td><td style="padding:2px 0">Kapthurin LHA FS</td></tr><tr><td style="padding:2px 10px 2px 0;vertical-align:top;white-space:nowrap"><b>Country</b></td><td style="padding:2px 0">Kenya</td></tr><tr><td style="padding:2px 10px 2px 0;vertical-align:top;white-space:nowrap"><b>Entry type</b></td><td style="padding:2px 0">Archaeological</td></tr><tr><td style="padding:2px 10px 2px 0;vertical-align:top;white-space:nowrap"><b>Species attribution</b></td><td style="padding:2px 0">Unattributed</td></tr><tr><td style="padding:2px 10px 2px 0;vertical-align:top;white-space:nowrap"><b>Technology (interpreted)</b></td><td style="padding:2px 0">Other</td></tr><tr><td style="padding:2px 10px 2px 0;vertical-align:top;white-space:nowrap"><b>Age</b></td><td style="padding:2px 0">509 - 284 ka</td></tr><tr><td style="padding:2px 10px 2px 0;vertical-align:top;white-space:nowrap"><b>Basis for date</b></td><td style="padding:2px 0">-</td></tr><tr><td style="padding:2px 10px 2px 0;vertical-align:top;white-space:nowrap"><b>Scope of entry</b></td><td style="padding:2px 0">Single sequence</td></tr><tr><td style="padding:2px 10px 2px 0;vertical-align:top;white-space:nowrap"><b>Technology described</b></td><td style="padding:2px 0">Early Levallois at Kapthurin LHA fig. 3. Centripetally prepared preferential cores with ventral thinning.</td></tr><tr><td style="padding:2px 10px 2px 0;vertical-align:top;white-space:nowrap"><b>Published source</b></td><td style="padding:2px 0">Tryon et al. 2006</td></tr><tr><td style="padding:2px 10px 2px 0;vertical-align:top;white-space:nowrap"><b>Techniques recorded</b></td><td style="padding:2px 0">8 of 33</td></tr></table><p style="margin:10px 0 3px"><b>Procedural units present</b></p><p style="margin:0">Platform faceting, Centripetal shaping, Kombewa flaking, Hard hammer percussion, Support core with hand, Core rotation, Invasive flaking, Retouch</p></div>]]></description>
      <ExtendedData>
        <Data name="Source"><value>Tryon et al. 2006</value></Data>
        <Data name="Species"><value>Unattributed</value></Data>
        <Data name="Technology"><value>Other</value></Data>
        <Data name="Country"><value>Kenya</value></Data>
        <Data name="Entry type"><value>Archaeological</value></Data>
        <Data name="KA young"><value>284</value></Data>
        <Data name="KA old"><value>509</value></Data>
        <Data name="Technique count"><value>8</value></Data>
        <Data name="Heat treatment"><value>0</value></Data>
        <Data name="Platform faceting"><value>1</value></Data>
        <Data name="Centripetal shaping"><value>1</value></Data>
        <Data name="Lateral shaping"><value>0</value></Data>
        <Data name="Distal shaping"><value>0</value></Data>
        <Data name="Back shaping"><value>0</value></Data>
        <Data name="Cresting"><value>0</value></Data>
        <Data name="Debordante shaping"><value>0</value></Data>
        <Data name="Overshot flaking"><value>0</value></Data>
        <Data name="Kombewa flaking"><value>1</value></Data>
        <Data name="Core tablet"><value>0</value></Data>
        <Data name="Abrasion"><value>0</value></Data>
        <Data name="Trimming platform overhang"><value>0</value></Data>
        <Data name="Hard hammer percussion"><value>1</value></Data>
        <Data name="Support core with hand"><value>1</value></Data>
        <Data name="Use of an anvil"><value>0</value></Data>
        <Data name="Core rotation"><value>1</value></Data>
        <Data name="Soft hammer percussion"><value>0</value></Data>
        <Data name="Indirect percussion"><value>0</value></Data>
        <Data name="Flaking through pressure"><value>0</value></Data>
        <Data name="Hammer dressing"><value>0</value></Data>
        <Data name="Invasive flaking"><value>1</value></Data>
        <Data name="Ochre use"><value>0</value></Data>
        <Data name="Asphalt use"><value>0</value></Data>
        <Data name="Retouch"><value>1</value></Data>
        <Data name="Backing"><value>0</value></Data>
        <Data name="Notching"><value>0</value></Data>
        <Data name="Burination"><value>0</value></Data>
        <Data name="Tanging"><value>0</value></Data>
        <Data name="Tranchet"><value>0</value></Data>
        <Data name="Bifacial retouch"><value>0</value></Data>
        <Data name="Invasive retouch"><value>0</value></Data>
        <Data name="Pressure flaked retouch"><value>0</value></Data>
      </ExtendedData>
      <Point><coordinates>35.983753,0.598558,0</coordinates></Point>
    </Placemark>
    <Placemark>
      <name>Kapthurin LHA FS</name>
      <styleUrl>#arch</styleUrl>
      <description><![CDATA[<div style="font:13px/1.45 Helvetica,Arial,sans-serif;max-width:400px"><table><tr><td style="padding:2px 10px 2px 0;vertical-align:top;white-space:nowrap"><b>Site</b></td><td style="padding:2px 0">Kapthurin LHA FS</td></tr><tr><td style="padding:2px 10px 2px 0;vertical-align:top;white-space:nowrap"><b>Country</b></td><td style="padding:2px 0">Kenya</td></tr><tr><td style="padding:2px 10px 2px 0;vertical-align:top;white-space:nowrap"><b>Entry type</b></td><td style="padding:2px 0">Archaeological</td></tr><tr><td style="padding:2px 10px 2px 0;vertical-align:top;white-space:nowrap"><b>Species attribution</b></td><td style="padding:2px 0">Unattributed</td></tr><tr><td style="padding:2px 10px 2px 0;vertical-align:top;white-space:nowrap"><b>Technology (interpreted)</b></td><td style="padding:2px 0">Other</td></tr><tr><td style="padding:2px 10px 2px 0;vertical-align:top;white-space:nowrap"><b>Age</b></td><td style="padding:2px 0">509 - 284 ka</td></tr><tr><td style="padding:2px 10px 2px 0;vertical-align:top;white-space:nowrap"><b>Basis for date</b></td><td style="padding:2px 0">-</td></tr><tr><td style="padding:2px 10px 2px 0;vertical-align:top;white-space:nowrap"><b>Scope of entry</b></td><td style="padding:2px 0">Whole assemblage</td></tr><tr><td style="padding:2px 10px 2px 0;vertical-align:top;white-space:nowrap"><b>Technology described</b></td><td style="padding:2px 0">Whole assemblage</td></tr><tr><td style="padding:2px 10px 2px 0;vertical-align:top;white-space:nowrap"><b>Published source</b></td><td style="padding:2px 0">Tryon et al. 2006</td></tr><tr><td style="padding:2px 10px 2px 0;vertical-align:top;white-space:nowrap"><b>Techniques recorded</b></td><td style="padding:2px 0">12 of 33</td></tr></table><p style="margin:10px 0 3px"><b>Procedural units present</b></p><p style="margin:0">Platform faceting, Centripetal shaping, Distal shaping, Kombewa flaking, Core tablet, Hard hammer percussion, Support core with hand, Core rotation, Invasive flaking, Retouch, Bifacial retouch, Invasive retouch</p></div>]]></description>
      <ExtendedData>
        <Data name="Source"><value>Tryon et al. 2006</value></Data>
        <Data name="Species"><value>Unattributed</value></Data>
        <Data name="Technology"><value>Other</value></Data>
        <Data name="Country"><value>Kenya</value></Data>
        <Data name="Entry type"><value>Archaeological</value></Data>
        <Data name="KA young"><value>284</value></Data>
        <Data name="KA old"><value>509</value></Data>
        <Data name="Technique count"><value>12</value></Data>
        <Data name="Heat treatment"><value>0</value></Data>
        <Data name="Platform faceting"><value>1</value></Data>
        <Data name="Centripetal shaping"><value>1</value></Data>
        <Data name="Lateral shaping"><value>0</value></Data>
        <Data name="Distal shaping"><value>1</value></Data>
        <Data name="Back shaping"><value>0</value></Data>
        <Data name="Cresting"><value>0</value></Data>
        <Data name="Debordante shaping"><value>0</value></Data>
        <Data name="Overshot flaking"><value>0</value></Data>
        <Data name="Kombewa flaking"><value>1</value></Data>
        <Data name="Core tablet"><value>1</value></Data>
        <Data name="Abrasion"><value>0</value></Data>
        <Data name="Trimming platform overhang"><value>0</value></Data>
        <Data name="Hard hammer percussion"><value>1</value></Data>
        <Data name="Support core with hand"><value>1</value></Data>
        <Data name="Use of an anvil"><value>0</value></Data>
        <Data name="Core rotation"><value>1</value></Data>
        <Data name="Soft hammer percussion"><value>0</value></Data>
        <Data name="Indirect percussion"><value>0</value></Data>
        <Data name="Flaking through pressure"><value>0</value></Data>
        <Data name="Hammer dressing"><value>0</value></Data>
        <Data name="Invasive flaking"><value>1</value></Data>
        <Data name="Ochre use"><value>0</value></Data>
        <Data name="Asphalt use"><value>0</value></Data>
        <Data name="Retouch"><value>1</value></Data>
        <Data name="Backing"><value>0</value></Data>
        <Data name="Notching"><value>0</value></Data>
        <Data name="Burination"><value>0</value></Data>
        <Data name="Tanging"><value>0</value></Data>
        <Data name="Tranchet"><value>0</value></Data>
        <Data name="Bifacial retouch"><value>1</value></Data>
        <Data name="Invasive retouch"><value>1</value></Data>
        <Data name="Pressure flaked retouch"><value>0</value></Data>
      </ExtendedData>
      <Point><coordinates>35.977921,0.587323,0</coordinates></Point>
    </Placemark>
    <Placemark>
      <name>Koilomot locus 2</name>
      <styleUrl>#arch</styleUrl>
      <description><![CDATA[<div style="font:13px/1.45 Helvetica,Arial,sans-serif;max-width:400px"><table><tr><td style="padding:2px 10px 2px 0;vertical-align:top;white-space:nowrap"><b>Site</b></td><td style="padding:2px 0">Koilomot locus 2</td></tr><tr><td style="padding:2px 10px 2px 0;vertical-align:top;white-space:nowrap"><b>Country</b></td><td style="padding:2px 0">Kenya</td></tr><tr><td style="padding:2px 10px 2px 0;vertical-align:top;white-space:nowrap"><b>Entry type</b></td><td style="padding:2px 0">Archaeological</td></tr><tr><td style="padding:2px 10px 2px 0;vertical-align:top;white-space:nowrap"><b>Species attribution</b></td><td style="padding:2px 0">Unattributed</td></tr><tr><td style="padding:2px 10px 2px 0;vertical-align:top;white-space:nowrap"><b>Technology (interpreted)</b></td><td style="padding:2px 0">Other</td></tr><tr><td style="padding:2px 10px 2px 0;vertical-align:top;white-space:nowrap"><b>Age</b></td><td style="padding:2px 0">250 - 200 ka</td></tr><tr><td style="padding:2px 10px 2px 0;vertical-align:top;white-space:nowrap"><b>Basis for date</b></td><td style="padding:2px 0">-</td></tr><tr><td style="padding:2px 10px 2px 0;vertical-align:top;white-space:nowrap"><b>Scope of entry</b></td><td style="padding:2px 0">Single sequence</td></tr><tr><td style="padding:2px 10px 2px 0;vertical-align:top;white-space:nowrap"><b>Technology described</b></td><td style="padding:2px 0">Kapthurin preferential hierarchical flake cores. fIG 4 Core C. Prepared through debordante removals distal convexities managed by distal flakes no lateral trimming though its common on other cores. No mention of platform abrasion or overhang trimming. No retouch in Koilomot locus 2 either.</td></tr><tr><td style="padding:2px 10px 2px 0;vertical-align:top;white-space:nowrap"><b>Published source</b></td><td style="padding:2px 0">Tryon et al. 2006</td></tr><tr><td style="padding:2px 10px 2px 0;vertical-align:top;white-space:nowrap"><b>Techniques recorded</b></td><td style="padding:2px 0">7 of 33</td></tr></table><p style="margin:10px 0 3px"><b>Procedural units present</b></p><p style="margin:0">Platform faceting, Distal shaping, Debordante shaping, Hard hammer percussion, Support core with hand, Core rotation, Invasive flaking</p></div>]]></description>
      <ExtendedData>
        <Data name="Source"><value>Tryon et al. 2006</value></Data>
        <Data name="Species"><value>Unattributed</value></Data>
        <Data name="Technology"><value>Other</value></Data>
        <Data name="Country"><value>Kenya</value></Data>
        <Data name="Entry type"><value>Archaeological</value></Data>
        <Data name="KA young"><value>200</value></Data>
        <Data name="KA old"><value>250</value></Data>
        <Data name="Technique count"><value>7</value></Data>
        <Data name="Heat treatment"><value>0</value></Data>
        <Data name="Platform faceting"><value>1</value></Data>
        <Data name="Centripetal shaping"><value>0</value></Data>
        <Data name="Lateral shaping"><value>0</value></Data>
        <Data name="Distal shaping"><value>1</value></Data>
        <Data name="Back shaping"><value>0</value></Data>
        <Data name="Cresting"><value>0</value></Data>
        <Data name="Debordante shaping"><value>1</value></Data>
        <Data name="Overshot flaking"><value>0</value></Data>
        <Data name="Kombewa flaking"><value>0</value></Data>
        <Data name="Core tablet"><value>0</value></Data>
        <Data name="Abrasion"><value>0</value></Data>
        <Data name="Trimming platform overhang"><value>0</value></Data>
        <Data name="Hard hammer percussion"><value>1</value></Data>
        <Data name="Support core with hand"><value>1</value></Data>
        <Data name="Use of an anvil"><value>0</value></Data>
        <Data name="Core rotation"><value>1</value></Data>
        <Data name="Soft hammer percussion"><value>0</value></Data>
        <Data name="Indirect percussion"><value>0</value></Data>
        <Data name="Flaking through pressure"><value>0</value></Data>
        <Data name="Hammer dressing"><value>0</value></Data>
        <Data name="Invasive flaking"><value>1</value></Data>
        <Data name="Ochre use"><value>0</value></Data>
        <Data name="Asphalt use"><value>0</value></Data>
        <Data name="Retouch"><value>0</value></Data>
        <Data name="Backing"><value>0</value></Data>
        <Data name="Notching"><value>0</value></Data>
        <Data name="Burination"><value>0</value></Data>
        <Data name="Tanging"><value>0</value></Data>
        <Data name="Tranchet"><value>0</value></Data>
        <Data name="Bifacial retouch"><value>0</value></Data>
        <Data name="Invasive retouch"><value>0</value></Data>
        <Data name="Pressure flaked retouch"><value>0</value></Data>
      </ExtendedData>
      <Point><coordinates>35.976201,0.504712,0</coordinates></Point>
    </Placemark>
    <Placemark>
      <name>Koilomot locus 2</name>
      <styleUrl>#arch</styleUrl>
      <description><![CDATA[<div style="font:13px/1.45 Helvetica,Arial,sans-serif;max-width:400px"><table><tr><td style="padding:2px 10px 2px 0;vertical-align:top;white-space:nowrap"><b>Site</b></td><td style="padding:2px 0">Koilomot locus 2</td></tr><tr><td style="padding:2px 10px 2px 0;vertical-align:top;white-space:nowrap"><b>Country</b></td><td style="padding:2px 0">Kenya</td></tr><tr><td style="padding:2px 10px 2px 0;vertical-align:top;white-space:nowrap"><b>Entry type</b></td><td style="padding:2px 0">Archaeological</td></tr><tr><td style="padding:2px 10px 2px 0;vertical-align:top;white-space:nowrap"><b>Species attribution</b></td><td style="padding:2px 0">Unattributed</td></tr><tr><td style="padding:2px 10px 2px 0;vertical-align:top;white-space:nowrap"><b>Technology (interpreted)</b></td><td style="padding:2px 0">Other</td></tr><tr><td style="padding:2px 10px 2px 0;vertical-align:top;white-space:nowrap"><b>Age</b></td><td style="padding:2px 0">250 - 200 ka</td></tr><tr><td style="padding:2px 10px 2px 0;vertical-align:top;white-space:nowrap"><b>Basis for date</b></td><td style="padding:2px 0">-</td></tr><tr><td style="padding:2px 10px 2px 0;vertical-align:top;white-space:nowrap"><b>Scope of entry</b></td><td style="padding:2px 0">Whole assemblage</td></tr><tr><td style="padding:2px 10px 2px 0;vertical-align:top;white-space:nowrap"><b>Technology described</b></td><td style="padding:2px 0">Whole assemblage</td></tr><tr><td style="padding:2px 10px 2px 0;vertical-align:top;white-space:nowrap"><b>Published source</b></td><td style="padding:2px 0">Tryon et al. 2006</td></tr><tr><td style="padding:2px 10px 2px 0;vertical-align:top;white-space:nowrap"><b>Techniques recorded</b></td><td style="padding:2px 0">8 of 33</td></tr></table><p style="margin:10px 0 3px"><b>Procedural units present</b></p><p style="margin:0">Platform faceting, Centripetal shaping, Distal shaping, Debordante shaping, Hard hammer percussion, Support core with hand, Core rotation, Invasive flaking</p></div>]]></description>
      <ExtendedData>
        <Data name="Source"><value>Tryon et al. 2006</value></Data>
        <Data name="Species"><value>Unattributed</value></Data>
        <Data name="Technology"><value>Other</value></Data>
        <Data name="Country"><value>Kenya</value></Data>
        <Data name="Entry type"><value>Archaeological</value></Data>
        <Data name="KA young"><value>200</value></Data>
        <Data name="KA old"><value>250</value></Data>
        <Data name="Technique count"><value>8</value></Data>
        <Data name="Heat treatment"><value>0</value></Data>
        <Data name="Platform faceting"><value>1</value></Data>
        <Data name="Centripetal shaping"><value>1</value></Data>
        <Data name="Lateral shaping"><value>0</value></Data>
        <Data name="Distal shaping"><value>1</value></Data>
        <Data name="Back shaping"><value>0</value></Data>
        <Data name="Cresting"><value>0</value></Data>
        <Data name="Debordante shaping"><value>1</value></Data>
        <Data name="Overshot flaking"><value>0</value></Data>
        <Data name="Kombewa flaking"><value>0</value></Data>
        <Data name="Core tablet"><value>0</value></Data>
        <Data name="Abrasion"><value>0</value></Data>
        <Data name="Trimming platform overhang"><value>0</value></Data>
        <Data name="Hard hammer percussion"><value>1</value></Data>
        <Data name="Support core with hand"><value>1</value></Data>
        <Data name="Use of an anvil"><value>0</value></Data>
        <Data name="Core rotation"><value>1</value></Data>
        <Data name="Soft hammer percussion"><value>0</value></Data>
        <Data name="Indirect percussion"><value>0</value></Data>
        <Data name="Flaking through pressure"><value>0</value></Data>
        <Data name="Hammer dressing"><value>0</value></Data>
        <Data name="Invasive flaking"><value>1</value></Data>
        <Data name="Ochre use"><value>0</value></Data>
        <Data name="Asphalt use"><value>0</value></Data>
        <Data name="Retouch"><value>0</value></Data>
        <Data name="Backing"><value>0</value></Data>
        <Data name="Notching"><value>0</value></Data>
        <Data name="Burination"><value>0</value></Data>
        <Data name="Tanging"><value>0</value></Data>
        <Data name="Tranchet"><value>0</value></Data>
        <Data name="Bifacial retouch"><value>0</value></Data>
        <Data name="Invasive retouch"><value>0</value></Data>
        <Data name="Pressure flaked retouch"><value>0</value></Data>
      </ExtendedData>
      <Point><coordinates>35.974629,0.636059,0</coordinates></Point>
    </Placemark>
    <Placemark>
      <name>Lokalalei 2c</name>
      <styleUrl>#arch</styleUrl>
      <description><![CDATA[<div style="font:13px/1.45 Helvetica,Arial,sans-serif;max-width:400px"><table><tr><td style="padding:2px 10px 2px 0;vertical-align:top;white-space:nowrap"><b>Site</b></td><td style="padding:2px 0">Lokalalei 2c</td></tr><tr><td style="padding:2px 10px 2px 0;vertical-align:top;white-space:nowrap"><b>Country</b></td><td style="padding:2px 0">Kenya</td></tr><tr><td style="padding:2px 10px 2px 0;vertical-align:top;white-space:nowrap"><b>Entry type</b></td><td style="padding:2px 0">Archaeological</td></tr><tr><td style="padding:2px 10px 2px 0;vertical-align:top;white-space:nowrap"><b>Species attribution</b></td><td style="padding:2px 0">Unattributed</td></tr><tr><td style="padding:2px 10px 2px 0;vertical-align:top;white-space:nowrap"><b>Technology (interpreted)</b></td><td style="padding:2px 0">Oldowan</td></tr><tr><td style="padding:2px 10px 2px 0;vertical-align:top;white-space:nowrap"><b>Age</b></td><td style="padding:2px 0">2,390 - 2,290 ka</td></tr><tr><td style="padding:2px 10px 2px 0;vertical-align:top;white-space:nowrap"><b>Basis for date</b></td><td style="padding:2px 0">-</td></tr><tr><td style="padding:2px 10px 2px 0;vertical-align:top;white-space:nowrap"><b>Scope of entry</b></td><td style="padding:2px 0">Single sequence</td></tr><tr><td style="padding:2px 10px 2px 0;vertical-align:top;white-space:nowrap"><b>Technology described</b></td><td style="padding:2px 0">Lokalalei 2c Fig. 6. Refitting group 2 (8 items).</td></tr><tr><td style="padding:2px 10px 2px 0;vertical-align:top;white-space:nowrap"><b>Published source</b></td><td style="padding:2px 0">Delagnes and Roche 2005</td></tr><tr><td style="padding:2px 10px 2px 0;vertical-align:top;white-space:nowrap"><b>Techniques recorded</b></td><td style="padding:2px 0">4 of 33</td></tr></table><p style="margin:10px 0 3px"><b>Procedural units present</b></p><p style="margin:0">Hard hammer percussion, Support core with hand, Core rotation, Retouch</p></div>]]></description>
      <ExtendedData>
        <Data name="Source"><value>Delagnes and Roche 2005</value></Data>
        <Data name="Species"><value>Unattributed</value></Data>
        <Data name="Technology"><value>Oldowan</value></Data>
        <Data name="Country"><value>Kenya</value></Data>
        <Data name="Entry type"><value>Archaeological</value></Data>
        <Data name="KA young"><value>2290</value></Data>
        <Data name="KA old"><value>2390</value></Data>
        <Data name="Technique count"><value>4</value></Data>
        <Data name="Heat treatment"><value>0</value></Data>
        <Data name="Platform faceting"><value>0</value></Data>
        <Data name="Centripetal shaping"><value>0</value></Data>
        <Data name="Lateral shaping"><value>0</value></Data>
        <Data name="Distal shaping"><value>0</value></Data>
        <Data name="Back shaping"><value>0</value></Data>
        <Data name="Cresting"><value>0</value></Data>
        <Data name="Debordante shaping"><value>0</value></Data>
        <Data name="Overshot flaking"><value>0</value></Data>
        <Data name="Kombewa flaking"><value>0</value></Data>
        <Data name="Core tablet"><value>0</value></Data>
        <Data name="Abrasion"><value>0</value></Data>
        <Data name="Trimming platform overhang"><value>0</value></Data>
        <Data name="Hard hammer percussion"><value>1</value></Data>
        <Data name="Support core with hand"><value>1</value></Data>
        <Data name="Use of an anvil"><value>0</value></Data>
        <Data name="Core rotation"><value>1</value></Data>
        <Data name="Soft hammer percussion"><value>0</value></Data>
        <Data name="Indirect percussion"><value>0</value></Data>
        <Data name="Flaking through pressure"><value>0</value></Data>
        <Data name="Hammer dressing"><value>0</value></Data>
        <Data name="Invasive flaking"><value>0</value></Data>
        <Data name="Ochre use"><value>0</value></Data>
        <Data name="Asphalt use"><value>0</value></Data>
        <Data name="Retouch"><value>1</value></Data>
        <Data name="Backing"><value>0</value></Data>
        <Data name="Notching"><value>0</value></Data>
        <Data name="Burination"><value>0</value></Data>
        <Data name="Tanging"><value>0</value></Data>
        <Data name="Tranchet"><value>0</value></Data>
        <Data name="Bifacial retouch"><value>0</value></Data>
        <Data name="Invasive retouch"><value>0</value></Data>
        <Data name="Pressure flaked retouch"><value>0</value></Data>
      </ExtendedData>
      <Point><coordinates>35.784084,3.930279,0</coordinates></Point>
    </Placemark>
    <Placemark>
      <name>Lokalalei 2c</name>
      <styleUrl>#arch</styleUrl>
      <description><![CDATA[<div style="font:13px/1.45 Helvetica,Arial,sans-serif;max-width:400px"><table><tr><td style="padding:2px 10px 2px 0;vertical-align:top;white-space:nowrap"><b>Site</b></td><td style="padding:2px 0">Lokalalei 2c</td></tr><tr><td style="padding:2px 10px 2px 0;vertical-align:top;white-space:nowrap"><b>Country</b></td><td style="padding:2px 0">Kenya</td></tr><tr><td style="padding:2px 10px 2px 0;vertical-align:top;white-space:nowrap"><b>Entry type</b></td><td style="padding:2px 0">Archaeological</td></tr><tr><td style="padding:2px 10px 2px 0;vertical-align:top;white-space:nowrap"><b>Species attribution</b></td><td style="padding:2px 0">Unattributed</td></tr><tr><td style="padding:2px 10px 2px 0;vertical-align:top;white-space:nowrap"><b>Technology (interpreted)</b></td><td style="padding:2px 0">Oldowan</td></tr><tr><td style="padding:2px 10px 2px 0;vertical-align:top;white-space:nowrap"><b>Age</b></td><td style="padding:2px 0">2,390 - 2,290 ka</td></tr><tr><td style="padding:2px 10px 2px 0;vertical-align:top;white-space:nowrap"><b>Basis for date</b></td><td style="padding:2px 0">-</td></tr><tr><td style="padding:2px 10px 2px 0;vertical-align:top;white-space:nowrap"><b>Scope of entry</b></td><td style="padding:2px 0">Whole assemblage</td></tr><tr><td style="padding:2px 10px 2px 0;vertical-align:top;white-space:nowrap"><b>Technology described</b></td><td style="padding:2px 0">Whole assemblage</td></tr><tr><td style="padding:2px 10px 2px 0;vertical-align:top;white-space:nowrap"><b>Published source</b></td><td style="padding:2px 0">Delagnes and Roche 2005</td></tr><tr><td style="padding:2px 10px 2px 0;vertical-align:top;white-space:nowrap"><b>Techniques recorded</b></td><td style="padding:2px 0">4 of 33</td></tr></table><p style="margin:10px 0 3px"><b>Procedural units present</b></p><p style="margin:0">Hard hammer percussion, Support core with hand, Core rotation, Retouch</p></div>]]></description>
      <ExtendedData>
        <Data name="Source"><value>Delagnes and Roche 2005</value></Data>
        <Data name="Species"><value>Unattributed</value></Data>
        <Data name="Technology"><value>Oldowan</value></Data>
        <Data name="Country"><value>Kenya</value></Data>
        <Data name="Entry type"><value>Archaeological</value></Data>
        <Data name="KA young"><value>2290</value></Data>
        <Data name="KA old"><value>2390</value></Data>
        <Data name="Technique count"><value>4</value></Data>
        <Data name="Heat treatment"><value>0</value></Data>
        <Data name="Platform faceting"><value>0</value></Data>
        <Data name="Centripetal shaping"><value>0</value></Data>
        <Data name="Lateral shaping"><value>0</value></Data>
        <Data name="Distal shaping"><value>0</value></Data>
        <Data name="Back shaping"><value>0</value></Data>
        <Data name="Cresting"><value>0</value></Data>
        <Data name="Debordante shaping"><value>0</value></Data>
        <Data name="Overshot flaking"><value>0</value></Data>
        <Data name="Kombewa flaking"><value>0</value></Data>
        <Data name="Core tablet"><value>0</value></Data>
        <Data name="Abrasion"><value>0</value></Data>
        <Data name="Trimming platform overhang"><value>0</value></Data>
        <Data name="Hard hammer percussion"><value>1</value></Data>
        <Data name="Support core with hand"><value>1</value></Data>
        <Data name="Use of an anvil"><value>0</value></Data>
        <Data name="Core rotation"><value>1</value></Data>
        <Data name="Soft hammer percussion"><value>0</value></Data>
        <Data name="Indirect percussion"><value>0</value></Data>
        <Data name="Flaking through pressure"><value>0</value></Data>
        <Data name="Hammer dressing"><value>0</value></Data>
        <Data name="Invasive flaking"><value>0</value></Data>
        <Data name="Ochre use"><value>0</value></Data>
        <Data name="Asphalt use"><value>0</value></Data>
        <Data name="Retouch"><value>1</value></Data>
        <Data name="Backing"><value>0</value></Data>
        <Data name="Notching"><value>0</value></Data>
        <Data name="Burination"><value>0</value></Data>
        <Data name="Tanging"><value>0</value></Data>
        <Data name="Tranchet"><value>0</value></Data>
        <Data name="Bifacial retouch"><value>0</value></Data>
        <Data name="Invasive retouch"><value>0</value></Data>
        <Data name="Pressure flaked retouch"><value>0</value></Data>
      </ExtendedData>
      <Point><coordinates>35.768980,3.891741,0</coordinates></Point>
    </Placemark>
    <Placemark>
      <name>Lomekwi 3</name>
      <styleUrl>#arch</styleUrl>
      <description><![CDATA[<div style="font:13px/1.45 Helvetica,Arial,sans-serif;max-width:400px"><table><tr><td style="padding:2px 10px 2px 0;vertical-align:top;white-space:nowrap"><b>Site</b></td><td style="padding:2px 0">Lomekwi 3</td></tr><tr><td style="padding:2px 10px 2px 0;vertical-align:top;white-space:nowrap"><b>Country</b></td><td style="padding:2px 0">Kenya</td></tr><tr><td style="padding:2px 10px 2px 0;vertical-align:top;white-space:nowrap"><b>Entry type</b></td><td style="padding:2px 0">Archaeological</td></tr><tr><td style="padding:2px 10px 2px 0;vertical-align:top;white-space:nowrap"><b>Species attribution</b></td><td style="padding:2px 0">Unattributed</td></tr><tr><td style="padding:2px 10px 2px 0;vertical-align:top;white-space:nowrap"><b>Technology (interpreted)</b></td><td style="padding:2px 0">Lomekwian</td></tr><tr><td style="padding:2px 10px 2px 0;vertical-align:top;white-space:nowrap"><b>Age</b></td><td style="padding:2px 0">3,330 - 3,210 ka</td></tr><tr><td style="padding:2px 10px 2px 0;vertical-align:top;white-space:nowrap"><b>Basis for date</b></td><td style="padding:2px 0">-</td></tr><tr><td style="padding:2px 10px 2px 0;vertical-align:top;white-space:nowrap"><b>Scope of entry</b></td><td style="padding:2px 0">Single sequence</td></tr><tr><td style="padding:2px 10px 2px 0;vertical-align:top;white-space:nowrap"><b>Technology described</b></td><td style="padding:2px 0">Bipolar unifacial core (LOM3-2012-H18-1 3.45 kg) bipolar technique. Extended Data Fig. 6b for more details.</td></tr><tr><td style="padding:2px 10px 2px 0;vertical-align:top;white-space:nowrap"><b>Published source</b></td><td style="padding:2px 0">Harmand et. al. 2015</td></tr><tr><td style="padding:2px 10px 2px 0;vertical-align:top;white-space:nowrap"><b>Techniques recorded</b></td><td style="padding:2px 0">3 of 33</td></tr></table><p style="margin:10px 0 3px"><b>Procedural units present</b></p><p style="margin:0">Hard hammer percussion, Use of an anvil, Core rotation</p></div>]]></description>
      <ExtendedData>
        <Data name="Source"><value>Harmand et. al. 2015</value></Data>
        <Data name="Species"><value>Unattributed</value></Data>
        <Data name="Technology"><value>Lomekwian</value></Data>
        <Data name="Country"><value>Kenya</value></Data>
        <Data name="Entry type"><value>Archaeological</value></Data>
        <Data name="KA young"><value>3210</value></Data>
        <Data name="KA old"><value>3330</value></Data>
        <Data name="Technique count"><value>3</value></Data>
        <Data name="Heat treatment"><value>0</value></Data>
        <Data name="Platform faceting"><value>0</value></Data>
        <Data name="Centripetal shaping"><value>0</value></Data>
        <Data name="Lateral shaping"><value>0</value></Data>
        <Data name="Distal shaping"><value>0</value></Data>
        <Data name="Back shaping"><value>0</value></Data>
        <Data name="Cresting"><value>0</value></Data>
        <Data name="Debordante shaping"><value>0</value></Data>
        <Data name="Overshot flaking"><value>0</value></Data>
        <Data name="Kombewa flaking"><value>0</value></Data>
        <Data name="Core tablet"><value>0</value></Data>
        <Data name="Abrasion"><value>0</value></Data>
        <Data name="Trimming platform overhang"><value>0</value></Data>
        <Data name="Hard hammer percussion"><value>1</value></Data>
        <Data name="Support core with hand"><value>0</value></Data>
        <Data name="Use of an anvil"><value>1</value></Data>
        <Data name="Core rotation"><value>1</value></Data>
        <Data name="Soft hammer percussion"><value>0</value></Data>
        <Data name="Indirect percussion"><value>0</value></Data>
        <Data name="Flaking through pressure"><value>0</value></Data>
        <Data name="Hammer dressing"><value>0</value></Data>
        <Data name="Invasive flaking"><value>0</value></Data>
        <Data name="Ochre use"><value>0</value></Data>
        <Data name="Asphalt use"><value>0</value></Data>
        <Data name="Retouch"><value>0</value></Data>
        <Data name="Backing"><value>0</value></Data>
        <Data name="Notching"><value>0</value></Data>
        <Data name="Burination"><value>0</value></Data>
        <Data name="Tanging"><value>0</value></Data>
        <Data name="Tranchet"><value>0</value></Data>
        <Data name="Bifacial retouch"><value>0</value></Data>
        <Data name="Invasive retouch"><value>0</value></Data>
        <Data name="Pressure flaked retouch"><value>0</value></Data>
      </ExtendedData>
      <Point><coordinates>35.718613,3.758121,0</coordinates></Point>
    </Placemark>
    <Placemark>
      <name>Lomekwi 3</name>
      <styleUrl>#arch</styleUrl>
      <description><![CDATA[<div style="font:13px/1.45 Helvetica,Arial,sans-serif;max-width:400px"><table><tr><td style="padding:2px 10px 2px 0;vertical-align:top;white-space:nowrap"><b>Site</b></td><td style="padding:2px 0">Lomekwi 3</td></tr><tr><td style="padding:2px 10px 2px 0;vertical-align:top;white-space:nowrap"><b>Country</b></td><td style="padding:2px 0">Kenya</td></tr><tr><td style="padding:2px 10px 2px 0;vertical-align:top;white-space:nowrap"><b>Entry type</b></td><td style="padding:2px 0">Archaeological</td></tr><tr><td style="padding:2px 10px 2px 0;vertical-align:top;white-space:nowrap"><b>Species attribution</b></td><td style="padding:2px 0">Unattributed</td></tr><tr><td style="padding:2px 10px 2px 0;vertical-align:top;white-space:nowrap"><b>Technology (interpreted)</b></td><td style="padding:2px 0">Lomekwian</td></tr><tr><td style="padding:2px 10px 2px 0;vertical-align:top;white-space:nowrap"><b>Age</b></td><td style="padding:2px 0">3,330 - 3,210 ka</td></tr><tr><td style="padding:2px 10px 2px 0;vertical-align:top;white-space:nowrap"><b>Basis for date</b></td><td style="padding:2px 0">-</td></tr><tr><td style="padding:2px 10px 2px 0;vertical-align:top;white-space:nowrap"><b>Scope of entry</b></td><td style="padding:2px 0">Whole assemblage</td></tr><tr><td style="padding:2px 10px 2px 0;vertical-align:top;white-space:nowrap"><b>Technology described</b></td><td style="padding:2px 0">whole assemblage</td></tr><tr><td style="padding:2px 10px 2px 0;vertical-align:top;white-space:nowrap"><b>Published source</b></td><td style="padding:2px 0">Harmand et. al. 2015</td></tr><tr><td style="padding:2px 10px 2px 0;vertical-align:top;white-space:nowrap"><b>Techniques recorded</b></td><td style="padding:2px 0">3 of 33</td></tr></table><p style="margin:10px 0 3px"><b>Procedural units present</b></p><p style="margin:0">Hard hammer percussion, Use of an anvil, Core rotation</p></div>]]></description>
      <ExtendedData>
        <Data name="Source"><value>Harmand et. al. 2015</value></Data>
        <Data name="Species"><value>Unattributed</value></Data>
        <Data name="Technology"><value>Lomekwian</value></Data>
        <Data name="Country"><value>Kenya</value></Data>
        <Data name="Entry type"><value>Archaeological</value></Data>
        <Data name="KA young"><value>3210</value></Data>
        <Data name="KA old"><value>3330</value></Data>
        <Data name="Technique count"><value>3</value></Data>
        <Data name="Heat treatment"><value>0</value></Data>
        <Data name="Platform faceting"><value>0</value></Data>
        <Data name="Centripetal shaping"><value>0</value></Data>
        <Data name="Lateral shaping"><value>0</value></Data>
        <Data name="Distal shaping"><value>0</value></Data>
        <Data name="Back shaping"><value>0</value></Data>
        <Data name="Cresting"><value>0</value></Data>
        <Data name="Debordante shaping"><value>0</value></Data>
        <Data name="Overshot flaking"><value>0</value></Data>
        <Data name="Kombewa flaking"><value>0</value></Data>
        <Data name="Core tablet"><value>0</value></Data>
        <Data name="Abrasion"><value>0</value></Data>
        <Data name="Trimming platform overhang"><value>0</value></Data>
        <Data name="Hard hammer percussion"><value>1</value></Data>
        <Data name="Support core with hand"><value>0</value></Data>
        <Data name="Use of an anvil"><value>1</value></Data>
        <Data name="Core rotation"><value>1</value></Data>
        <Data name="Soft hammer percussion"><value>0</value></Data>
        <Data name="Indirect percussion"><value>0</value></Data>
        <Data name="Flaking through pressure"><value>0</value></Data>
        <Data name="Hammer dressing"><value>0</value></Data>
        <Data name="Invasive flaking"><value>0</value></Data>
        <Data name="Ochre use"><value>0</value></Data>
        <Data name="Asphalt use"><value>0</value></Data>
        <Data name="Retouch"><value>0</value></Data>
        <Data name="Backing"><value>0</value></Data>
        <Data name="Notching"><value>0</value></Data>
        <Data name="Burination"><value>0</value></Data>
        <Data name="Tanging"><value>0</value></Data>
        <Data name="Tranchet"><value>0</value></Data>
        <Data name="Bifacial retouch"><value>0</value></Data>
        <Data name="Invasive retouch"><value>0</value></Data>
        <Data name="Pressure flaked retouch"><value>0</value></Data>
      </ExtendedData>
      <Point><coordinates>35.751081,3.754466,0</coordinates></Point>
    </Placemark>
    <Placemark>
      <name>Olorgesaillie</name>
      <styleUrl>#arch</styleUrl>
      <description><![CDATA[<div style="font:13px/1.45 Helvetica,Arial,sans-serif;max-width:400px"><table><tr><td style="padding:2px 10px 2px 0;vertical-align:top;white-space:nowrap"><b>Site</b></td><td style="padding:2px 0">Olorgesaillie</td></tr><tr><td style="padding:2px 10px 2px 0;vertical-align:top;white-space:nowrap"><b>Country</b></td><td style="padding:2px 0">Kenya</td></tr><tr><td style="padding:2px 10px 2px 0;vertical-align:top;white-space:nowrap"><b>Entry type</b></td><td style="padding:2px 0">Archaeological</td></tr><tr><td style="padding:2px 10px 2px 0;vertical-align:top;white-space:nowrap"><b>Species attribution</b></td><td style="padding:2px 0">Unattributed</td></tr><tr><td style="padding:2px 10px 2px 0;vertical-align:top;white-space:nowrap"><b>Technology (interpreted)</b></td><td style="padding:2px 0">Acheulean</td></tr><tr><td style="padding:2px 10px 2px 0;vertical-align:top;white-space:nowrap"><b>Age</b></td><td style="padding:2px 0">1,200 - 500 ka</td></tr><tr><td style="padding:2px 10px 2px 0;vertical-align:top;white-space:nowrap"><b>Basis for date</b></td><td style="padding:2px 0">-</td></tr><tr><td style="padding:2px 10px 2px 0;vertical-align:top;white-space:nowrap"><b>Scope of entry</b></td><td style="padding:2px 0">Single sequence</td></tr><tr><td style="padding:2px 10px 2px 0;vertical-align:top;white-space:nowrap"><b>Technology described</b></td><td style="padding:2px 0">Olorgesaillie Biface with invasive scarring. Plate 59. Tr. Tr. 140-150 floor.</td></tr><tr><td style="padding:2px 10px 2px 0;vertical-align:top;white-space:nowrap"><b>Published source</b></td><td style="padding:2px 0">Isaac 1977</td></tr><tr><td style="padding:2px 10px 2px 0;vertical-align:top;white-space:nowrap"><b>Techniques recorded</b></td><td style="padding:2px 0">5 of 33</td></tr></table><p style="margin:10px 0 3px"><b>Procedural units present</b></p><p style="margin:0">Hard hammer percussion, Support core with hand, Core rotation, Invasive flaking, Bifacial retouch</p></div>]]></description>
      <ExtendedData>
        <Data name="Source"><value>Isaac 1977</value></Data>
        <Data name="Species"><value>Unattributed</value></Data>
        <Data name="Technology"><value>Acheulean</value></Data>
        <Data name="Country"><value>Kenya</value></Data>
        <Data name="Entry type"><value>Archaeological</value></Data>
        <Data name="KA young"><value>500</value></Data>
        <Data name="KA old"><value>1200</value></Data>
        <Data name="Technique count"><value>5</value></Data>
        <Data name="Heat treatment"><value>0</value></Data>
        <Data name="Platform faceting"><value>0</value></Data>
        <Data name="Centripetal shaping"><value>0</value></Data>
        <Data name="Lateral shaping"><value>0</value></Data>
        <Data name="Distal shaping"><value>0</value></Data>
        <Data name="Back shaping"><value>0</value></Data>
        <Data name="Cresting"><value>0</value></Data>
        <Data name="Debordante shaping"><value>0</value></Data>
        <Data name="Overshot flaking"><value>0</value></Data>
        <Data name="Kombewa flaking"><value>0</value></Data>
        <Data name="Core tablet"><value>0</value></Data>
        <Data name="Abrasion"><value>0</value></Data>
        <Data name="Trimming platform overhang"><value>0</value></Data>
        <Data name="Hard hammer percussion"><value>1</value></Data>
        <Data name="Support core with hand"><value>1</value></Data>
        <Data name="Use of an anvil"><value>0</value></Data>
        <Data name="Core rotation"><value>1</value></Data>
        <Data name="Soft hammer percussion"><value>0</value></Data>
        <Data name="Indirect percussion"><value>0</value></Data>
        <Data name="Flaking through pressure"><value>0</value></Data>
        <Data name="Hammer dressing"><value>0</value></Data>
        <Data name="Invasive flaking"><value>1</value></Data>
        <Data name="Ochre use"><value>0</value></Data>
        <Data name="Asphalt use"><value>0</value></Data>
        <Data name="Retouch"><value>0</value></Data>
        <Data name="Backing"><value>0</value></Data>
        <Data name="Notching"><value>0</value></Data>
        <Data name="Burination"><value>0</value></Data>
        <Data name="Tanging"><value>0</value></Data>
        <Data name="Tranchet"><value>0</value></Data>
        <Data name="Bifacial retouch"><value>1</value></Data>
        <Data name="Invasive retouch"><value>0</value></Data>
        <Data name="Pressure flaked retouch"><value>0</value></Data>
      </ExtendedData>
      <Point><coordinates>35.990779,-1.650205,0</coordinates></Point>
    </Placemark>
    </Folder>
    <Folder><name>Libya (1)</name><open>0</open>
    <Placemark>
      <name>Jebel Gharbi SJ-00-58A</name>
      <styleUrl>#arch</styleUrl>
      <description><![CDATA[<div style="font:13px/1.45 Helvetica,Arial,sans-serif;max-width:400px"><table><tr><td style="padding:2px 10px 2px 0;vertical-align:top;white-space:nowrap"><b>Site</b></td><td style="padding:2px 0">Jebel Gharbi SJ-00-58A</td></tr><tr><td style="padding:2px 10px 2px 0;vertical-align:top;white-space:nowrap"><b>Country</b></td><td style="padding:2px 0">Libya</td></tr><tr><td style="padding:2px 10px 2px 0;vertical-align:top;white-space:nowrap"><b>Entry type</b></td><td style="padding:2px 0">Archaeological</td></tr><tr><td style="padding:2px 10px 2px 0;vertical-align:top;white-space:nowrap"><b>Species attribution</b></td><td style="padding:2px 0">H. sapiens</td></tr><tr><td style="padding:2px 10px 2px 0;vertical-align:top;white-space:nowrap"><b>Technology (interpreted)</b></td><td style="padding:2px 0">Other</td></tr><tr><td style="padding:2px 10px 2px 0;vertical-align:top;white-space:nowrap"><b>Age</b></td><td style="padding:2px 0">85 - 27 ka</td></tr><tr><td style="padding:2px 10px 2px 0;vertical-align:top;white-space:nowrap"><b>Basis for date</b></td><td style="padding:2px 0">-</td></tr><tr><td style="padding:2px 10px 2px 0;vertical-align:top;white-space:nowrap"><b>Scope of entry</b></td><td style="padding:2px 0">Single sequence</td></tr><tr><td style="padding:2px 10px 2px 0;vertical-align:top;white-space:nowrap"><b>Technology described</b></td><td style="padding:2px 0">Aterian tanged flakes made on blade cores. This paper is light on the full details but references boeda to indicate that all steps are present.</td></tr><tr><td style="padding:2px 10px 2px 0;vertical-align:top;white-space:nowrap"><b>Published source</b></td><td style="padding:2px 0">Spinapolice et al. 2014</td></tr><tr><td style="padding:2px 10px 2px 0;vertical-align:top;white-space:nowrap"><b>Techniques recorded</b></td><td style="padding:2px 0">10 of 33</td></tr></table><p style="margin:10px 0 3px"><b>Procedural units present</b></p><p style="margin:0">Platform faceting, Debordante shaping, Trimming platform overhang, Hard hammer percussion, Support core with hand, Core rotation, Invasive flaking, Backing, Tanging, Bifacial retouch</p></div>]]></description>
      <ExtendedData>
        <Data name="Source"><value>Spinapolice et al. 2014</value></Data>
        <Data name="Species"><value>H. sapiens</value></Data>
        <Data name="Technology"><value>Other</value></Data>
        <Data name="Country"><value>Libya</value></Data>
        <Data name="Entry type"><value>Archaeological</value></Data>
        <Data name="KA young"><value>27</value></Data>
        <Data name="KA old"><value>85</value></Data>
        <Data name="Technique count"><value>10</value></Data>
        <Data name="Heat treatment"><value>0</value></Data>
        <Data name="Platform faceting"><value>1</value></Data>
        <Data name="Centripetal shaping"><value>0</value></Data>
        <Data name="Lateral shaping"><value>0</value></Data>
        <Data name="Distal shaping"><value>0</value></Data>
        <Data name="Back shaping"><value>0</value></Data>
        <Data name="Cresting"><value>0</value></Data>
        <Data name="Debordante shaping"><value>1</value></Data>
        <Data name="Overshot flaking"><value>0</value></Data>
        <Data name="Kombewa flaking"><value>0</value></Data>
        <Data name="Core tablet"><value>0</value></Data>
        <Data name="Abrasion"><value>0</value></Data>
        <Data name="Trimming platform overhang"><value>1</value></Data>
        <Data name="Hard hammer percussion"><value>1</value></Data>
        <Data name="Support core with hand"><value>1</value></Data>
        <Data name="Use of an anvil"><value>0</value></Data>
        <Data name="Core rotation"><value>1</value></Data>
        <Data name="Soft hammer percussion"><value>0</value></Data>
        <Data name="Indirect percussion"><value>0</value></Data>
        <Data name="Flaking through pressure"><value>0</value></Data>
        <Data name="Hammer dressing"><value>0</value></Data>
        <Data name="Invasive flaking"><value>1</value></Data>
        <Data name="Ochre use"><value>0</value></Data>
        <Data name="Asphalt use"><value>0</value></Data>
        <Data name="Retouch"><value>0</value></Data>
        <Data name="Backing"><value>1</value></Data>
        <Data name="Notching"><value>0</value></Data>
        <Data name="Burination"><value>0</value></Data>
        <Data name="Tanging"><value>1</value></Data>
        <Data name="Tranchet"><value>0</value></Data>
        <Data name="Bifacial retouch"><value>1</value></Data>
        <Data name="Invasive retouch"><value>0</value></Data>
        <Data name="Pressure flaked retouch"><value>0</value></Data>
      </ExtendedData>
      <Point><coordinates>12.013013,31.992947,0</coordinates></Point>
    </Placemark>
    </Folder>
    <Folder><name>Morocco (1)</name><open>0</open>
    <Placemark>
      <name>Jebel Irhoud</name>
      <styleUrl>#arch</styleUrl>
      <description><![CDATA[<div style="font:13px/1.45 Helvetica,Arial,sans-serif;max-width:400px"><table><tr><td style="padding:2px 10px 2px 0;vertical-align:top;white-space:nowrap"><b>Site</b></td><td style="padding:2px 0">Jebel Irhoud</td></tr><tr><td style="padding:2px 10px 2px 0;vertical-align:top;white-space:nowrap"><b>Country</b></td><td style="padding:2px 0">Morocco</td></tr><tr><td style="padding:2px 10px 2px 0;vertical-align:top;white-space:nowrap"><b>Entry type</b></td><td style="padding:2px 0">Archaeological</td></tr><tr><td style="padding:2px 10px 2px 0;vertical-align:top;white-space:nowrap"><b>Species attribution</b></td><td style="padding:2px 0">H. sapiens</td></tr><tr><td style="padding:2px 10px 2px 0;vertical-align:top;white-space:nowrap"><b>Technology (interpreted)</b></td><td style="padding:2px 0">Other</td></tr><tr><td style="padding:2px 10px 2px 0;vertical-align:top;white-space:nowrap"><b>Age</b></td><td style="padding:2px 0">349 - 281 ka</td></tr><tr><td style="padding:2px 10px 2px 0;vertical-align:top;white-space:nowrap"><b>Basis for date</b></td><td style="padding:2px 0">Richter et al. 2017</td></tr><tr><td style="padding:2px 10px 2px 0;vertical-align:top;white-space:nowrap"><b>Scope of entry</b></td><td style="padding:2px 0">Single sequence</td></tr><tr><td style="padding:2px 10px 2px 0;vertical-align:top;white-space:nowrap"><b>Technology described</b></td><td style="padding:2px 0">preferential levallois points lots of preparation trimming of lateral and distal convexities no mention of debordantes no soft hammer percussion. Invasive retouch. removal of butt. Lots of color in the description of the tech. On soft hammer: " Il n'y a qu'un éclat pouvant avoir été débité au percuteur tendre... donc il n'y en a pas ! ". No cores.</td></tr><tr><td style="padding:2px 10px 2px 0;vertical-align:top;white-space:nowrap"><b>Published source</b></td><td style="padding:2px 0">Hublin et al. 1987 and Richter et al. 2017</td></tr><tr><td style="padding:2px 10px 2px 0;vertical-align:top;white-space:nowrap"><b>Techniques recorded</b></td><td style="padding:2px 0">8 of 33</td></tr></table><p style="margin:10px 0 3px"><b>Procedural units present</b></p><p style="margin:0">Platform faceting, Centripetal shaping, Trimming platform overhang, Hard hammer percussion, Support core with hand, Core rotation, Invasive flaking, Retouch</p></div>]]></description>
      <ExtendedData>
        <Data name="Source"><value>Hublin et al. 1987 and Richter et al. 2017</value></Data>
        <Data name="Species"><value>H. sapiens</value></Data>
        <Data name="Technology"><value>Other</value></Data>
        <Data name="Country"><value>Morocco</value></Data>
        <Data name="Entry type"><value>Archaeological</value></Data>
        <Data name="KA young"><value>281</value></Data>
        <Data name="KA old"><value>349</value></Data>
        <Data name="Technique count"><value>8</value></Data>
        <Data name="Heat treatment"><value>0</value></Data>
        <Data name="Platform faceting"><value>1</value></Data>
        <Data name="Centripetal shaping"><value>1</value></Data>
        <Data name="Lateral shaping"><value>0</value></Data>
        <Data name="Distal shaping"><value>0</value></Data>
        <Data name="Back shaping"><value>0</value></Data>
        <Data name="Cresting"><value>0</value></Data>
        <Data name="Debordante shaping"><value>0</value></Data>
        <Data name="Overshot flaking"><value>0</value></Data>
        <Data name="Kombewa flaking"><value>0</value></Data>
        <Data name="Core tablet"><value>0</value></Data>
        <Data name="Abrasion"><value>0</value></Data>
        <Data name="Trimming platform overhang"><value>1</value></Data>
        <Data name="Hard hammer percussion"><value>1</value></Data>
        <Data name="Support core with hand"><value>1</value></Data>
        <Data name="Use of an anvil"><value>0</value></Data>
        <Data name="Core rotation"><value>1</value></Data>
        <Data name="Soft hammer percussion"><value>0</value></Data>
        <Data name="Indirect percussion"><value>0</value></Data>
        <Data name="Flaking through pressure"><value>0</value></Data>
        <Data name="Hammer dressing"><value>0</value></Data>
        <Data name="Invasive flaking"><value>1</value></Data>
        <Data name="Ochre use"><value>0</value></Data>
        <Data name="Asphalt use"><value>0</value></Data>
        <Data name="Retouch"><value>1</value></Data>
        <Data name="Backing"><value>0</value></Data>
        <Data name="Notching"><value>0</value></Data>
        <Data name="Burination"><value>0</value></Data>
        <Data name="Tanging"><value>0</value></Data>
        <Data name="Tranchet"><value>0</value></Data>
        <Data name="Bifacial retouch"><value>0</value></Data>
        <Data name="Invasive retouch"><value>0</value></Data>
        <Data name="Pressure flaked retouch"><value>0</value></Data>
      </ExtendedData>
      <Point><coordinates>-9.222535,32.331585,0</coordinates></Point>
    </Placemark>
    </Folder>
    <Folder><name>New Caledonia (2)</name><open>0</open>
    <Placemark>
      <name>WKO013A</name>
      <styleUrl>#arch</styleUrl>
      <description><![CDATA[<div style="font:13px/1.45 Helvetica,Arial,sans-serif;max-width:400px"><table><tr><td style="padding:2px 10px 2px 0;vertical-align:top;white-space:nowrap"><b>Site</b></td><td style="padding:2px 0">WKO013A</td></tr><tr><td style="padding:2px 10px 2px 0;vertical-align:top;white-space:nowrap"><b>Country</b></td><td style="padding:2px 0">New Caledonia</td></tr><tr><td style="padding:2px 10px 2px 0;vertical-align:top;white-space:nowrap"><b>Entry type</b></td><td style="padding:2px 0">Archaeological</td></tr><tr><td style="padding:2px 10px 2px 0;vertical-align:top;white-space:nowrap"><b>Species attribution</b></td><td style="padding:2px 0">H. sapiens</td></tr><tr><td style="padding:2px 10px 2px 0;vertical-align:top;white-space:nowrap"><b>Technology (interpreted)</b></td><td style="padding:2px 0">Other</td></tr><tr><td style="padding:2px 10px 2px 0;vertical-align:top;white-space:nowrap"><b>Age</b></td><td style="padding:2px 0">3 - 2.15 ka</td></tr><tr><td style="padding:2px 10px 2px 0;vertical-align:top;white-space:nowrap"><b>Basis for date</b></td><td style="padding:2px 0">-</td></tr><tr><td style="padding:2px 10px 2px 0;vertical-align:top;white-space:nowrap"><b>Scope of entry</b></td><td style="padding:2px 0">Single sequence</td></tr><tr><td style="padding:2px 10px 2px 0;vertical-align:top;white-space:nowrap"><b>Technology described</b></td><td style="padding:2px 0">Conical and biconical discoid core reduction without platform preparation. Likely soft hammer included. Flakes have removals across ventral and along lateral margins often.</td></tr><tr><td style="padding:2px 10px 2px 0;vertical-align:top;white-space:nowrap"><b>Published source</b></td><td style="padding:2px 0">Paige 2022 and Lagarde and Sand 2013</td></tr><tr><td style="padding:2px 10px 2px 0;vertical-align:top;white-space:nowrap"><b>Techniques recorded</b></td><td style="padding:2px 0">9 of 33</td></tr></table><p style="margin:10px 0 3px"><b>Procedural units present</b></p><p style="margin:0">Kombewa flaking, Hard hammer percussion, Support core with hand, Core rotation, Soft hammer percussion, Invasive flaking, Retouch, Backing, Burination</p></div>]]></description>
      <ExtendedData>
        <Data name="Source"><value>Paige 2022 and Lagarde and Sand 2013</value></Data>
        <Data name="Species"><value>H. sapiens</value></Data>
        <Data name="Technology"><value>Other</value></Data>
        <Data name="Country"><value>New Caledonia</value></Data>
        <Data name="Entry type"><value>Archaeological</value></Data>
        <Data name="KA young"><value>2.15</value></Data>
        <Data name="KA old"><value>3</value></Data>
        <Data name="Technique count"><value>9</value></Data>
        <Data name="Heat treatment"><value>0</value></Data>
        <Data name="Platform faceting"><value>0</value></Data>
        <Data name="Centripetal shaping"><value>0</value></Data>
        <Data name="Lateral shaping"><value>0</value></Data>
        <Data name="Distal shaping"><value>0</value></Data>
        <Data name="Back shaping"><value>0</value></Data>
        <Data name="Cresting"><value>0</value></Data>
        <Data name="Debordante shaping"><value>0</value></Data>
        <Data name="Overshot flaking"><value>0</value></Data>
        <Data name="Kombewa flaking"><value>1</value></Data>
        <Data name="Core tablet"><value>0</value></Data>
        <Data name="Abrasion"><value>0</value></Data>
        <Data name="Trimming platform overhang"><value>0</value></Data>
        <Data name="Hard hammer percussion"><value>1</value></Data>
        <Data name="Support core with hand"><value>1</value></Data>
        <Data name="Use of an anvil"><value>0</value></Data>
        <Data name="Core rotation"><value>1</value></Data>
        <Data name="Soft hammer percussion"><value>1</value></Data>
        <Data name="Indirect percussion"><value>0</value></Data>
        <Data name="Flaking through pressure"><value>0</value></Data>
        <Data name="Hammer dressing"><value>0</value></Data>
        <Data name="Invasive flaking"><value>1</value></Data>
        <Data name="Ochre use"><value>0</value></Data>
        <Data name="Asphalt use"><value>0</value></Data>
        <Data name="Retouch"><value>1</value></Data>
        <Data name="Backing"><value>1</value></Data>
        <Data name="Notching"><value>0</value></Data>
        <Data name="Burination"><value>1</value></Data>
        <Data name="Tanging"><value>0</value></Data>
        <Data name="Tranchet"><value>0</value></Data>
        <Data name="Bifacial retouch"><value>0</value></Data>
        <Data name="Invasive retouch"><value>0</value></Data>
        <Data name="Pressure flaked retouch"><value>0</value></Data>
      </ExtendedData>
      <Point><coordinates>164.881847,-21.057901,0</coordinates></Point>
    </Placemark>
    <Placemark>
      <name>WKO013A</name>
      <styleUrl>#arch</styleUrl>
      <description><![CDATA[<div style="font:13px/1.45 Helvetica,Arial,sans-serif;max-width:400px"><table><tr><td style="padding:2px 10px 2px 0;vertical-align:top;white-space:nowrap"><b>Site</b></td><td style="padding:2px 0">WKO013A</td></tr><tr><td style="padding:2px 10px 2px 0;vertical-align:top;white-space:nowrap"><b>Country</b></td><td style="padding:2px 0">New Caledonia</td></tr><tr><td style="padding:2px 10px 2px 0;vertical-align:top;white-space:nowrap"><b>Entry type</b></td><td style="padding:2px 0">Archaeological</td></tr><tr><td style="padding:2px 10px 2px 0;vertical-align:top;white-space:nowrap"><b>Species attribution</b></td><td style="padding:2px 0">H. sapiens</td></tr><tr><td style="padding:2px 10px 2px 0;vertical-align:top;white-space:nowrap"><b>Technology (interpreted)</b></td><td style="padding:2px 0">Other</td></tr><tr><td style="padding:2px 10px 2px 0;vertical-align:top;white-space:nowrap"><b>Age</b></td><td style="padding:2px 0">3 - 2.15 ka</td></tr><tr><td style="padding:2px 10px 2px 0;vertical-align:top;white-space:nowrap"><b>Basis for date</b></td><td style="padding:2px 0">-</td></tr><tr><td style="padding:2px 10px 2px 0;vertical-align:top;white-space:nowrap"><b>Scope of entry</b></td><td style="padding:2px 0">Whole assemblage</td></tr><tr><td style="padding:2px 10px 2px 0;vertical-align:top;white-space:nowrap"><b>Technology described</b></td><td style="padding:2px 0">Whole assembl.</td></tr><tr><td style="padding:2px 10px 2px 0;vertical-align:top;white-space:nowrap"><b>Published source</b></td><td style="padding:2px 0">Paige 2022 and Lagarde and Sand 2013</td></tr><tr><td style="padding:2px 10px 2px 0;vertical-align:top;white-space:nowrap"><b>Techniques recorded</b></td><td style="padding:2px 0">11 of 33</td></tr></table><p style="margin:10px 0 3px"><b>Procedural units present</b></p><p style="margin:0">Kombewa flaking, Hard hammer percussion, Support core with hand, Use of an anvil, Core rotation, Soft hammer percussion, Invasive flaking, Retouch, Backing, Burination, Invasive retouch</p></div>]]></description>
      <ExtendedData>
        <Data name="Source"><value>Paige 2022 and Lagarde and Sand 2013</value></Data>
        <Data name="Species"><value>H. sapiens</value></Data>
        <Data name="Technology"><value>Other</value></Data>
        <Data name="Country"><value>New Caledonia</value></Data>
        <Data name="Entry type"><value>Archaeological</value></Data>
        <Data name="KA young"><value>2.15</value></Data>
        <Data name="KA old"><value>3</value></Data>
        <Data name="Technique count"><value>11</value></Data>
        <Data name="Heat treatment"><value>0</value></Data>
        <Data name="Platform faceting"><value>0</value></Data>
        <Data name="Centripetal shaping"><value>0</value></Data>
        <Data name="Lateral shaping"><value>0</value></Data>
        <Data name="Distal shaping"><value>0</value></Data>
        <Data name="Back shaping"><value>0</value></Data>
        <Data name="Cresting"><value>0</value></Data>
        <Data name="Debordante shaping"><value>0</value></Data>
        <Data name="Overshot flaking"><value>0</value></Data>
        <Data name="Kombewa flaking"><value>1</value></Data>
        <Data name="Core tablet"><value>0</value></Data>
        <Data name="Abrasion"><value>0</value></Data>
        <Data name="Trimming platform overhang"><value>0</value></Data>
        <Data name="Hard hammer percussion"><value>1</value></Data>
        <Data name="Support core with hand"><value>1</value></Data>
        <Data name="Use of an anvil"><value>1</value></Data>
        <Data name="Core rotation"><value>1</value></Data>
        <Data name="Soft hammer percussion"><value>1</value></Data>
        <Data name="Indirect percussion"><value>0</value></Data>
        <Data name="Flaking through pressure"><value>0</value></Data>
        <Data name="Hammer dressing"><value>0</value></Data>
        <Data name="Invasive flaking"><value>1</value></Data>
        <Data name="Ochre use"><value>0</value></Data>
        <Data name="Asphalt use"><value>0</value></Data>
        <Data name="Retouch"><value>1</value></Data>
        <Data name="Backing"><value>1</value></Data>
        <Data name="Notching"><value>0</value></Data>
        <Data name="Burination"><value>1</value></Data>
        <Data name="Tanging"><value>0</value></Data>
        <Data name="Tranchet"><value>0</value></Data>
        <Data name="Bifacial retouch"><value>0</value></Data>
        <Data name="Invasive retouch"><value>1</value></Data>
        <Data name="Pressure flaked retouch"><value>0</value></Data>
      </ExtendedData>
      <Point><coordinates>164.879064,-21.090244,0</coordinates></Point>
    </Placemark>
    </Folder>
    <Folder><name>New Zealand (5)</name><open>0</open>
    <Placemark>
      <name>Cat's eye point</name>
      <styleUrl>#arch</styleUrl>
      <description><![CDATA[<div style="font:13px/1.45 Helvetica,Arial,sans-serif;max-width:400px"><table><tr><td style="padding:2px 10px 2px 0;vertical-align:top;white-space:nowrap"><b>Site</b></td><td style="padding:2px 0">Cat's eye point</td></tr><tr><td style="padding:2px 10px 2px 0;vertical-align:top;white-space:nowrap"><b>Country</b></td><td style="padding:2px 0">New Zealand</td></tr><tr><td style="padding:2px 10px 2px 0;vertical-align:top;white-space:nowrap"><b>Entry type</b></td><td style="padding:2px 0">Archaeological</td></tr><tr><td style="padding:2px 10px 2px 0;vertical-align:top;white-space:nowrap"><b>Species attribution</b></td><td style="padding:2px 0">H. sapiens</td></tr><tr><td style="padding:2px 10px 2px 0;vertical-align:top;white-space:nowrap"><b>Technology (interpreted)</b></td><td style="padding:2px 0">Other</td></tr><tr><td style="padding:2px 10px 2px 0;vertical-align:top;white-space:nowrap"><b>Age</b></td><td style="padding:2px 0">0.9 - 0.5 ka</td></tr><tr><td style="padding:2px 10px 2px 0;vertical-align:top;white-space:nowrap"><b>Basis for date</b></td><td style="padding:2px 0">-</td></tr><tr><td style="padding:2px 10px 2px 0;vertical-align:top;white-space:nowrap"><b>Scope of entry</b></td><td style="padding:2px 0">Whole assemblage</td></tr><tr><td style="padding:2px 10px 2px 0;vertical-align:top;white-space:nowrap"><b>Technology described</b></td><td style="padding:2px 0">Whole assemblage</td></tr><tr><td style="padding:2px 10px 2px 0;vertical-align:top;white-space:nowrap"><b>Published source</b></td><td style="padding:2px 0">Wilson 1999</td></tr><tr><td style="padding:2px 10px 2px 0;vertical-align:top;white-space:nowrap"><b>Techniques recorded</b></td><td style="padding:2px 0">11 of 33</td></tr></table><p style="margin:10px 0 3px"><b>Procedural units present</b></p><p style="margin:0">Platform faceting, Distal shaping, Overshot flaking, Hard hammer percussion, Support core with hand, Use of an anvil, Core rotation, Hammer dressing, Invasive flaking, Retouch, Tanging</p></div>]]></description>
      <ExtendedData>
        <Data name="Source"><value>Wilson 1999</value></Data>
        <Data name="Species"><value>H. sapiens</value></Data>
        <Data name="Technology"><value>Other</value></Data>
        <Data name="Country"><value>New Zealand</value></Data>
        <Data name="Entry type"><value>Archaeological</value></Data>
        <Data name="KA young"><value>0.5</value></Data>
        <Data name="KA old"><value>0.9</value></Data>
        <Data name="Technique count"><value>11</value></Data>
        <Data name="Heat treatment"><value>0</value></Data>
        <Data name="Platform faceting"><value>1</value></Data>
        <Data name="Centripetal shaping"><value>0</value></Data>
        <Data name="Lateral shaping"><value>0</value></Data>
        <Data name="Distal shaping"><value>1</value></Data>
        <Data name="Back shaping"><value>0</value></Data>
        <Data name="Cresting"><value>0</value></Data>
        <Data name="Debordante shaping"><value>0</value></Data>
        <Data name="Overshot flaking"><value>1</value></Data>
        <Data name="Kombewa flaking"><value>0</value></Data>
        <Data name="Core tablet"><value>0</value></Data>
        <Data name="Abrasion"><value>0</value></Data>
        <Data name="Trimming platform overhang"><value>0</value></Data>
        <Data name="Hard hammer percussion"><value>1</value></Data>
        <Data name="Support core with hand"><value>1</value></Data>
        <Data name="Use of an anvil"><value>1</value></Data>
        <Data name="Core rotation"><value>1</value></Data>
        <Data name="Soft hammer percussion"><value>0</value></Data>
        <Data name="Indirect percussion"><value>0</value></Data>
        <Data name="Flaking through pressure"><value>0</value></Data>
        <Data name="Hammer dressing"><value>1</value></Data>
        <Data name="Invasive flaking"><value>1</value></Data>
        <Data name="Ochre use"><value>0</value></Data>
        <Data name="Asphalt use"><value>0</value></Data>
        <Data name="Retouch"><value>1</value></Data>
        <Data name="Backing"><value>0</value></Data>
        <Data name="Notching"><value>0</value></Data>
        <Data name="Burination"><value>0</value></Data>
        <Data name="Tanging"><value>1</value></Data>
        <Data name="Tranchet"><value>0</value></Data>
        <Data name="Bifacial retouch"><value>0</value></Data>
        <Data name="Invasive retouch"><value>0</value></Data>
        <Data name="Pressure flaked retouch"><value>0</value></Data>
      </ExtendedData>
      <Point><coordinates>170.939625,-45.208879,0</coordinates></Point>
    </Placemark>
    <Placemark>
      <name>Oterahua</name>
      <styleUrl>#arch</styleUrl>
      <description><![CDATA[<div style="font:13px/1.45 Helvetica,Arial,sans-serif;max-width:400px"><table><tr><td style="padding:2px 10px 2px 0;vertical-align:top;white-space:nowrap"><b>Site</b></td><td style="padding:2px 0">Oterahua</td></tr><tr><td style="padding:2px 10px 2px 0;vertical-align:top;white-space:nowrap"><b>Country</b></td><td style="padding:2px 0">New Zealand</td></tr><tr><td style="padding:2px 10px 2px 0;vertical-align:top;white-space:nowrap"><b>Entry type</b></td><td style="padding:2px 0">Archaeological</td></tr><tr><td style="padding:2px 10px 2px 0;vertical-align:top;white-space:nowrap"><b>Species attribution</b></td><td style="padding:2px 0">H. sapiens</td></tr><tr><td style="padding:2px 10px 2px 0;vertical-align:top;white-space:nowrap"><b>Technology (interpreted)</b></td><td style="padding:2px 0">Other</td></tr><tr><td style="padding:2px 10px 2px 0;vertical-align:top;white-space:nowrap"><b>Age</b></td><td style="padding:2px 0">1 - 0.72 ka</td></tr><tr><td style="padding:2px 10px 2px 0;vertical-align:top;white-space:nowrap"><b>Basis for date</b></td><td style="padding:2px 0">-</td></tr><tr><td style="padding:2px 10px 2px 0;vertical-align:top;white-space:nowrap"><b>Scope of entry</b></td><td style="padding:2px 0">Whole assemblage</td></tr><tr><td style="padding:2px 10px 2px 0;vertical-align:top;white-space:nowrap"><b>Technology described</b></td><td style="padding:2px 0">Blade reduction at Oturehua</td></tr><tr><td style="padding:2px 10px 2px 0;vertical-align:top;white-space:nowrap"><b>Published source</b></td><td style="padding:2px 0">Leach and Leach 2019</td></tr><tr><td style="padding:2px 10px 2px 0;vertical-align:top;white-space:nowrap"><b>Techniques recorded</b></td><td style="padding:2px 0">7 of 33</td></tr></table><p style="margin:10px 0 3px"><b>Procedural units present</b></p><p style="margin:0">Distal shaping, Debordante shaping, Core tablet, Hard hammer percussion, Core rotation, Invasive flaking, Retouch</p></div>]]></description>
      <ExtendedData>
        <Data name="Source"><value>Leach and Leach 2019</value></Data>
        <Data name="Species"><value>H. sapiens</value></Data>
        <Data name="Technology"><value>Other</value></Data>
        <Data name="Country"><value>New Zealand</value></Data>
        <Data name="Entry type"><value>Archaeological</value></Data>
        <Data name="KA young"><value>0.72</value></Data>
        <Data name="KA old"><value>1</value></Data>
        <Data name="Technique count"><value>7</value></Data>
        <Data name="Heat treatment"><value>0</value></Data>
        <Data name="Platform faceting"><value>0</value></Data>
        <Data name="Centripetal shaping"><value>0</value></Data>
        <Data name="Lateral shaping"><value>0</value></Data>
        <Data name="Distal shaping"><value>1</value></Data>
        <Data name="Back shaping"><value>0</value></Data>
        <Data name="Cresting"><value>0</value></Data>
        <Data name="Debordante shaping"><value>1</value></Data>
        <Data name="Overshot flaking"><value>0</value></Data>
        <Data name="Kombewa flaking"><value>0</value></Data>
        <Data name="Core tablet"><value>1</value></Data>
        <Data name="Abrasion"><value>0</value></Data>
        <Data name="Trimming platform overhang"><value>0</value></Data>
        <Data name="Hard hammer percussion"><value>1</value></Data>
        <Data name="Support core with hand"><value>0</value></Data>
        <Data name="Use of an anvil"><value>0</value></Data>
        <Data name="Core rotation"><value>1</value></Data>
        <Data name="Soft hammer percussion"><value>0</value></Data>
        <Data name="Indirect percussion"><value>0</value></Data>
        <Data name="Flaking through pressure"><value>0</value></Data>
        <Data name="Hammer dressing"><value>0</value></Data>
        <Data name="Invasive flaking"><value>1</value></Data>
        <Data name="Ochre use"><value>0</value></Data>
        <Data name="Asphalt use"><value>0</value></Data>
        <Data name="Retouch"><value>1</value></Data>
        <Data name="Backing"><value>0</value></Data>
        <Data name="Notching"><value>0</value></Data>
        <Data name="Burination"><value>0</value></Data>
        <Data name="Tanging"><value>0</value></Data>
        <Data name="Tranchet"><value>0</value></Data>
        <Data name="Bifacial retouch"><value>0</value></Data>
        <Data name="Invasive retouch"><value>0</value></Data>
        <Data name="Pressure flaked retouch"><value>0</value></Data>
      </ExtendedData>
      <Point><coordinates>170.617771,-45.437417,0</coordinates></Point>
    </Placemark>
    <Placemark>
      <name>Riverton adze quarry</name>
      <styleUrl>#arch</styleUrl>
      <description><![CDATA[<div style="font:13px/1.45 Helvetica,Arial,sans-serif;max-width:400px"><table><tr><td style="padding:2px 10px 2px 0;vertical-align:top;white-space:nowrap"><b>Site</b></td><td style="padding:2px 0">Riverton adze quarry</td></tr><tr><td style="padding:2px 10px 2px 0;vertical-align:top;white-space:nowrap"><b>Country</b></td><td style="padding:2px 0">New Zealand (nearest, approx.)</td></tr><tr><td style="padding:2px 10px 2px 0;vertical-align:top;white-space:nowrap"><b>Entry type</b></td><td style="padding:2px 0">Archaeological</td></tr><tr><td style="padding:2px 10px 2px 0;vertical-align:top;white-space:nowrap"><b>Species attribution</b></td><td style="padding:2px 0">H. sapiens</td></tr><tr><td style="padding:2px 10px 2px 0;vertical-align:top;white-space:nowrap"><b>Technology (interpreted)</b></td><td style="padding:2px 0">Other</td></tr><tr><td style="padding:2px 10px 2px 0;vertical-align:top;white-space:nowrap"><b>Age</b></td><td style="padding:2px 0">0.7 - 0.5 ka</td></tr><tr><td style="padding:2px 10px 2px 0;vertical-align:top;white-space:nowrap"><b>Basis for date</b></td><td style="padding:2px 0">intcal20 applied to dates in leachRivertonSiteArchaic1980</td></tr><tr><td style="padding:2px 10px 2px 0;vertical-align:top;white-space:nowrap"><b>Scope of entry</b></td><td style="padding:2px 0">Whole assemblage</td></tr><tr><td style="padding:2px 10px 2px 0;vertical-align:top;white-space:nowrap"><b>Technology described</b></td><td style="padding:2px 0">Whole assemblage</td></tr><tr><td style="padding:2px 10px 2px 0;vertical-align:top;white-space:nowrap"><b>Published source</b></td><td style="padding:2px 0">Leach and Leach 1980</td></tr><tr><td style="padding:2px 10px 2px 0;vertical-align:top;white-space:nowrap"><b>Techniques recorded</b></td><td style="padding:2px 0">16 of 33</td></tr></table><p style="margin:10px 0 3px"><b>Procedural units present</b></p><p style="margin:0">Platform faceting, Distal shaping, Cresting, Overshot flaking, Abrasion, Trimming platform overhang, Hard hammer percussion, Support core with hand, Core rotation, Hammer dressing, Invasive flaking, Retouch, Backing, Notching, Tanging, Bifacial retouch</p></div>]]></description>
      <ExtendedData>
        <Data name="Source"><value>Leach and Leach 1980</value></Data>
        <Data name="Species"><value>H. sapiens</value></Data>
        <Data name="Technology"><value>Other</value></Data>
        <Data name="Country"><value>New Zealand</value></Data>
        <Data name="Entry type"><value>Archaeological</value></Data>
        <Data name="KA young"><value>0.5</value></Data>
        <Data name="KA old"><value>0.7</value></Data>
        <Data name="Technique count"><value>16</value></Data>
        <Data name="Heat treatment"><value>0</value></Data>
        <Data name="Platform faceting"><value>1</value></Data>
        <Data name="Centripetal shaping"><value>0</value></Data>
        <Data name="Lateral shaping"><value>0</value></Data>
        <Data name="Distal shaping"><value>1</value></Data>
        <Data name="Back shaping"><value>0</value></Data>
        <Data name="Cresting"><value>1</value></Data>
        <Data name="Debordante shaping"><value>0</value></Data>
        <Data name="Overshot flaking"><value>1</value></Data>
        <Data name="Kombewa flaking"><value>0</value></Data>
        <Data name="Core tablet"><value>0</value></Data>
        <Data name="Abrasion"><value>1</value></Data>
        <Data name="Trimming platform overhang"><value>1</value></Data>
        <Data name="Hard hammer percussion"><value>1</value></Data>
        <Data name="Support core with hand"><value>1</value></Data>
        <Data name="Use of an anvil"><value>0</value></Data>
        <Data name="Core rotation"><value>1</value></Data>
        <Data name="Soft hammer percussion"><value>0</value></Data>
        <Data name="Indirect percussion"><value>0</value></Data>
        <Data name="Flaking through pressure"><value>0</value></Data>
        <Data name="Hammer dressing"><value>1</value></Data>
        <Data name="Invasive flaking"><value>1</value></Data>
        <Data name="Ochre use"><value>0</value></Data>
        <Data name="Asphalt use"><value>0</value></Data>
        <Data name="Retouch"><value>1</value></Data>
        <Data name="Backing"><value>1</value></Data>
        <Data name="Notching"><value>1</value></Data>
        <Data name="Burination"><value>0</value></Data>
        <Data name="Tanging"><value>1</value></Data>
        <Data name="Tranchet"><value>0</value></Data>
        <Data name="Bifacial retouch"><value>1</value></Data>
        <Data name="Invasive retouch"><value>0</value></Data>
        <Data name="Pressure flaked retouch"><value>0</value></Data>
      </ExtendedData>
      <Point><coordinates>167.942186,-46.391232,0</coordinates></Point>
    </Placemark>
    <Placemark>
      <name>Shag River Mouth</name>
      <styleUrl>#arch</styleUrl>
      <description><![CDATA[<div style="font:13px/1.45 Helvetica,Arial,sans-serif;max-width:400px"><table><tr><td style="padding:2px 10px 2px 0;vertical-align:top;white-space:nowrap"><b>Site</b></td><td style="padding:2px 0">Shag River Mouth</td></tr><tr><td style="padding:2px 10px 2px 0;vertical-align:top;white-space:nowrap"><b>Country</b></td><td style="padding:2px 0">New Zealand</td></tr><tr><td style="padding:2px 10px 2px 0;vertical-align:top;white-space:nowrap"><b>Entry type</b></td><td style="padding:2px 0">Archaeological</td></tr><tr><td style="padding:2px 10px 2px 0;vertical-align:top;white-space:nowrap"><b>Species attribution</b></td><td style="padding:2px 0">H. sapiens</td></tr><tr><td style="padding:2px 10px 2px 0;vertical-align:top;white-space:nowrap"><b>Technology (interpreted)</b></td><td style="padding:2px 0">Other</td></tr><tr><td style="padding:2px 10px 2px 0;vertical-align:top;white-space:nowrap"><b>Age</b></td><td style="padding:2px 0">0.75 - 0.55 ka</td></tr><tr><td style="padding:2px 10px 2px 0;vertical-align:top;white-space:nowrap"><b>Basis for date</b></td><td style="padding:2px 0">-</td></tr><tr><td style="padding:2px 10px 2px 0;vertical-align:top;white-space:nowrap"><b>Scope of entry</b></td><td style="padding:2px 0">Whole assemblage</td></tr><tr><td style="padding:2px 10px 2px 0;vertical-align:top;white-space:nowrap"><b>Technology described</b></td><td style="padding:2px 0">Whole assemblage</td></tr><tr><td style="padding:2px 10px 2px 0;vertical-align:top;white-space:nowrap"><b>Published source</b></td><td style="padding:2px 0">Smith et al. 1996</td></tr><tr><td style="padding:2px 10px 2px 0;vertical-align:top;white-space:nowrap"><b>Techniques recorded</b></td><td style="padding:2px 0">18 of 33</td></tr></table><p style="margin:10px 0 3px"><b>Procedural units present</b></p><p style="margin:0">Platform faceting, Distal shaping, Cresting, Debordante shaping, Kombewa flaking, Core tablet, Hard hammer percussion, Support core with hand, Use of an anvil, Core rotation, Soft hammer percussion, Hammer dressing, Invasive flaking, Retouch, Backing, Notching, Burination, Bifacial retouch</p></div>]]></description>
      <ExtendedData>
        <Data name="Source"><value>Smith et al. 1996</value></Data>
        <Data name="Species"><value>H. sapiens</value></Data>
        <Data name="Technology"><value>Other</value></Data>
        <Data name="Country"><value>New Zealand</value></Data>
        <Data name="Entry type"><value>Archaeological</value></Data>
        <Data name="KA young"><value>0.55</value></Data>
        <Data name="KA old"><value>0.75</value></Data>
        <Data name="Technique count"><value>18</value></Data>
        <Data name="Heat treatment"><value>0</value></Data>
        <Data name="Platform faceting"><value>1</value></Data>
        <Data name="Centripetal shaping"><value>0</value></Data>
        <Data name="Lateral shaping"><value>0</value></Data>
        <Data name="Distal shaping"><value>1</value></Data>
        <Data name="Back shaping"><value>0</value></Data>
        <Data name="Cresting"><value>1</value></Data>
        <Data name="Debordante shaping"><value>1</value></Data>
        <Data name="Overshot flaking"><value>0</value></Data>
        <Data name="Kombewa flaking"><value>1</value></Data>
        <Data name="Core tablet"><value>1</value></Data>
        <Data name="Abrasion"><value>0</value></Data>
        <Data name="Trimming platform overhang"><value>0</value></Data>
        <Data name="Hard hammer percussion"><value>1</value></Data>
        <Data name="Support core with hand"><value>1</value></Data>
        <Data name="Use of an anvil"><value>1</value></Data>
        <Data name="Core rotation"><value>1</value></Data>
        <Data name="Soft hammer percussion"><value>1</value></Data>
        <Data name="Indirect percussion"><value>0</value></Data>
        <Data name="Flaking through pressure"><value>0</value></Data>
        <Data name="Hammer dressing"><value>1</value></Data>
        <Data name="Invasive flaking"><value>1</value></Data>
        <Data name="Ochre use"><value>0</value></Data>
        <Data name="Asphalt use"><value>0</value></Data>
        <Data name="Retouch"><value>1</value></Data>
        <Data name="Backing"><value>1</value></Data>
        <Data name="Notching"><value>1</value></Data>
        <Data name="Burination"><value>1</value></Data>
        <Data name="Tanging"><value>0</value></Data>
        <Data name="Tranchet"><value>0</value></Data>
        <Data name="Bifacial retouch"><value>1</value></Data>
        <Data name="Invasive retouch"><value>0</value></Data>
        <Data name="Pressure flaked retouch"><value>0</value></Data>
      </ExtendedData>
      <Point><coordinates>170.606465,-45.476190,0</coordinates></Point>
    </Placemark>
    <Placemark>
      <name>Shag River Mouth</name>
      <styleUrl>#arch</styleUrl>
      <description><![CDATA[<div style="font:13px/1.45 Helvetica,Arial,sans-serif;max-width:400px"><table><tr><td style="padding:2px 10px 2px 0;vertical-align:top;white-space:nowrap"><b>Site</b></td><td style="padding:2px 0">Shag River Mouth</td></tr><tr><td style="padding:2px 10px 2px 0;vertical-align:top;white-space:nowrap"><b>Country</b></td><td style="padding:2px 0">New Zealand (nearest, approx.)</td></tr><tr><td style="padding:2px 10px 2px 0;vertical-align:top;white-space:nowrap"><b>Entry type</b></td><td style="padding:2px 0">Archaeological</td></tr><tr><td style="padding:2px 10px 2px 0;vertical-align:top;white-space:nowrap"><b>Species attribution</b></td><td style="padding:2px 0">H. sapiens</td></tr><tr><td style="padding:2px 10px 2px 0;vertical-align:top;white-space:nowrap"><b>Technology (interpreted)</b></td><td style="padding:2px 0">Other</td></tr><tr><td style="padding:2px 10px 2px 0;vertical-align:top;white-space:nowrap"><b>Age</b></td><td style="padding:2px 0">0.75 - 0.55 ka</td></tr><tr><td style="padding:2px 10px 2px 0;vertical-align:top;white-space:nowrap"><b>Basis for date</b></td><td style="padding:2px 0">-</td></tr><tr><td style="padding:2px 10px 2px 0;vertical-align:top;white-space:nowrap"><b>Scope of entry</b></td><td style="padding:2px 0">Single sequence</td></tr><tr><td style="padding:2px 10px 2px 0;vertical-align:top;white-space:nowrap"><b>Technology described</b></td><td style="padding:2px 0">blade reduction bidirectional no cresting initiation and retouch of burinated blades</td></tr><tr><td style="padding:2px 10px 2px 0;vertical-align:top;white-space:nowrap"><b>Published source</b></td><td style="padding:2px 0">Smith et al. 1996</td></tr><tr><td style="padding:2px 10px 2px 0;vertical-align:top;white-space:nowrap"><b>Techniques recorded</b></td><td style="padding:2px 0">10 of 33</td></tr></table><p style="margin:10px 0 3px"><b>Procedural units present</b></p><p style="margin:0">Platform faceting, Distal shaping, Debordante shaping, Core tablet, Hard hammer percussion, Support core with hand, Core rotation, Invasive flaking, Retouch, Burination</p></div>]]></description>
      <ExtendedData>
        <Data name="Source"><value>Smith et al. 1996</value></Data>
        <Data name="Species"><value>H. sapiens</value></Data>
        <Data name="Technology"><value>Other</value></Data>
        <Data name="Country"><value>New Zealand</value></Data>
        <Data name="Entry type"><value>Archaeological</value></Data>
        <Data name="KA young"><value>0.55</value></Data>
        <Data name="KA old"><value>0.75</value></Data>
        <Data name="Technique count"><value>10</value></Data>
        <Data name="Heat treatment"><value>0</value></Data>
        <Data name="Platform faceting"><value>1</value></Data>
        <Data name="Centripetal shaping"><value>0</value></Data>
        <Data name="Lateral shaping"><value>0</value></Data>
        <Data name="Distal shaping"><value>1</value></Data>
        <Data name="Back shaping"><value>0</value></Data>
        <Data name="Cresting"><value>0</value></Data>
        <Data name="Debordante shaping"><value>1</value></Data>
        <Data name="Overshot flaking"><value>0</value></Data>
        <Data name="Kombewa flaking"><value>0</value></Data>
        <Data name="Core tablet"><value>1</value></Data>
        <Data name="Abrasion"><value>0</value></Data>
        <Data name="Trimming platform overhang"><value>0</value></Data>
        <Data name="Hard hammer percussion"><value>1</value></Data>
        <Data name="Support core with hand"><value>1</value></Data>
        <Data name="Use of an anvil"><value>0</value></Data>
        <Data name="Core rotation"><value>1</value></Data>
        <Data name="Soft hammer percussion"><value>0</value></Data>
        <Data name="Indirect percussion"><value>0</value></Data>
        <Data name="Flaking through pressure"><value>0</value></Data>
        <Data name="Hammer dressing"><value>0</value></Data>
        <Data name="Invasive flaking"><value>1</value></Data>
        <Data name="Ochre use"><value>0</value></Data>
        <Data name="Asphalt use"><value>0</value></Data>
        <Data name="Retouch"><value>1</value></Data>
        <Data name="Backing"><value>0</value></Data>
        <Data name="Notching"><value>0</value></Data>
        <Data name="Burination"><value>1</value></Data>
        <Data name="Tanging"><value>0</value></Data>
        <Data name="Tranchet"><value>0</value></Data>
        <Data name="Bifacial retouch"><value>0</value></Data>
        <Data name="Invasive retouch"><value>0</value></Data>
        <Data name="Pressure flaked retouch"><value>0</value></Data>
      </ExtendedData>
      <Point><coordinates>170.906320,-45.410229,0</coordinates></Point>
    </Placemark>
    </Folder>
    <Folder><name>Palestine (1)</name><open>0</open>
    <Placemark>
      <name>Qesem Cave</name>
      <styleUrl>#arch</styleUrl>
      <description><![CDATA[<div style="font:13px/1.45 Helvetica,Arial,sans-serif;max-width:400px"><table><tr><td style="padding:2px 10px 2px 0;vertical-align:top;white-space:nowrap"><b>Site</b></td><td style="padding:2px 0">Qesem Cave</td></tr><tr><td style="padding:2px 10px 2px 0;vertical-align:top;white-space:nowrap"><b>Country</b></td><td style="padding:2px 0">Palestine</td></tr><tr><td style="padding:2px 10px 2px 0;vertical-align:top;white-space:nowrap"><b>Entry type</b></td><td style="padding:2px 0">Archaeological</td></tr><tr><td style="padding:2px 10px 2px 0;vertical-align:top;white-space:nowrap"><b>Species attribution</b></td><td style="padding:2px 0">Unattributed</td></tr><tr><td style="padding:2px 10px 2px 0;vertical-align:top;white-space:nowrap"><b>Technology (interpreted)</b></td><td style="padding:2px 0">Other</td></tr><tr><td style="padding:2px 10px 2px 0;vertical-align:top;white-space:nowrap"><b>Age</b></td><td style="padding:2px 0">420 - 194 ka</td></tr><tr><td style="padding:2px 10px 2px 0;vertical-align:top;white-space:nowrap"><b>Basis for date</b></td><td style="padding:2px 0">Gopher et al. 2010. chronology of late lower pal. in Quaternary Geochron.</td></tr><tr><td style="padding:2px 10px 2px 0;vertical-align:top;white-space:nowrap"><b>Scope of entry</b></td><td style="padding:2px 0">Whole assemblage</td></tr><tr><td style="padding:2px 10px 2px 0;vertical-align:top;white-space:nowrap"><b>Technology described</b></td><td style="padding:2px 0">Whole assemblage blades and bifaces. Nahr Ibrahim tech. NO levallois.</td></tr><tr><td style="padding:2px 10px 2px 0;vertical-align:top;white-space:nowrap"><b>Published source</b></td><td style="padding:2px 0">Barkai et al. 2005 and Barzilai et al. 2011</td></tr><tr><td style="padding:2px 10px 2px 0;vertical-align:top;white-space:nowrap"><b>Techniques recorded</b></td><td style="padding:2px 0">16 of 33</td></tr></table><p style="margin:10px 0 3px"><b>Procedural units present</b></p><p style="margin:0">Platform faceting, Cresting, Debordante shaping, Overshot flaking, Kombewa flaking, Core tablet, Hard hammer percussion, Support core with hand, Core rotation, Invasive flaking, Retouch, Backing, Notching, Burination, Bifacial retouch, Invasive retouch</p></div>]]></description>
      <ExtendedData>
        <Data name="Source"><value>Barkai et al. 2005 and Barzilai et al. 2011</value></Data>
        <Data name="Species"><value>Unattributed</value></Data>
        <Data name="Technology"><value>Other</value></Data>
        <Data name="Country"><value>Palestine</value></Data>
        <Data name="Entry type"><value>Archaeological</value></Data>
        <Data name="KA young"><value>194</value></Data>
        <Data name="KA old"><value>420</value></Data>
        <Data name="Technique count"><value>16</value></Data>
        <Data name="Heat treatment"><value>0</value></Data>
        <Data name="Platform faceting"><value>1</value></Data>
        <Data name="Centripetal shaping"><value>0</value></Data>
        <Data name="Lateral shaping"><value>0</value></Data>
        <Data name="Distal shaping"><value>0</value></Data>
        <Data name="Back shaping"><value>0</value></Data>
        <Data name="Cresting"><value>1</value></Data>
        <Data name="Debordante shaping"><value>1</value></Data>
        <Data name="Overshot flaking"><value>1</value></Data>
        <Data name="Kombewa flaking"><value>1</value></Data>
        <Data name="Core tablet"><value>1</value></Data>
        <Data name="Abrasion"><value>0</value></Data>
        <Data name="Trimming platform overhang"><value>0</value></Data>
        <Data name="Hard hammer percussion"><value>1</value></Data>
        <Data name="Support core with hand"><value>1</value></Data>
        <Data name="Use of an anvil"><value>0</value></Data>
        <Data name="Core rotation"><value>1</value></Data>
        <Data name="Soft hammer percussion"><value>0</value></Data>
        <Data name="Indirect percussion"><value>0</value></Data>
        <Data name="Flaking through pressure"><value>0</value></Data>
        <Data name="Hammer dressing"><value>0</value></Data>
        <Data name="Invasive flaking"><value>1</value></Data>
        <Data name="Ochre use"><value>0</value></Data>
        <Data name="Asphalt use"><value>0</value></Data>
        <Data name="Retouch"><value>1</value></Data>
        <Data name="Backing"><value>1</value></Data>
        <Data name="Notching"><value>1</value></Data>
        <Data name="Burination"><value>1</value></Data>
        <Data name="Tanging"><value>0</value></Data>
        <Data name="Tranchet"><value>0</value></Data>
        <Data name="Bifacial retouch"><value>1</value></Data>
        <Data name="Invasive retouch"><value>1</value></Data>
        <Data name="Pressure flaked retouch"><value>0</value></Data>
      </ExtendedData>
      <Point><coordinates>34.983486,32.066528,0</coordinates></Point>
    </Placemark>
    </Folder>
    <Folder><name>Papua New Guinea (12)</name><open>0</open>
    <Placemark>
      <name>GAC Layers 1-3</name>
      <styleUrl>#arch</styleUrl>
      <description><![CDATA[<div style="font:13px/1.45 Helvetica,Arial,sans-serif;max-width:400px"><table><tr><td style="padding:2px 10px 2px 0;vertical-align:top;white-space:nowrap"><b>Site</b></td><td style="padding:2px 0">GAC Layers 1-3</td></tr><tr><td style="padding:2px 10px 2px 0;vertical-align:top;white-space:nowrap"><b>Country</b></td><td style="padding:2px 0">Papua New Guinea (nearest, approx.)</td></tr><tr><td style="padding:2px 10px 2px 0;vertical-align:top;white-space:nowrap"><b>Entry type</b></td><td style="padding:2px 0">Archaeological</td></tr><tr><td style="padding:2px 10px 2px 0;vertical-align:top;white-space:nowrap"><b>Species attribution</b></td><td style="padding:2px 0">H. sapiens</td></tr><tr><td style="padding:2px 10px 2px 0;vertical-align:top;white-space:nowrap"><b>Technology (interpreted)</b></td><td style="padding:2px 0">Other</td></tr><tr><td style="padding:2px 10px 2px 0;vertical-align:top;white-space:nowrap"><b>Age</b></td><td style="padding:2px 0">4.4 - 2 ka</td></tr><tr><td style="padding:2px 10px 2px 0;vertical-align:top;white-space:nowrap"><b>Basis for date</b></td><td style="padding:2px 0">Kennedy 1983:116 for young date rc for old date reported in this text</td></tr><tr><td style="padding:2px 10px 2px 0;vertical-align:top;white-space:nowrap"><b>Scope of entry</b></td><td style="padding:2px 0">Single sequence</td></tr><tr><td style="padding:2px 10px 2px 0;vertical-align:top;white-space:nowrap"><b>Technology described</b></td><td style="padding:2px 0">discoidal technology with some platform prep of flakes in form of facetting and backing of tools</td></tr><tr><td style="padding:2px 10px 2px 0;vertical-align:top;white-space:nowrap"><b>Published source</b></td><td style="padding:2px 0">Pavlides and Kennedy 2007</td></tr><tr><td style="padding:2px 10px 2px 0;vertical-align:top;white-space:nowrap"><b>Techniques recorded</b></td><td style="padding:2px 0">7 of 33</td></tr></table><p style="margin:10px 0 3px"><b>Procedural units present</b></p><p style="margin:0">Platform faceting, Trimming platform overhang, Hard hammer percussion, Support core with hand, Core rotation, Backing, Bifacial retouch</p></div>]]></description>
      <ExtendedData>
        <Data name="Source"><value>Pavlides and Kennedy 2007</value></Data>
        <Data name="Species"><value>H. sapiens</value></Data>
        <Data name="Technology"><value>Other</value></Data>
        <Data name="Country"><value>Papua New Guinea</value></Data>
        <Data name="Entry type"><value>Archaeological</value></Data>
        <Data name="KA young"><value>2</value></Data>
        <Data name="KA old"><value>4.4</value></Data>
        <Data name="Technique count"><value>7</value></Data>
        <Data name="Heat treatment"><value>0</value></Data>
        <Data name="Platform faceting"><value>1</value></Data>
        <Data name="Centripetal shaping"><value>0</value></Data>
        <Data name="Lateral shaping"><value>0</value></Data>
        <Data name="Distal shaping"><value>0</value></Data>
        <Data name="Back shaping"><value>0</value></Data>
        <Data name="Cresting"><value>0</value></Data>
        <Data name="Debordante shaping"><value>0</value></Data>
        <Data name="Overshot flaking"><value>0</value></Data>
        <Data name="Kombewa flaking"><value>0</value></Data>
        <Data name="Core tablet"><value>0</value></Data>
        <Data name="Abrasion"><value>0</value></Data>
        <Data name="Trimming platform overhang"><value>1</value></Data>
        <Data name="Hard hammer percussion"><value>1</value></Data>
        <Data name="Support core with hand"><value>1</value></Data>
        <Data name="Use of an anvil"><value>0</value></Data>
        <Data name="Core rotation"><value>1</value></Data>
        <Data name="Soft hammer percussion"><value>0</value></Data>
        <Data name="Indirect percussion"><value>0</value></Data>
        <Data name="Flaking through pressure"><value>0</value></Data>
        <Data name="Hammer dressing"><value>0</value></Data>
        <Data name="Invasive flaking"><value>0</value></Data>
        <Data name="Ochre use"><value>0</value></Data>
        <Data name="Asphalt use"><value>0</value></Data>
        <Data name="Retouch"><value>0</value></Data>
        <Data name="Backing"><value>1</value></Data>
        <Data name="Notching"><value>0</value></Data>
        <Data name="Burination"><value>0</value></Data>
        <Data name="Tanging"><value>0</value></Data>
        <Data name="Tranchet"><value>0</value></Data>
        <Data name="Bifacial retouch"><value>1</value></Data>
        <Data name="Invasive retouch"><value>0</value></Data>
        <Data name="Pressure flaked retouch"><value>0</value></Data>
      </ExtendedData>
      <Point><coordinates>147.361173,-2.096655,0</coordinates></Point>
    </Placemark>
    <Placemark>
      <name>GAC Layers 1-3</name>
      <styleUrl>#arch</styleUrl>
      <description><![CDATA[<div style="font:13px/1.45 Helvetica,Arial,sans-serif;max-width:400px"><table><tr><td style="padding:2px 10px 2px 0;vertical-align:top;white-space:nowrap"><b>Site</b></td><td style="padding:2px 0">GAC Layers 1-3</td></tr><tr><td style="padding:2px 10px 2px 0;vertical-align:top;white-space:nowrap"><b>Country</b></td><td style="padding:2px 0">Papua New Guinea</td></tr><tr><td style="padding:2px 10px 2px 0;vertical-align:top;white-space:nowrap"><b>Entry type</b></td><td style="padding:2px 0">Archaeological</td></tr><tr><td style="padding:2px 10px 2px 0;vertical-align:top;white-space:nowrap"><b>Species attribution</b></td><td style="padding:2px 0">H. sapiens</td></tr><tr><td style="padding:2px 10px 2px 0;vertical-align:top;white-space:nowrap"><b>Technology (interpreted)</b></td><td style="padding:2px 0">Other</td></tr><tr><td style="padding:2px 10px 2px 0;vertical-align:top;white-space:nowrap"><b>Age</b></td><td style="padding:2px 0">4.4 - 2 ka</td></tr><tr><td style="padding:2px 10px 2px 0;vertical-align:top;white-space:nowrap"><b>Basis for date</b></td><td style="padding:2px 0">Kennedy 1983:116 for young date rc for old date reported in this text</td></tr><tr><td style="padding:2px 10px 2px 0;vertical-align:top;white-space:nowrap"><b>Scope of entry</b></td><td style="padding:2px 0">Whole assemblage</td></tr><tr><td style="padding:2px 10px 2px 0;vertical-align:top;white-space:nowrap"><b>Technology described</b></td><td style="padding:2px 0">Whle assemblage</td></tr><tr><td style="padding:2px 10px 2px 0;vertical-align:top;white-space:nowrap"><b>Published source</b></td><td style="padding:2px 0">Pavlides and Kennedy 2007</td></tr><tr><td style="padding:2px 10px 2px 0;vertical-align:top;white-space:nowrap"><b>Techniques recorded</b></td><td style="padding:2px 0">10 of 33</td></tr></table><p style="margin:10px 0 3px"><b>Procedural units present</b></p><p style="margin:0">Platform faceting, Trimming platform overhang, Hard hammer percussion, Support core with hand, Use of an anvil, Core rotation, Retouch, Backing, Notching, Bifacial retouch</p></div>]]></description>
      <ExtendedData>
        <Data name="Source"><value>Pavlides and Kennedy 2007</value></Data>
        <Data name="Species"><value>H. sapiens</value></Data>
        <Data name="Technology"><value>Other</value></Data>
        <Data name="Country"><value>Papua New Guinea</value></Data>
        <Data name="Entry type"><value>Archaeological</value></Data>
        <Data name="KA young"><value>2</value></Data>
        <Data name="KA old"><value>4.4</value></Data>
        <Data name="Technique count"><value>10</value></Data>
        <Data name="Heat treatment"><value>0</value></Data>
        <Data name="Platform faceting"><value>1</value></Data>
        <Data name="Centripetal shaping"><value>0</value></Data>
        <Data name="Lateral shaping"><value>0</value></Data>
        <Data name="Distal shaping"><value>0</value></Data>
        <Data name="Back shaping"><value>0</value></Data>
        <Data name="Cresting"><value>0</value></Data>
        <Data name="Debordante shaping"><value>0</value></Data>
        <Data name="Overshot flaking"><value>0</value></Data>
        <Data name="Kombewa flaking"><value>0</value></Data>
        <Data name="Core tablet"><value>0</value></Data>
        <Data name="Abrasion"><value>0</value></Data>
        <Data name="Trimming platform overhang"><value>1</value></Data>
        <Data name="Hard hammer percussion"><value>1</value></Data>
        <Data name="Support core with hand"><value>1</value></Data>
        <Data name="Use of an anvil"><value>1</value></Data>
        <Data name="Core rotation"><value>1</value></Data>
        <Data name="Soft hammer percussion"><value>0</value></Data>
        <Data name="Indirect percussion"><value>0</value></Data>
        <Data name="Flaking through pressure"><value>0</value></Data>
        <Data name="Hammer dressing"><value>0</value></Data>
        <Data name="Invasive flaking"><value>0</value></Data>
        <Data name="Ochre use"><value>0</value></Data>
        <Data name="Asphalt use"><value>0</value></Data>
        <Data name="Retouch"><value>1</value></Data>
        <Data name="Backing"><value>1</value></Data>
        <Data name="Notching"><value>1</value></Data>
        <Data name="Burination"><value>0</value></Data>
        <Data name="Tanging"><value>0</value></Data>
        <Data name="Tranchet"><value>0</value></Data>
        <Data name="Bifacial retouch"><value>1</value></Data>
        <Data name="Invasive retouch"><value>0</value></Data>
        <Data name="Pressure flaked retouch"><value>0</value></Data>
      </ExtendedData>
      <Point><coordinates>147.387790,-2.067835,0</coordinates></Point>
    </Placemark>
    <Placemark>
      <name>GFJ</name>
      <styleUrl>#arch</styleUrl>
      <description><![CDATA[<div style="font:13px/1.45 Helvetica,Arial,sans-serif;max-width:400px"><table><tr><td style="padding:2px 10px 2px 0;vertical-align:top;white-space:nowrap"><b>Site</b></td><td style="padding:2px 0">GFJ</td></tr><tr><td style="padding:2px 10px 2px 0;vertical-align:top;white-space:nowrap"><b>Country</b></td><td style="padding:2px 0">Papua New Guinea (nearest, approx.)</td></tr><tr><td style="padding:2px 10px 2px 0;vertical-align:top;white-space:nowrap"><b>Entry type</b></td><td style="padding:2px 0">Archaeological</td></tr><tr><td style="padding:2px 10px 2px 0;vertical-align:top;white-space:nowrap"><b>Species attribution</b></td><td style="padding:2px 0">H. sapiens</td></tr><tr><td style="padding:2px 10px 2px 0;vertical-align:top;white-space:nowrap"><b>Technology (interpreted)</b></td><td style="padding:2px 0">Other</td></tr><tr><td style="padding:2px 10px 2px 0;vertical-align:top;white-space:nowrap"><b>Age</b></td><td style="padding:2px 0">4.7 - 2 ka</td></tr><tr><td style="padding:2px 10px 2px 0;vertical-align:top;white-space:nowrap"><b>Basis for date</b></td><td style="padding:2px 0">Kennedy 1983:116 for young date rc for old date reported in this text</td></tr><tr><td style="padding:2px 10px 2px 0;vertical-align:top;white-space:nowrap"><b>Scope of entry</b></td><td style="padding:2px 0">Single sequence</td></tr><tr><td style="padding:2px 10px 2px 0;vertical-align:top;white-space:nowrap"><b>Technology described</b></td><td style="padding:2px 0">discoidal technology  and backing of tools</td></tr><tr><td style="padding:2px 10px 2px 0;vertical-align:top;white-space:nowrap"><b>Published source</b></td><td style="padding:2px 0">Pavlides and Kennedy 2007</td></tr><tr><td style="padding:2px 10px 2px 0;vertical-align:top;white-space:nowrap"><b>Techniques recorded</b></td><td style="padding:2px 0">6 of 33</td></tr></table><p style="margin:10px 0 3px"><b>Procedural units present</b></p><p style="margin:0">Trimming platform overhang, Hard hammer percussion, Support core with hand, Core rotation, Backing, Bifacial retouch</p></div>]]></description>
      <ExtendedData>
        <Data name="Source"><value>Pavlides and Kennedy 2007</value></Data>
        <Data name="Species"><value>H. sapiens</value></Data>
        <Data name="Technology"><value>Other</value></Data>
        <Data name="Country"><value>Papua New Guinea</value></Data>
        <Data name="Entry type"><value>Archaeological</value></Data>
        <Data name="KA young"><value>2</value></Data>
        <Data name="KA old"><value>4.7</value></Data>
        <Data name="Technique count"><value>6</value></Data>
        <Data name="Heat treatment"><value>0</value></Data>
        <Data name="Platform faceting"><value>0</value></Data>
        <Data name="Centripetal shaping"><value>0</value></Data>
        <Data name="Lateral shaping"><value>0</value></Data>
        <Data name="Distal shaping"><value>0</value></Data>
        <Data name="Back shaping"><value>0</value></Data>
        <Data name="Cresting"><value>0</value></Data>
        <Data name="Debordante shaping"><value>0</value></Data>
        <Data name="Overshot flaking"><value>0</value></Data>
        <Data name="Kombewa flaking"><value>0</value></Data>
        <Data name="Core tablet"><value>0</value></Data>
        <Data name="Abrasion"><value>0</value></Data>
        <Data name="Trimming platform overhang"><value>1</value></Data>
        <Data name="Hard hammer percussion"><value>1</value></Data>
        <Data name="Support core with hand"><value>1</value></Data>
        <Data name="Use of an anvil"><value>0</value></Data>
        <Data name="Core rotation"><value>1</value></Data>
        <Data name="Soft hammer percussion"><value>0</value></Data>
        <Data name="Indirect percussion"><value>0</value></Data>
        <Data name="Flaking through pressure"><value>0</value></Data>
        <Data name="Hammer dressing"><value>0</value></Data>
        <Data name="Invasive flaking"><value>0</value></Data>
        <Data name="Ochre use"><value>0</value></Data>
        <Data name="Asphalt use"><value>0</value></Data>
        <Data name="Retouch"><value>0</value></Data>
        <Data name="Backing"><value>1</value></Data>
        <Data name="Notching"><value>0</value></Data>
        <Data name="Burination"><value>0</value></Data>
        <Data name="Tanging"><value>0</value></Data>
        <Data name="Tranchet"><value>0</value></Data>
        <Data name="Bifacial retouch"><value>1</value></Data>
        <Data name="Invasive retouch"><value>0</value></Data>
        <Data name="Pressure flaked retouch"><value>0</value></Data>
      </ExtendedData>
      <Point><coordinates>147.034510,-2.208487,0</coordinates></Point>
    </Placemark>
    <Placemark>
      <name>GFJ</name>
      <styleUrl>#arch</styleUrl>
      <description><![CDATA[<div style="font:13px/1.45 Helvetica,Arial,sans-serif;max-width:400px"><table><tr><td style="padding:2px 10px 2px 0;vertical-align:top;white-space:nowrap"><b>Site</b></td><td style="padding:2px 0">GFJ</td></tr><tr><td style="padding:2px 10px 2px 0;vertical-align:top;white-space:nowrap"><b>Country</b></td><td style="padding:2px 0">Papua New Guinea</td></tr><tr><td style="padding:2px 10px 2px 0;vertical-align:top;white-space:nowrap"><b>Entry type</b></td><td style="padding:2px 0">Archaeological</td></tr><tr><td style="padding:2px 10px 2px 0;vertical-align:top;white-space:nowrap"><b>Species attribution</b></td><td style="padding:2px 0">H. sapiens</td></tr><tr><td style="padding:2px 10px 2px 0;vertical-align:top;white-space:nowrap"><b>Technology (interpreted)</b></td><td style="padding:2px 0">Other</td></tr><tr><td style="padding:2px 10px 2px 0;vertical-align:top;white-space:nowrap"><b>Age</b></td><td style="padding:2px 0">4.7 - 2 ka</td></tr><tr><td style="padding:2px 10px 2px 0;vertical-align:top;white-space:nowrap"><b>Basis for date</b></td><td style="padding:2px 0">Kennedy 1983:116 for young date rc for old date reported in this text</td></tr><tr><td style="padding:2px 10px 2px 0;vertical-align:top;white-space:nowrap"><b>Scope of entry</b></td><td style="padding:2px 0">Whole assemblage</td></tr><tr><td style="padding:2px 10px 2px 0;vertical-align:top;white-space:nowrap"><b>Technology described</b></td><td style="padding:2px 0">Whole assemblage litle</td></tr><tr><td style="padding:2px 10px 2px 0;vertical-align:top;white-space:nowrap"><b>Published source</b></td><td style="padding:2px 0">Pavlides and Kennedy 2007</td></tr><tr><td style="padding:2px 10px 2px 0;vertical-align:top;white-space:nowrap"><b>Techniques recorded</b></td><td style="padding:2px 0">8 of 33</td></tr></table><p style="margin:10px 0 3px"><b>Procedural units present</b></p><p style="margin:0">Trimming platform overhang, Hard hammer percussion, Support core with hand, Core rotation, Retouch, Backing, Notching, Bifacial retouch</p></div>]]></description>
      <ExtendedData>
        <Data name="Source"><value>Pavlides and Kennedy 2007</value></Data>
        <Data name="Species"><value>H. sapiens</value></Data>
        <Data name="Technology"><value>Other</value></Data>
        <Data name="Country"><value>Papua New Guinea</value></Data>
        <Data name="Entry type"><value>Archaeological</value></Data>
        <Data name="KA young"><value>2</value></Data>
        <Data name="KA old"><value>4.7</value></Data>
        <Data name="Technique count"><value>8</value></Data>
        <Data name="Heat treatment"><value>0</value></Data>
        <Data name="Platform faceting"><value>0</value></Data>
        <Data name="Centripetal shaping"><value>0</value></Data>
        <Data name="Lateral shaping"><value>0</value></Data>
        <Data name="Distal shaping"><value>0</value></Data>
        <Data name="Back shaping"><value>0</value></Data>
        <Data name="Cresting"><value>0</value></Data>
        <Data name="Debordante shaping"><value>0</value></Data>
        <Data name="Overshot flaking"><value>0</value></Data>
        <Data name="Kombewa flaking"><value>0</value></Data>
        <Data name="Core tablet"><value>0</value></Data>
        <Data name="Abrasion"><value>0</value></Data>
        <Data name="Trimming platform overhang"><value>1</value></Data>
        <Data name="Hard hammer percussion"><value>1</value></Data>
        <Data name="Support core with hand"><value>1</value></Data>
        <Data name="Use of an anvil"><value>0</value></Data>
        <Data name="Core rotation"><value>1</value></Data>
        <Data name="Soft hammer percussion"><value>0</value></Data>
        <Data name="Indirect percussion"><value>0</value></Data>
        <Data name="Flaking through pressure"><value>0</value></Data>
        <Data name="Hammer dressing"><value>0</value></Data>
        <Data name="Invasive flaking"><value>0</value></Data>
        <Data name="Ochre use"><value>0</value></Data>
        <Data name="Asphalt use"><value>0</value></Data>
        <Data name="Retouch"><value>1</value></Data>
        <Data name="Backing"><value>1</value></Data>
        <Data name="Notching"><value>1</value></Data>
        <Data name="Burination"><value>0</value></Data>
        <Data name="Tanging"><value>0</value></Data>
        <Data name="Tranchet"><value>0</value></Data>
        <Data name="Bifacial retouch"><value>1</value></Data>
        <Data name="Invasive retouch"><value>0</value></Data>
        <Data name="Pressure flaked retouch"><value>0</value></Data>
      </ExtendedData>
      <Point><coordinates>147.065679,-2.039105,0</coordinates></Point>
    </Placemark>
    <Placemark>
      <name>Kiowa levels 10-12</name>
      <styleUrl>#arch</styleUrl>
      <description><![CDATA[<div style="font:13px/1.45 Helvetica,Arial,sans-serif;max-width:400px"><table><tr><td style="padding:2px 10px 2px 0;vertical-align:top;white-space:nowrap"><b>Site</b></td><td style="padding:2px 0">Kiowa levels 10-12</td></tr><tr><td style="padding:2px 10px 2px 0;vertical-align:top;white-space:nowrap"><b>Country</b></td><td style="padding:2px 0">Papua New Guinea</td></tr><tr><td style="padding:2px 10px 2px 0;vertical-align:top;white-space:nowrap"><b>Entry type</b></td><td style="padding:2px 0">Archaeological</td></tr><tr><td style="padding:2px 10px 2px 0;vertical-align:top;white-space:nowrap"><b>Species attribution</b></td><td style="padding:2px 0">H. sapiens</td></tr><tr><td style="padding:2px 10px 2px 0;vertical-align:top;white-space:nowrap"><b>Technology (interpreted)</b></td><td style="padding:2px 0">Other</td></tr><tr><td style="padding:2px 10px 2px 0;vertical-align:top;white-space:nowrap"><b>Age</b></td><td style="padding:2px 0">12 - 10 ka</td></tr><tr><td style="padding:2px 10px 2px 0;vertical-align:top;white-space:nowrap"><b>Basis for date</b></td><td style="padding:2px 0">table 1.</td></tr><tr><td style="padding:2px 10px 2px 0;vertical-align:top;white-space:nowrap"><b>Scope of entry</b></td><td style="padding:2px 0">Whole assemblage</td></tr><tr><td style="padding:2px 10px 2px 0;vertical-align:top;white-space:nowrap"><b>Technology described</b></td><td style="padding:2px 0">Whole assemblage</td></tr><tr><td style="padding:2px 10px 2px 0;vertical-align:top;white-space:nowrap"><b>Published source</b></td><td style="padding:2px 0">Gaffney et al. 2015</td></tr><tr><td style="padding:2px 10px 2px 0;vertical-align:top;white-space:nowrap"><b>Techniques recorded</b></td><td style="padding:2px 0">5 of 33</td></tr></table><p style="margin:10px 0 3px"><b>Procedural units present</b></p><p style="margin:0">Hard hammer percussion, Support core with hand, Use of an anvil, Core rotation, Retouch</p></div>]]></description>
      <ExtendedData>
        <Data name="Source"><value>Gaffney et al. 2015</value></Data>
        <Data name="Species"><value>H. sapiens</value></Data>
        <Data name="Technology"><value>Other</value></Data>
        <Data name="Country"><value>Papua New Guinea</value></Data>
        <Data name="Entry type"><value>Archaeological</value></Data>
        <Data name="KA young"><value>10.2</value></Data>
        <Data name="KA old"><value>12.5</value></Data>
        <Data name="Technique count"><value>5</value></Data>
        <Data name="Heat treatment"><value>0</value></Data>
        <Data name="Platform faceting"><value>0</value></Data>
        <Data name="Centripetal shaping"><value>0</value></Data>
        <Data name="Lateral shaping"><value>0</value></Data>
        <Data name="Distal shaping"><value>0</value></Data>
        <Data name="Back shaping"><value>0</value></Data>
        <Data name="Cresting"><value>0</value></Data>
        <Data name="Debordante shaping"><value>0</value></Data>
        <Data name="Overshot flaking"><value>0</value></Data>
        <Data name="Kombewa flaking"><value>0</value></Data>
        <Data name="Core tablet"><value>0</value></Data>
        <Data name="Abrasion"><value>0</value></Data>
        <Data name="Trimming platform overhang"><value>0</value></Data>
        <Data name="Hard hammer percussion"><value>1</value></Data>
        <Data name="Support core with hand"><value>1</value></Data>
        <Data name="Use of an anvil"><value>1</value></Data>
        <Data name="Core rotation"><value>1</value></Data>
        <Data name="Soft hammer percussion"><value>0</value></Data>
        <Data name="Indirect percussion"><value>0</value></Data>
        <Data name="Flaking through pressure"><value>0</value></Data>
        <Data name="Hammer dressing"><value>0</value></Data>
        <Data name="Invasive flaking"><value>0</value></Data>
        <Data name="Ochre use"><value>0</value></Data>
        <Data name="Asphalt use"><value>0</value></Data>
        <Data name="Retouch"><value>1</value></Data>
        <Data name="Backing"><value>0</value></Data>
        <Data name="Notching"><value>0</value></Data>
        <Data name="Burination"><value>0</value></Data>
        <Data name="Tanging"><value>0</value></Data>
        <Data name="Tranchet"><value>0</value></Data>
        <Data name="Bifacial retouch"><value>0</value></Data>
        <Data name="Invasive retouch"><value>0</value></Data>
        <Data name="Pressure flaked retouch"><value>0</value></Data>
      </ExtendedData>
      <Point><coordinates>145.147696,-5.982546,0</coordinates></Point>
    </Placemark>
    <Placemark>
      <name>Kiowa levels 2-6</name>
      <styleUrl>#arch</styleUrl>
      <description><![CDATA[<div style="font:13px/1.45 Helvetica,Arial,sans-serif;max-width:400px"><table><tr><td style="padding:2px 10px 2px 0;vertical-align:top;white-space:nowrap"><b>Site</b></td><td style="padding:2px 0">Kiowa levels 2-6</td></tr><tr><td style="padding:2px 10px 2px 0;vertical-align:top;white-space:nowrap"><b>Country</b></td><td style="padding:2px 0">Papua New Guinea</td></tr><tr><td style="padding:2px 10px 2px 0;vertical-align:top;white-space:nowrap"><b>Entry type</b></td><td style="padding:2px 0">Archaeological</td></tr><tr><td style="padding:2px 10px 2px 0;vertical-align:top;white-space:nowrap"><b>Species attribution</b></td><td style="padding:2px 0">H. sapiens</td></tr><tr><td style="padding:2px 10px 2px 0;vertical-align:top;white-space:nowrap"><b>Technology (interpreted)</b></td><td style="padding:2px 0">Other</td></tr><tr><td style="padding:2px 10px 2px 0;vertical-align:top;white-space:nowrap"><b>Age</b></td><td style="padding:2px 0">7.1 - 5.3 ka</td></tr><tr><td style="padding:2px 10px 2px 0;vertical-align:top;white-space:nowrap"><b>Basis for date</b></td><td style="padding:2px 0">table 1.</td></tr><tr><td style="padding:2px 10px 2px 0;vertical-align:top;white-space:nowrap"><b>Scope of entry</b></td><td style="padding:2px 0">Whole assemblage</td></tr><tr><td style="padding:2px 10px 2px 0;vertical-align:top;white-space:nowrap"><b>Technology described</b></td><td style="padding:2px 0">Whole assemblage</td></tr><tr><td style="padding:2px 10px 2px 0;vertical-align:top;white-space:nowrap"><b>Published source</b></td><td style="padding:2px 0">Gaffney et al. 2015</td></tr><tr><td style="padding:2px 10px 2px 0;vertical-align:top;white-space:nowrap"><b>Techniques recorded</b></td><td style="padding:2px 0">9 of 33</td></tr></table><p style="margin:10px 0 3px"><b>Procedural units present</b></p><p style="margin:0">Abrasion, Hard hammer percussion, Support core with hand, Use of an anvil, Core rotation, Hammer dressing, Retouch, Notching, Tanging</p></div>]]></description>
      <ExtendedData>
        <Data name="Source"><value>Gaffney et al. 2015</value></Data>
        <Data name="Species"><value>H. sapiens</value></Data>
        <Data name="Technology"><value>Other</value></Data>
        <Data name="Country"><value>Papua New Guinea</value></Data>
        <Data name="Entry type"><value>Archaeological</value></Data>
        <Data name="KA young"><value>5.3</value></Data>
        <Data name="KA old"><value>7.1</value></Data>
        <Data name="Technique count"><value>9</value></Data>
        <Data name="Heat treatment"><value>0</value></Data>
        <Data name="Platform faceting"><value>0</value></Data>
        <Data name="Centripetal shaping"><value>0</value></Data>
        <Data name="Lateral shaping"><value>0</value></Data>
        <Data name="Distal shaping"><value>0</value></Data>
        <Data name="Back shaping"><value>0</value></Data>
        <Data name="Cresting"><value>0</value></Data>
        <Data name="Debordante shaping"><value>0</value></Data>
        <Data name="Overshot flaking"><value>0</value></Data>
        <Data name="Kombewa flaking"><value>0</value></Data>
        <Data name="Core tablet"><value>0</value></Data>
        <Data name="Abrasion"><value>1</value></Data>
        <Data name="Trimming platform overhang"><value>0</value></Data>
        <Data name="Hard hammer percussion"><value>1</value></Data>
        <Data name="Support core with hand"><value>1</value></Data>
        <Data name="Use of an anvil"><value>1</value></Data>
        <Data name="Core rotation"><value>1</value></Data>
        <Data name="Soft hammer percussion"><value>0</value></Data>
        <Data name="Indirect percussion"><value>0</value></Data>
        <Data name="Flaking through pressure"><value>0</value></Data>
        <Data name="Hammer dressing"><value>1</value></Data>
        <Data name="Invasive flaking"><value>0</value></Data>
        <Data name="Ochre use"><value>0</value></Data>
        <Data name="Asphalt use"><value>0</value></Data>
        <Data name="Retouch"><value>1</value></Data>
        <Data name="Backing"><value>0</value></Data>
        <Data name="Notching"><value>1</value></Data>
        <Data name="Burination"><value>0</value></Data>
        <Data name="Tanging"><value>1</value></Data>
        <Data name="Tranchet"><value>0</value></Data>
        <Data name="Bifacial retouch"><value>0</value></Data>
        <Data name="Invasive retouch"><value>0</value></Data>
        <Data name="Pressure flaked retouch"><value>0</value></Data>
      </ExtendedData>
      <Point><coordinates>145.157655,-6.005945,0</coordinates></Point>
    </Placemark>
    <Placemark>
      <name>Moiapu 3</name>
      <styleUrl>#arch</styleUrl>
      <description><![CDATA[<div style="font:13px/1.45 Helvetica,Arial,sans-serif;max-width:400px"><table><tr><td style="padding:2px 10px 2px 0;vertical-align:top;white-space:nowrap"><b>Site</b></td><td style="padding:2px 0">Moiapu 3</td></tr><tr><td style="padding:2px 10px 2px 0;vertical-align:top;white-space:nowrap"><b>Country</b></td><td style="padding:2px 0">Papua New Guinea (nearest, approx.)</td></tr><tr><td style="padding:2px 10px 2px 0;vertical-align:top;white-space:nowrap"><b>Entry type</b></td><td style="padding:2px 0">Archaeological</td></tr><tr><td style="padding:2px 10px 2px 0;vertical-align:top;white-space:nowrap"><b>Species attribution</b></td><td style="padding:2px 0">H. sapiens</td></tr><tr><td style="padding:2px 10px 2px 0;vertical-align:top;white-space:nowrap"><b>Technology (interpreted)</b></td><td style="padding:2px 0">Other</td></tr><tr><td style="padding:2px 10px 2px 0;vertical-align:top;white-space:nowrap"><b>Age</b></td><td style="padding:2px 0">2.55 - 2 ka</td></tr><tr><td style="padding:2px 10px 2px 0;vertical-align:top;white-space:nowrap"><b>Basis for date</b></td><td style="padding:2px 0">marine20 applied to dates in davidMoiapuSettlementMoiapu2019</td></tr><tr><td style="padding:2px 10px 2px 0;vertical-align:top;white-space:nowrap"><b>Scope of entry</b></td><td style="padding:2px 0">Whole assemblage</td></tr><tr><td style="padding:2px 10px 2px 0;vertical-align:top;white-space:nowrap"><b>Technology described</b></td><td style="padding:2px 0">Whole assemblage</td></tr><tr><td style="padding:2px 10px 2px 0;vertical-align:top;white-space:nowrap"><b>Published source</b></td><td style="padding:2px 0">David et al. 2019</td></tr><tr><td style="padding:2px 10px 2px 0;vertical-align:top;white-space:nowrap"><b>Techniques recorded</b></td><td style="padding:2px 0">6 of 33</td></tr></table><p style="margin:10px 0 3px"><b>Procedural units present</b></p><p style="margin:0">Trimming platform overhang, Hard hammer percussion, Support core with hand, Use of an anvil, Core rotation, Retouch</p></div>]]></description>
      <ExtendedData>
        <Data name="Source"><value>David et al. 2019</value></Data>
        <Data name="Species"><value>H. sapiens</value></Data>
        <Data name="Technology"><value>Other</value></Data>
        <Data name="Country"><value>Papua New Guinea</value></Data>
        <Data name="Entry type"><value>Archaeological</value></Data>
        <Data name="KA young"><value>2</value></Data>
        <Data name="KA old"><value>2.55</value></Data>
        <Data name="Technique count"><value>6</value></Data>
        <Data name="Heat treatment"><value>0</value></Data>
        <Data name="Platform faceting"><value>0</value></Data>
        <Data name="Centripetal shaping"><value>0</value></Data>
        <Data name="Lateral shaping"><value>0</value></Data>
        <Data name="Distal shaping"><value>0</value></Data>
        <Data name="Back shaping"><value>0</value></Data>
        <Data name="Cresting"><value>0</value></Data>
        <Data name="Debordante shaping"><value>0</value></Data>
        <Data name="Overshot flaking"><value>0</value></Data>
        <Data name="Kombewa flaking"><value>0</value></Data>
        <Data name="Core tablet"><value>0</value></Data>
        <Data name="Abrasion"><value>0</value></Data>
        <Data name="Trimming platform overhang"><value>1</value></Data>
        <Data name="Hard hammer percussion"><value>1</value></Data>
        <Data name="Support core with hand"><value>1</value></Data>
        <Data name="Use of an anvil"><value>1</value></Data>
        <Data name="Core rotation"><value>1</value></Data>
        <Data name="Soft hammer percussion"><value>0</value></Data>
        <Data name="Indirect percussion"><value>0</value></Data>
        <Data name="Flaking through pressure"><value>0</value></Data>
        <Data name="Hammer dressing"><value>0</value></Data>
        <Data name="Invasive flaking"><value>0</value></Data>
        <Data name="Ochre use"><value>0</value></Data>
        <Data name="Asphalt use"><value>0</value></Data>
        <Data name="Retouch"><value>1</value></Data>
        <Data name="Backing"><value>0</value></Data>
        <Data name="Notching"><value>0</value></Data>
        <Data name="Burination"><value>0</value></Data>
        <Data name="Tanging"><value>0</value></Data>
        <Data name="Tranchet"><value>0</value></Data>
        <Data name="Bifacial retouch"><value>0</value></Data>
        <Data name="Invasive retouch"><value>0</value></Data>
        <Data name="Pressure flaked retouch"><value>0</value></Data>
      </ExtendedData>
      <Point><coordinates>147.052227,-9.468758,0</coordinates></Point>
    </Placemark>
    <Placemark>
      <name>Oposisi</name>
      <styleUrl>#arch</styleUrl>
      <description><![CDATA[<div style="font:13px/1.45 Helvetica,Arial,sans-serif;max-width:400px"><table><tr><td style="padding:2px 10px 2px 0;vertical-align:top;white-space:nowrap"><b>Site</b></td><td style="padding:2px 0">Oposisi</td></tr><tr><td style="padding:2px 10px 2px 0;vertical-align:top;white-space:nowrap"><b>Country</b></td><td style="padding:2px 0">Papua New Guinea (nearest, approx.)</td></tr><tr><td style="padding:2px 10px 2px 0;vertical-align:top;white-space:nowrap"><b>Entry type</b></td><td style="padding:2px 0">Archaeological</td></tr><tr><td style="padding:2px 10px 2px 0;vertical-align:top;white-space:nowrap"><b>Species attribution</b></td><td style="padding:2px 0">H. sapiens</td></tr><tr><td style="padding:2px 10px 2px 0;vertical-align:top;white-space:nowrap"><b>Technology (interpreted)</b></td><td style="padding:2px 0">Other</td></tr><tr><td style="padding:2px 10px 2px 0;vertical-align:top;white-space:nowrap"><b>Age</b></td><td style="padding:2px 0">2 - 1.5 ka</td></tr><tr><td style="padding:2px 10px 2px 0;vertical-align:top;white-space:nowrap"><b>Basis for date</b></td><td style="padding:2px 0">-</td></tr><tr><td style="padding:2px 10px 2px 0;vertical-align:top;white-space:nowrap"><b>Scope of entry</b></td><td style="padding:2px 0">Whole assemblage</td></tr><tr><td style="padding:2px 10px 2px 0;vertical-align:top;white-space:nowrap"><b>Technology described</b></td><td style="padding:2px 0">Whole assemblage</td></tr><tr><td style="padding:2px 10px 2px 0;vertical-align:top;white-space:nowrap"><b>Published source</b></td><td style="padding:2px 0">Allen et al. 2011</td></tr><tr><td style="padding:2px 10px 2px 0;vertical-align:top;white-space:nowrap"><b>Techniques recorded</b></td><td style="padding:2px 0">6 of 33</td></tr></table><p style="margin:10px 0 3px"><b>Procedural units present</b></p><p style="margin:0">Hard hammer percussion, Support core with hand, Use of an anvil, Core rotation, Hammer dressing, Retouch</p></div>]]></description>
      <ExtendedData>
        <Data name="Source"><value>Allen et al. 2011</value></Data>
        <Data name="Species"><value>H. sapiens</value></Data>
        <Data name="Technology"><value>Other</value></Data>
        <Data name="Country"><value>Papua New Guinea</value></Data>
        <Data name="Entry type"><value>Archaeological</value></Data>
        <Data name="KA young"><value>1.5</value></Data>
        <Data name="KA old"><value>2</value></Data>
        <Data name="Technique count"><value>6</value></Data>
        <Data name="Heat treatment"><value>0</value></Data>
        <Data name="Platform faceting"><value>0</value></Data>
        <Data name="Centripetal shaping"><value>0</value></Data>
        <Data name="Lateral shaping"><value>0</value></Data>
        <Data name="Distal shaping"><value>0</value></Data>
        <Data name="Back shaping"><value>0</value></Data>
        <Data name="Cresting"><value>0</value></Data>
        <Data name="Debordante shaping"><value>0</value></Data>
        <Data name="Overshot flaking"><value>0</value></Data>
        <Data name="Kombewa flaking"><value>0</value></Data>
        <Data name="Core tablet"><value>0</value></Data>
        <Data name="Abrasion"><value>0</value></Data>
        <Data name="Trimming platform overhang"><value>0</value></Data>
        <Data name="Hard hammer percussion"><value>1</value></Data>
        <Data name="Support core with hand"><value>1</value></Data>
        <Data name="Use of an anvil"><value>1</value></Data>
        <Data name="Core rotation"><value>1</value></Data>
        <Data name="Soft hammer percussion"><value>0</value></Data>
        <Data name="Indirect percussion"><value>0</value></Data>
        <Data name="Flaking through pressure"><value>0</value></Data>
        <Data name="Hammer dressing"><value>1</value></Data>
        <Data name="Invasive flaking"><value>0</value></Data>
        <Data name="Ochre use"><value>0</value></Data>
        <Data name="Asphalt use"><value>0</value></Data>
        <Data name="Retouch"><value>1</value></Data>
        <Data name="Backing"><value>0</value></Data>
        <Data name="Notching"><value>0</value></Data>
        <Data name="Burination"><value>0</value></Data>
        <Data name="Tanging"><value>0</value></Data>
        <Data name="Tranchet"><value>0</value></Data>
        <Data name="Bifacial retouch"><value>0</value></Data>
        <Data name="Invasive retouch"><value>0</value></Data>
        <Data name="Pressure flaked retouch"><value>0</value></Data>
      </ExtendedData>
      <Point><coordinates>146.538202,-8.954870,0</coordinates></Point>
    </Placemark>
    <Placemark>
      <name>Pamwak Rockshelter Phase II-IV</name>
      <styleUrl>#arch</styleUrl>
      <description><![CDATA[<div style="font:13px/1.45 Helvetica,Arial,sans-serif;max-width:400px"><table><tr><td style="padding:2px 10px 2px 0;vertical-align:top;white-space:nowrap"><b>Site</b></td><td style="padding:2px 0">Pamwak Rockshelter Phase II-IV</td></tr><tr><td style="padding:2px 10px 2px 0;vertical-align:top;white-space:nowrap"><b>Country</b></td><td style="padding:2px 0">Papua New Guinea</td></tr><tr><td style="padding:2px 10px 2px 0;vertical-align:top;white-space:nowrap"><b>Entry type</b></td><td style="padding:2px 0">Archaeological</td></tr><tr><td style="padding:2px 10px 2px 0;vertical-align:top;white-space:nowrap"><b>Species attribution</b></td><td style="padding:2px 0">H. sapiens</td></tr><tr><td style="padding:2px 10px 2px 0;vertical-align:top;white-space:nowrap"><b>Technology (interpreted)</b></td><td style="padding:2px 0">Other</td></tr><tr><td style="padding:2px 10px 2px 0;vertical-align:top;white-space:nowrap"><b>Age</b></td><td style="padding:2px 0">12 - 5 ka</td></tr><tr><td style="padding:2px 10px 2px 0;vertical-align:top;white-space:nowrap"><b>Basis for date</b></td><td style="padding:2px 0">-</td></tr><tr><td style="padding:2px 10px 2px 0;vertical-align:top;white-space:nowrap"><b>Scope of entry</b></td><td style="padding:2px 0">Whole assemblage</td></tr><tr><td style="padding:2px 10px 2px 0;vertical-align:top;white-space:nowrap"><b>Technology described</b></td><td style="padding:2px 0">Whole assemblage</td></tr><tr><td style="padding:2px 10px 2px 0;vertical-align:top;white-space:nowrap"><b>Published source</b></td><td style="padding:2px 0">Fredericksen 1994</td></tr><tr><td style="padding:2px 10px 2px 0;vertical-align:top;white-space:nowrap"><b>Techniques recorded</b></td><td style="padding:2px 0">9 of 33</td></tr></table><p style="margin:10px 0 3px"><b>Procedural units present</b></p><p style="margin:0">Abrasion, Hard hammer percussion, Support core with hand, Use of an anvil, Core rotation, Hammer dressing, Invasive flaking, Retouch, Backing</p></div>]]></description>
      <ExtendedData>
        <Data name="Source"><value>Fredericksen 1994</value></Data>
        <Data name="Species"><value>H. sapiens</value></Data>
        <Data name="Technology"><value>Other</value></Data>
        <Data name="Country"><value>Papua New Guinea</value></Data>
        <Data name="Entry type"><value>Archaeological</value></Data>
        <Data name="KA young"><value>5</value></Data>
        <Data name="KA old"><value>12.5</value></Data>
        <Data name="Technique count"><value>9</value></Data>
        <Data name="Heat treatment"><value>0</value></Data>
        <Data name="Platform faceting"><value>0</value></Data>
        <Data name="Centripetal shaping"><value>0</value></Data>
        <Data name="Lateral shaping"><value>0</value></Data>
        <Data name="Distal shaping"><value>0</value></Data>
        <Data name="Back shaping"><value>0</value></Data>
        <Data name="Cresting"><value>0</value></Data>
        <Data name="Debordante shaping"><value>0</value></Data>
        <Data name="Overshot flaking"><value>0</value></Data>
        <Data name="Kombewa flaking"><value>0</value></Data>
        <Data name="Core tablet"><value>0</value></Data>
        <Data name="Abrasion"><value>1</value></Data>
        <Data name="Trimming platform overhang"><value>0</value></Data>
        <Data name="Hard hammer percussion"><value>1</value></Data>
        <Data name="Support core with hand"><value>1</value></Data>
        <Data name="Use of an anvil"><value>1</value></Data>
        <Data name="Core rotation"><value>1</value></Data>
        <Data name="Soft hammer percussion"><value>0</value></Data>
        <Data name="Indirect percussion"><value>0</value></Data>
        <Data name="Flaking through pressure"><value>0</value></Data>
        <Data name="Hammer dressing"><value>1</value></Data>
        <Data name="Invasive flaking"><value>1</value></Data>
        <Data name="Ochre use"><value>0</value></Data>
        <Data name="Asphalt use"><value>0</value></Data>
        <Data name="Retouch"><value>1</value></Data>
        <Data name="Backing"><value>1</value></Data>
        <Data name="Notching"><value>0</value></Data>
        <Data name="Burination"><value>0</value></Data>
        <Data name="Tanging"><value>0</value></Data>
        <Data name="Tranchet"><value>0</value></Data>
        <Data name="Bifacial retouch"><value>0</value></Data>
        <Data name="Invasive retouch"><value>0</value></Data>
        <Data name="Pressure flaked retouch"><value>0</value></Data>
      </ExtendedData>
      <Point><coordinates>147.060489,-2.069788,0</coordinates></Point>
    </Placemark>
    <Placemark>
      <name>Willaumez Peninsula</name>
      <styleUrl>#arch</styleUrl>
      <description><![CDATA[<div style="font:13px/1.45 Helvetica,Arial,sans-serif;max-width:400px"><table><tr><td style="padding:2px 10px 2px 0;vertical-align:top;white-space:nowrap"><b>Site</b></td><td style="padding:2px 0">Willaumez Peninsula</td></tr><tr><td style="padding:2px 10px 2px 0;vertical-align:top;white-space:nowrap"><b>Country</b></td><td style="padding:2px 0">Papua New Guinea (nearest, approx.)</td></tr><tr><td style="padding:2px 10px 2px 0;vertical-align:top;white-space:nowrap"><b>Entry type</b></td><td style="padding:2px 0">Archaeological</td></tr><tr><td style="padding:2px 10px 2px 0;vertical-align:top;white-space:nowrap"><b>Species attribution</b></td><td style="padding:2px 0">H. sapiens</td></tr><tr><td style="padding:2px 10px 2px 0;vertical-align:top;white-space:nowrap"><b>Technology (interpreted)</b></td><td style="padding:2px 0">Other</td></tr><tr><td style="padding:2px 10px 2px 0;vertical-align:top;white-space:nowrap"><b>Age</b></td><td style="padding:2px 0">6 - 3.5 ka</td></tr><tr><td style="padding:2px 10px 2px 0;vertical-align:top;white-space:nowrap"><b>Basis for date</b></td><td style="padding:2px 0">-</td></tr><tr><td style="padding:2px 10px 2px 0;vertical-align:top;white-space:nowrap"><b>Scope of entry</b></td><td style="padding:2px 0">Whole assemblage</td></tr><tr><td style="padding:2px 10px 2px 0;vertical-align:top;white-space:nowrap"><b>Technology described</b></td><td style="padding:2px 0">Whole assemblage</td></tr><tr><td style="padding:2px 10px 2px 0;vertical-align:top;white-space:nowrap"><b>Published source</b></td><td style="padding:2px 0">Araho et al. 2002</td></tr><tr><td style="padding:2px 10px 2px 0;vertical-align:top;white-space:nowrap"><b>Techniques recorded</b></td><td style="padding:2px 0">15 of 33</td></tr></table><p style="margin:10px 0 3px"><b>Procedural units present</b></p><p style="margin:0">Platform faceting, Cresting, Kombewa flaking, Trimming platform overhang, Hard hammer percussion, Support core with hand, Core rotation, Hammer dressing, Invasive flaking, Retouch, Backing, Notching, Tanging, Bifacial retouch, Invasive retouch</p></div>]]></description>
      <ExtendedData>
        <Data name="Source"><value>Araho et al. 2002</value></Data>
        <Data name="Species"><value>H. sapiens</value></Data>
        <Data name="Technology"><value>Other</value></Data>
        <Data name="Country"><value>Papua New Guinea</value></Data>
        <Data name="Entry type"><value>Archaeological</value></Data>
        <Data name="KA young"><value>3.5</value></Data>
        <Data name="KA old"><value>6</value></Data>
        <Data name="Technique count"><value>15</value></Data>
        <Data name="Heat treatment"><value>0</value></Data>
        <Data name="Platform faceting"><value>1</value></Data>
        <Data name="Centripetal shaping"><value>0</value></Data>
        <Data name="Lateral shaping"><value>0</value></Data>
        <Data name="Distal shaping"><value>0</value></Data>
        <Data name="Back shaping"><value>0</value></Data>
        <Data name="Cresting"><value>1</value></Data>
        <Data name="Debordante shaping"><value>0</value></Data>
        <Data name="Overshot flaking"><value>0</value></Data>
        <Data name="Kombewa flaking"><value>1</value></Data>
        <Data name="Core tablet"><value>0</value></Data>
        <Data name="Abrasion"><value>0</value></Data>
        <Data name="Trimming platform overhang"><value>1</value></Data>
        <Data name="Hard hammer percussion"><value>1</value></Data>
        <Data name="Support core with hand"><value>1</value></Data>
        <Data name="Use of an anvil"><value>0</value></Data>
        <Data name="Core rotation"><value>1</value></Data>
        <Data name="Soft hammer percussion"><value>0</value></Data>
        <Data name="Indirect percussion"><value>0</value></Data>
        <Data name="Flaking through pressure"><value>0</value></Data>
        <Data name="Hammer dressing"><value>1</value></Data>
        <Data name="Invasive flaking"><value>1</value></Data>
        <Data name="Ochre use"><value>0</value></Data>
        <Data name="Asphalt use"><value>0</value></Data>
        <Data name="Retouch"><value>1</value></Data>
        <Data name="Backing"><value>1</value></Data>
        <Data name="Notching"><value>1</value></Data>
        <Data name="Burination"><value>0</value></Data>
        <Data name="Tanging"><value>1</value></Data>
        <Data name="Tranchet"><value>0</value></Data>
        <Data name="Bifacial retouch"><value>1</value></Data>
        <Data name="Invasive retouch"><value>1</value></Data>
        <Data name="Pressure flaked retouch"><value>0</value></Data>
      </ExtendedData>
      <Point><coordinates>150.029677,-5.066228,0</coordinates></Point>
    </Placemark>
    <Placemark>
      <name>Willaumez Peninsula</name>
      <styleUrl>#arch</styleUrl>
      <description><![CDATA[<div style="font:13px/1.45 Helvetica,Arial,sans-serif;max-width:400px"><table><tr><td style="padding:2px 10px 2px 0;vertical-align:top;white-space:nowrap"><b>Site</b></td><td style="padding:2px 0">Willaumez Peninsula</td></tr><tr><td style="padding:2px 10px 2px 0;vertical-align:top;white-space:nowrap"><b>Country</b></td><td style="padding:2px 0">Papua New Guinea</td></tr><tr><td style="padding:2px 10px 2px 0;vertical-align:top;white-space:nowrap"><b>Entry type</b></td><td style="padding:2px 0">Archaeological</td></tr><tr><td style="padding:2px 10px 2px 0;vertical-align:top;white-space:nowrap"><b>Species attribution</b></td><td style="padding:2px 0">H. sapiens</td></tr><tr><td style="padding:2px 10px 2px 0;vertical-align:top;white-space:nowrap"><b>Technology (interpreted)</b></td><td style="padding:2px 0">Other</td></tr><tr><td style="padding:2px 10px 2px 0;vertical-align:top;white-space:nowrap"><b>Age</b></td><td style="padding:2px 0">6 - 3.5 ka</td></tr><tr><td style="padding:2px 10px 2px 0;vertical-align:top;white-space:nowrap"><b>Basis for date</b></td><td style="padding:2px 0">-</td></tr><tr><td style="padding:2px 10px 2px 0;vertical-align:top;white-space:nowrap"><b>Scope of entry</b></td><td style="padding:2px 0">Single sequence</td></tr><tr><td style="padding:2px 10px 2px 0;vertical-align:top;white-space:nowrap"><b>Technology described</b></td><td style="padding:2px 0">Type 1. tools. Stemmed blades</td></tr><tr><td style="padding:2px 10px 2px 0;vertical-align:top;white-space:nowrap"><b>Published source</b></td><td style="padding:2px 0">Araho et al. 2002</td></tr><tr><td style="padding:2px 10px 2px 0;vertical-align:top;white-space:nowrap"><b>Techniques recorded</b></td><td style="padding:2px 0">11 of 33</td></tr></table><p style="margin:10px 0 3px"><b>Procedural units present</b></p><p style="margin:0">Cresting, Hard hammer percussion, Support core with hand, Core rotation, Invasive flaking, Retouch, Backing, Notching, Tanging, Bifacial retouch, Invasive retouch</p></div>]]></description>
      <ExtendedData>
        <Data name="Source"><value>Araho et al. 2002</value></Data>
        <Data name="Species"><value>H. sapiens</value></Data>
        <Data name="Technology"><value>Other</value></Data>
        <Data name="Country"><value>Papua New Guinea</value></Data>
        <Data name="Entry type"><value>Archaeological</value></Data>
        <Data name="KA young"><value>3.5</value></Data>
        <Data name="KA old"><value>6</value></Data>
        <Data name="Technique count"><value>11</value></Data>
        <Data name="Heat treatment"><value>0</value></Data>
        <Data name="Platform faceting"><value>0</value></Data>
        <Data name="Centripetal shaping"><value>0</value></Data>
        <Data name="Lateral shaping"><value>0</value></Data>
        <Data name="Distal shaping"><value>0</value></Data>
        <Data name="Back shaping"><value>0</value></Data>
        <Data name="Cresting"><value>1</value></Data>
        <Data name="Debordante shaping"><value>0</value></Data>
        <Data name="Overshot flaking"><value>0</value></Data>
        <Data name="Kombewa flaking"><value>0</value></Data>
        <Data name="Core tablet"><value>0</value></Data>
        <Data name="Abrasion"><value>0</value></Data>
        <Data name="Trimming platform overhang"><value>0</value></Data>
        <Data name="Hard hammer percussion"><value>1</value></Data>
        <Data name="Support core with hand"><value>1</value></Data>
        <Data name="Use of an anvil"><value>0</value></Data>
        <Data name="Core rotation"><value>1</value></Data>
        <Data name="Soft hammer percussion"><value>0</value></Data>
        <Data name="Indirect percussion"><value>0</value></Data>
        <Data name="Flaking through pressure"><value>0</value></Data>
        <Data name="Hammer dressing"><value>0</value></Data>
        <Data name="Invasive flaking"><value>1</value></Data>
        <Data name="Ochre use"><value>0</value></Data>
        <Data name="Asphalt use"><value>0</value></Data>
        <Data name="Retouch"><value>1</value></Data>
        <Data name="Backing"><value>1</value></Data>
        <Data name="Notching"><value>1</value></Data>
        <Data name="Burination"><value>0</value></Data>
        <Data name="Tanging"><value>1</value></Data>
        <Data name="Tranchet"><value>0</value></Data>
        <Data name="Bifacial retouch"><value>1</value></Data>
        <Data name="Invasive retouch"><value>1</value></Data>
        <Data name="Pressure flaked retouch"><value>0</value></Data>
      </ExtendedData>
      <Point><coordinates>150.054863,-5.198901,0</coordinates></Point>
    </Placemark>
    <Placemark>
      <name>Willaumez Peninsula</name>
      <styleUrl>#arch</styleUrl>
      <description><![CDATA[<div style="font:13px/1.45 Helvetica,Arial,sans-serif;max-width:400px"><table><tr><td style="padding:2px 10px 2px 0;vertical-align:top;white-space:nowrap"><b>Site</b></td><td style="padding:2px 0">Willaumez Peninsula</td></tr><tr><td style="padding:2px 10px 2px 0;vertical-align:top;white-space:nowrap"><b>Country</b></td><td style="padding:2px 0">Papua New Guinea</td></tr><tr><td style="padding:2px 10px 2px 0;vertical-align:top;white-space:nowrap"><b>Entry type</b></td><td style="padding:2px 0">Archaeological</td></tr><tr><td style="padding:2px 10px 2px 0;vertical-align:top;white-space:nowrap"><b>Species attribution</b></td><td style="padding:2px 0">H. sapiens</td></tr><tr><td style="padding:2px 10px 2px 0;vertical-align:top;white-space:nowrap"><b>Technology (interpreted)</b></td><td style="padding:2px 0">Other</td></tr><tr><td style="padding:2px 10px 2px 0;vertical-align:top;white-space:nowrap"><b>Age</b></td><td style="padding:2px 0">6 - 3.5 ka</td></tr><tr><td style="padding:2px 10px 2px 0;vertical-align:top;white-space:nowrap"><b>Basis for date</b></td><td style="padding:2px 0">-</td></tr><tr><td style="padding:2px 10px 2px 0;vertical-align:top;white-space:nowrap"><b>Scope of entry</b></td><td style="padding:2px 0">Single sequence</td></tr><tr><td style="padding:2px 10px 2px 0;vertical-align:top;white-space:nowrap"><b>Technology described</b></td><td style="padding:2px 0">Type 2. tools</td></tr><tr><td style="padding:2px 10px 2px 0;vertical-align:top;white-space:nowrap"><b>Published source</b></td><td style="padding:2px 0">Araho et al. 2002</td></tr><tr><td style="padding:2px 10px 2px 0;vertical-align:top;white-space:nowrap"><b>Techniques recorded</b></td><td style="padding:2px 0">14 of 33</td></tr></table><p style="margin:10px 0 3px"><b>Procedural units present</b></p><p style="margin:0">Platform faceting, Kombewa flaking, Trimming platform overhang, Hard hammer percussion, Support core with hand, Core rotation, Hammer dressing, Invasive flaking, Retouch, Backing, Notching, Tanging, Bifacial retouch, Invasive retouch</p></div>]]></description>
      <ExtendedData>
        <Data name="Source"><value>Araho et al. 2002</value></Data>
        <Data name="Species"><value>H. sapiens</value></Data>
        <Data name="Technology"><value>Other</value></Data>
        <Data name="Country"><value>Papua New Guinea</value></Data>
        <Data name="Entry type"><value>Archaeological</value></Data>
        <Data name="KA young"><value>3.5</value></Data>
        <Data name="KA old"><value>6</value></Data>
        <Data name="Technique count"><value>14</value></Data>
        <Data name="Heat treatment"><value>0</value></Data>
        <Data name="Platform faceting"><value>1</value></Data>
        <Data name="Centripetal shaping"><value>0</value></Data>
        <Data name="Lateral shaping"><value>0</value></Data>
        <Data name="Distal shaping"><value>0</value></Data>
        <Data name="Back shaping"><value>0</value></Data>
        <Data name="Cresting"><value>0</value></Data>
        <Data name="Debordante shaping"><value>0</value></Data>
        <Data name="Overshot flaking"><value>0</value></Data>
        <Data name="Kombewa flaking"><value>1</value></Data>
        <Data name="Core tablet"><value>0</value></Data>
        <Data name="Abrasion"><value>0</value></Data>
        <Data name="Trimming platform overhang"><value>1</value></Data>
        <Data name="Hard hammer percussion"><value>1</value></Data>
        <Data name="Support core with hand"><value>1</value></Data>
        <Data name="Use of an anvil"><value>0</value></Data>
        <Data name="Core rotation"><value>1</value></Data>
        <Data name="Soft hammer percussion"><value>0</value></Data>
        <Data name="Indirect percussion"><value>0</value></Data>
        <Data name="Flaking through pressure"><value>0</value></Data>
        <Data name="Hammer dressing"><value>1</value></Data>
        <Data name="Invasive flaking"><value>1</value></Data>
        <Data name="Ochre use"><value>0</value></Data>
        <Data name="Asphalt use"><value>0</value></Data>
        <Data name="Retouch"><value>1</value></Data>
        <Data name="Backing"><value>1</value></Data>
        <Data name="Notching"><value>1</value></Data>
        <Data name="Burination"><value>0</value></Data>
        <Data name="Tanging"><value>1</value></Data>
        <Data name="Tranchet"><value>0</value></Data>
        <Data name="Bifacial retouch"><value>1</value></Data>
        <Data name="Invasive retouch"><value>1</value></Data>
        <Data name="Pressure flaked retouch"><value>0</value></Data>
      </ExtendedData>
      <Point><coordinates>150.039003,-5.127912,0</coordinates></Point>
    </Placemark>
    </Folder>
    <Folder><name>Pitcairn Islands (1)</name><open>0</open>
    <Placemark>
      <name>Pitcairn sites</name>
      <styleUrl>#arch</styleUrl>
      <description><![CDATA[<div style="font:13px/1.45 Helvetica,Arial,sans-serif;max-width:400px"><table><tr><td style="padding:2px 10px 2px 0;vertical-align:top;white-space:nowrap"><b>Site</b></td><td style="padding:2px 0">Pitcairn sites</td></tr><tr><td style="padding:2px 10px 2px 0;vertical-align:top;white-space:nowrap"><b>Country</b></td><td style="padding:2px 0">Pitcairn Islands (nearest, approx.)</td></tr><tr><td style="padding:2px 10px 2px 0;vertical-align:top;white-space:nowrap"><b>Entry type</b></td><td style="padding:2px 0">Archaeological</td></tr><tr><td style="padding:2px 10px 2px 0;vertical-align:top;white-space:nowrap"><b>Species attribution</b></td><td style="padding:2px 0">H. sapiens</td></tr><tr><td style="padding:2px 10px 2px 0;vertical-align:top;white-space:nowrap"><b>Technology (interpreted)</b></td><td style="padding:2px 0">Other</td></tr><tr><td style="padding:2px 10px 2px 0;vertical-align:top;white-space:nowrap"><b>Age</b></td><td style="padding:2px 0">0.6 - 0.3 ka</td></tr><tr><td style="padding:2px 10px 2px 0;vertical-align:top;white-space:nowrap"><b>Basis for date</b></td><td style="padding:2px 0">Paige 2022</td></tr><tr><td style="padding:2px 10px 2px 0;vertical-align:top;white-space:nowrap"><b>Scope of entry</b></td><td style="padding:2px 0">Whole assemblage</td></tr><tr><td style="padding:2px 10px 2px 0;vertical-align:top;white-space:nowrap"><b>Technology described</b></td><td style="padding:2px 0">Whole assemblage</td></tr><tr><td style="padding:2px 10px 2px 0;vertical-align:top;white-space:nowrap"><b>Published source</b></td><td style="padding:2px 0">Paige 2022</td></tr><tr><td style="padding:2px 10px 2px 0;vertical-align:top;white-space:nowrap"><b>Techniques recorded</b></td><td style="padding:2px 0">25 of 33</td></tr></table><p style="margin:10px 0 3px"><b>Procedural units present</b></p><p style="margin:0">Platform faceting, Lateral shaping, Distal shaping, Cresting, Overshot flaking, Kombewa flaking, Core tablet, Abrasion, Trimming platform overhang, Hard hammer percussion, Support core with hand, Use of an anvil, Core rotation, Soft hammer percussion, Indirect percussion, Hammer dressing, Invasive flaking, Retouch, Backing, Notching, Burination, Tanging, Tranchet, Bifacial retouch, Invasive retouch</p></div>]]></description>
      <ExtendedData>
        <Data name="Source"><value>Paige 2022</value></Data>
        <Data name="Species"><value>H. sapiens</value></Data>
        <Data name="Technology"><value>Other</value></Data>
        <Data name="Country"><value>Pitcairn Islands</value></Data>
        <Data name="Entry type"><value>Archaeological</value></Data>
        <Data name="KA young"><value>0.3</value></Data>
        <Data name="KA old"><value>0.6</value></Data>
        <Data name="Technique count"><value>25</value></Data>
        <Data name="Heat treatment"><value>0</value></Data>
        <Data name="Platform faceting"><value>1</value></Data>
        <Data name="Centripetal shaping"><value>0</value></Data>
        <Data name="Lateral shaping"><value>1</value></Data>
        <Data name="Distal shaping"><value>1</value></Data>
        <Data name="Back shaping"><value>0</value></Data>
        <Data name="Cresting"><value>1</value></Data>
        <Data name="Debordante shaping"><value>0</value></Data>
        <Data name="Overshot flaking"><value>1</value></Data>
        <Data name="Kombewa flaking"><value>1</value></Data>
        <Data name="Core tablet"><value>1</value></Data>
        <Data name="Abrasion"><value>1</value></Data>
        <Data name="Trimming platform overhang"><value>1</value></Data>
        <Data name="Hard hammer percussion"><value>1</value></Data>
        <Data name="Support core with hand"><value>1</value></Data>
        <Data name="Use of an anvil"><value>1</value></Data>
        <Data name="Core rotation"><value>1</value></Data>
        <Data name="Soft hammer percussion"><value>1</value></Data>
        <Data name="Indirect percussion"><value>1</value></Data>
        <Data name="Flaking through pressure"><value>0</value></Data>
        <Data name="Hammer dressing"><value>1</value></Data>
        <Data name="Invasive flaking"><value>1</value></Data>
        <Data name="Ochre use"><value>0</value></Data>
        <Data name="Asphalt use"><value>0</value></Data>
        <Data name="Retouch"><value>1</value></Data>
        <Data name="Backing"><value>1</value></Data>
        <Data name="Notching"><value>1</value></Data>
        <Data name="Burination"><value>1</value></Data>
        <Data name="Tanging"><value>1</value></Data>
        <Data name="Tranchet"><value>1</value></Data>
        <Data name="Bifacial retouch"><value>1</value></Data>
        <Data name="Invasive retouch"><value>1</value></Data>
        <Data name="Pressure flaked retouch"><value>0</value></Data>
      </ExtendedData>
      <Point><coordinates>-130.091467,-25.096179,0</coordinates></Point>
    </Placemark>
    </Folder>
    <Folder><name>Solomon Islands (3)</name><open>0</open>
    <Placemark>
      <name>Reef Island Sites</name>
      <styleUrl>#arch</styleUrl>
      <description><![CDATA[<div style="font:13px/1.45 Helvetica,Arial,sans-serif;max-width:400px"><table><tr><td style="padding:2px 10px 2px 0;vertical-align:top;white-space:nowrap"><b>Site</b></td><td style="padding:2px 0">Reef Island Sites</td></tr><tr><td style="padding:2px 10px 2px 0;vertical-align:top;white-space:nowrap"><b>Country</b></td><td style="padding:2px 0">Solomon Islands (nearest, approx.)</td></tr><tr><td style="padding:2px 10px 2px 0;vertical-align:top;white-space:nowrap"><b>Entry type</b></td><td style="padding:2px 0">Archaeological</td></tr><tr><td style="padding:2px 10px 2px 0;vertical-align:top;white-space:nowrap"><b>Species attribution</b></td><td style="padding:2px 0">H. sapiens</td></tr><tr><td style="padding:2px 10px 2px 0;vertical-align:top;white-space:nowrap"><b>Technology (interpreted)</b></td><td style="padding:2px 0">Other</td></tr><tr><td style="padding:2px 10px 2px 0;vertical-align:top;white-space:nowrap"><b>Age</b></td><td style="padding:2px 0">3.3 - 2.8 ka</td></tr><tr><td style="padding:2px 10px 2px 0;vertical-align:top;white-space:nowrap"><b>Basis for date</b></td><td style="padding:2px 0">p. 123</td></tr><tr><td style="padding:2px 10px 2px 0;vertical-align:top;white-space:nowrap"><b>Scope of entry</b></td><td style="padding:2px 0">Whole assemblage</td></tr><tr><td style="padding:2px 10px 2px 0;vertical-align:top;white-space:nowrap"><b>Technology described</b></td><td style="padding:2px 0">Whole assemblage</td></tr><tr><td style="padding:2px 10px 2px 0;vertical-align:top;white-space:nowrap"><b>Published source</b></td><td style="padding:2px 0">Sheppard 1993</td></tr><tr><td style="padding:2px 10px 2px 0;vertical-align:top;white-space:nowrap"><b>Techniques recorded</b></td><td style="padding:2px 0">10 of 33</td></tr></table><p style="margin:10px 0 3px"><b>Procedural units present</b></p><p style="margin:0">Core tablet, Trimming platform overhang, Hard hammer percussion, Support core with hand, Use of an anvil, Core rotation, Invasive flaking, Retouch, Backing, Notching</p></div>]]></description>
      <ExtendedData>
        <Data name="Source"><value>Sheppard 1993</value></Data>
        <Data name="Species"><value>H. sapiens</value></Data>
        <Data name="Technology"><value>Other</value></Data>
        <Data name="Country"><value>Solomon Islands</value></Data>
        <Data name="Entry type"><value>Archaeological</value></Data>
        <Data name="KA young"><value>2.8</value></Data>
        <Data name="KA old"><value>3.3</value></Data>
        <Data name="Technique count"><value>10</value></Data>
        <Data name="Heat treatment"><value>0</value></Data>
        <Data name="Platform faceting"><value>0</value></Data>
        <Data name="Centripetal shaping"><value>0</value></Data>
        <Data name="Lateral shaping"><value>0</value></Data>
        <Data name="Distal shaping"><value>0</value></Data>
        <Data name="Back shaping"><value>0</value></Data>
        <Data name="Cresting"><value>0</value></Data>
        <Data name="Debordante shaping"><value>0</value></Data>
        <Data name="Overshot flaking"><value>0</value></Data>
        <Data name="Kombewa flaking"><value>0</value></Data>
        <Data name="Core tablet"><value>1</value></Data>
        <Data name="Abrasion"><value>0</value></Data>
        <Data name="Trimming platform overhang"><value>1</value></Data>
        <Data name="Hard hammer percussion"><value>1</value></Data>
        <Data name="Support core with hand"><value>1</value></Data>
        <Data name="Use of an anvil"><value>1</value></Data>
        <Data name="Core rotation"><value>1</value></Data>
        <Data name="Soft hammer percussion"><value>0</value></Data>
        <Data name="Indirect percussion"><value>0</value></Data>
        <Data name="Flaking through pressure"><value>0</value></Data>
        <Data name="Hammer dressing"><value>0</value></Data>
        <Data name="Invasive flaking"><value>1</value></Data>
        <Data name="Ochre use"><value>0</value></Data>
        <Data name="Asphalt use"><value>0</value></Data>
        <Data name="Retouch"><value>1</value></Data>
        <Data name="Backing"><value>1</value></Data>
        <Data name="Notching"><value>1</value></Data>
        <Data name="Burination"><value>0</value></Data>
        <Data name="Tanging"><value>0</value></Data>
        <Data name="Tranchet"><value>0</value></Data>
        <Data name="Bifacial retouch"><value>0</value></Data>
        <Data name="Invasive retouch"><value>0</value></Data>
        <Data name="Pressure flaked retouch"><value>0</value></Data>
      </ExtendedData>
      <Point><coordinates>166.314448,-10.314735,0</coordinates></Point>
    </Placemark>
    <Placemark>
      <name>Su'ena</name>
      <styleUrl>#arch</styleUrl>
      <description><![CDATA[<div style="font:13px/1.45 Helvetica,Arial,sans-serif;max-width:400px"><table><tr><td style="padding:2px 10px 2px 0;vertical-align:top;white-space:nowrap"><b>Site</b></td><td style="padding:2px 0">Su'ena</td></tr><tr><td style="padding:2px 10px 2px 0;vertical-align:top;white-space:nowrap"><b>Country</b></td><td style="padding:2px 0">Solomon Islands (nearest, approx.)</td></tr><tr><td style="padding:2px 10px 2px 0;vertical-align:top;white-space:nowrap"><b>Entry type</b></td><td style="padding:2px 0">Archaeological</td></tr><tr><td style="padding:2px 10px 2px 0;vertical-align:top;white-space:nowrap"><b>Species attribution</b></td><td style="padding:2px 0">H. sapiens</td></tr><tr><td style="padding:2px 10px 2px 0;vertical-align:top;white-space:nowrap"><b>Technology (interpreted)</b></td><td style="padding:2px 0">Other</td></tr><tr><td style="padding:2px 10px 2px 0;vertical-align:top;white-space:nowrap"><b>Age</b></td><td style="padding:2px 0">0.6 - 0.45 ka</td></tr><tr><td style="padding:2px 10px 2px 0;vertical-align:top;white-space:nowrap"><b>Basis for date</b></td><td style="padding:2px 0">-</td></tr><tr><td style="padding:2px 10px 2px 0;vertical-align:top;white-space:nowrap"><b>Scope of entry</b></td><td style="padding:2px 0">Single sequence</td></tr><tr><td style="padding:2px 10px 2px 0;vertical-align:top;white-space:nowrap"><b>Technology described</b></td><td style="padding:2px 0">Chert "tranchet" adzes</td></tr><tr><td style="padding:2px 10px 2px 0;vertical-align:top;white-space:nowrap"><b>Published source</b></td><td style="padding:2px 0">Walter and Green 2011</td></tr><tr><td style="padding:2px 10px 2px 0;vertical-align:top;white-space:nowrap"><b>Techniques recorded</b></td><td style="padding:2px 0">8 of 33</td></tr></table><p style="margin:10px 0 3px"><b>Procedural units present</b></p><p style="margin:0">Hard hammer percussion, Support core with hand, Core rotation, Hammer dressing, Retouch, Backing, Tranchet, Invasive retouch</p></div>]]></description>
      <ExtendedData>
        <Data name="Source"><value>Walter and Green 2011</value></Data>
        <Data name="Species"><value>H. sapiens</value></Data>
        <Data name="Technology"><value>Other</value></Data>
        <Data name="Country"><value>Solomon Islands</value></Data>
        <Data name="Entry type"><value>Archaeological</value></Data>
        <Data name="KA young"><value>0.45</value></Data>
        <Data name="KA old"><value>0.6</value></Data>
        <Data name="Technique count"><value>8</value></Data>
        <Data name="Heat treatment"><value>0</value></Data>
        <Data name="Platform faceting"><value>0</value></Data>
        <Data name="Centripetal shaping"><value>0</value></Data>
        <Data name="Lateral shaping"><value>0</value></Data>
        <Data name="Distal shaping"><value>0</value></Data>
        <Data name="Back shaping"><value>0</value></Data>
        <Data name="Cresting"><value>0</value></Data>
        <Data name="Debordante shaping"><value>0</value></Data>
        <Data name="Overshot flaking"><value>0</value></Data>
        <Data name="Kombewa flaking"><value>0</value></Data>
        <Data name="Core tablet"><value>0</value></Data>
        <Data name="Abrasion"><value>0</value></Data>
        <Data name="Trimming platform overhang"><value>0</value></Data>
        <Data name="Hard hammer percussion"><value>1</value></Data>
        <Data name="Support core with hand"><value>1</value></Data>
        <Data name="Use of an anvil"><value>0</value></Data>
        <Data name="Core rotation"><value>1</value></Data>
        <Data name="Soft hammer percussion"><value>0</value></Data>
        <Data name="Indirect percussion"><value>0</value></Data>
        <Data name="Flaking through pressure"><value>0</value></Data>
        <Data name="Hammer dressing"><value>1</value></Data>
        <Data name="Invasive flaking"><value>0</value></Data>
        <Data name="Ochre use"><value>0</value></Data>
        <Data name="Asphalt use"><value>0</value></Data>
        <Data name="Retouch"><value>1</value></Data>
        <Data name="Backing"><value>1</value></Data>
        <Data name="Notching"><value>0</value></Data>
        <Data name="Burination"><value>0</value></Data>
        <Data name="Tanging"><value>0</value></Data>
        <Data name="Tranchet"><value>1</value></Data>
        <Data name="Bifacial retouch"><value>0</value></Data>
        <Data name="Invasive retouch"><value>1</value></Data>
        <Data name="Pressure flaked retouch"><value>0</value></Data>
      </ExtendedData>
      <Point><coordinates>161.707824,-10.271142,0</coordinates></Point>
    </Placemark>
    <Placemark>
      <name>Su'ena</name>
      <styleUrl>#arch</styleUrl>
      <description><![CDATA[<div style="font:13px/1.45 Helvetica,Arial,sans-serif;max-width:400px"><table><tr><td style="padding:2px 10px 2px 0;vertical-align:top;white-space:nowrap"><b>Site</b></td><td style="padding:2px 0">Su'ena</td></tr><tr><td style="padding:2px 10px 2px 0;vertical-align:top;white-space:nowrap"><b>Country</b></td><td style="padding:2px 0">Solomon Islands (nearest, approx.)</td></tr><tr><td style="padding:2px 10px 2px 0;vertical-align:top;white-space:nowrap"><b>Entry type</b></td><td style="padding:2px 0">Archaeological</td></tr><tr><td style="padding:2px 10px 2px 0;vertical-align:top;white-space:nowrap"><b>Species attribution</b></td><td style="padding:2px 0">H. sapiens</td></tr><tr><td style="padding:2px 10px 2px 0;vertical-align:top;white-space:nowrap"><b>Technology (interpreted)</b></td><td style="padding:2px 0">Other</td></tr><tr><td style="padding:2px 10px 2px 0;vertical-align:top;white-space:nowrap"><b>Age</b></td><td style="padding:2px 0">0.6 - 0.45 ka</td></tr><tr><td style="padding:2px 10px 2px 0;vertical-align:top;white-space:nowrap"><b>Basis for date</b></td><td style="padding:2px 0">-</td></tr><tr><td style="padding:2px 10px 2px 0;vertical-align:top;white-space:nowrap"><b>Scope of entry</b></td><td style="padding:2px 0">Whole assemblage</td></tr><tr><td style="padding:2px 10px 2px 0;vertical-align:top;white-space:nowrap"><b>Technology described</b></td><td style="padding:2px 0">All includes chert adzes ad hoc rt on flakes mentions of blades but not description of features aside from prismatic cross section.</td></tr><tr><td style="padding:2px 10px 2px 0;vertical-align:top;white-space:nowrap"><b>Published source</b></td><td style="padding:2px 0">Walter and Green 2011</td></tr><tr><td style="padding:2px 10px 2px 0;vertical-align:top;white-space:nowrap"><b>Techniques recorded</b></td><td style="padding:2px 0">7 of 33</td></tr></table><p style="margin:10px 0 3px"><b>Procedural units present</b></p><p style="margin:0">Hard hammer percussion, Support core with hand, Core rotation, Invasive flaking, Retouch, Backing, Invasive retouch</p></div>]]></description>
      <ExtendedData>
        <Data name="Source"><value>Walter and Green 2011</value></Data>
        <Data name="Species"><value>H. sapiens</value></Data>
        <Data name="Technology"><value>Other</value></Data>
        <Data name="Country"><value>Solomon Islands</value></Data>
        <Data name="Entry type"><value>Archaeological</value></Data>
        <Data name="KA young"><value>0.45</value></Data>
        <Data name="KA old"><value>0.6</value></Data>
        <Data name="Technique count"><value>7</value></Data>
        <Data name="Heat treatment"><value>0</value></Data>
        <Data name="Platform faceting"><value>0</value></Data>
        <Data name="Centripetal shaping"><value>0</value></Data>
        <Data name="Lateral shaping"><value>0</value></Data>
        <Data name="Distal shaping"><value>0</value></Data>
        <Data name="Back shaping"><value>0</value></Data>
        <Data name="Cresting"><value>0</value></Data>
        <Data name="Debordante shaping"><value>0</value></Data>
        <Data name="Overshot flaking"><value>0</value></Data>
        <Data name="Kombewa flaking"><value>0</value></Data>
        <Data name="Core tablet"><value>0</value></Data>
        <Data name="Abrasion"><value>0</value></Data>
        <Data name="Trimming platform overhang"><value>0</value></Data>
        <Data name="Hard hammer percussion"><value>1</value></Data>
        <Data name="Support core with hand"><value>1</value></Data>
        <Data name="Use of an anvil"><value>0</value></Data>
        <Data name="Core rotation"><value>1</value></Data>
        <Data name="Soft hammer percussion"><value>0</value></Data>
        <Data name="Indirect percussion"><value>0</value></Data>
        <Data name="Flaking through pressure"><value>0</value></Data>
        <Data name="Hammer dressing"><value>0</value></Data>
        <Data name="Invasive flaking"><value>1</value></Data>
        <Data name="Ochre use"><value>0</value></Data>
        <Data name="Asphalt use"><value>0</value></Data>
        <Data name="Retouch"><value>1</value></Data>
        <Data name="Backing"><value>1</value></Data>
        <Data name="Notching"><value>0</value></Data>
        <Data name="Burination"><value>0</value></Data>
        <Data name="Tanging"><value>0</value></Data>
        <Data name="Tranchet"><value>0</value></Data>
        <Data name="Bifacial retouch"><value>0</value></Data>
        <Data name="Invasive retouch"><value>1</value></Data>
        <Data name="Pressure flaked retouch"><value>0</value></Data>
      </ExtendedData>
      <Point><coordinates>161.735254,-10.156905,0</coordinates></Point>
    </Placemark>
    </Folder>
    <Folder><name>South Africa (7)</name><open>0</open>
    <Placemark>
      <name>Canteen Koppie</name>
      <styleUrl>#arch</styleUrl>
      <description><![CDATA[<div style="font:13px/1.45 Helvetica,Arial,sans-serif;max-width:400px"><table><tr><td style="padding:2px 10px 2px 0;vertical-align:top;white-space:nowrap"><b>Site</b></td><td style="padding:2px 0">Canteen Koppie</td></tr><tr><td style="padding:2px 10px 2px 0;vertical-align:top;white-space:nowrap"><b>Country</b></td><td style="padding:2px 0">South Africa</td></tr><tr><td style="padding:2px 10px 2px 0;vertical-align:top;white-space:nowrap"><b>Entry type</b></td><td style="padding:2px 0">Archaeological</td></tr><tr><td style="padding:2px 10px 2px 0;vertical-align:top;white-space:nowrap"><b>Species attribution</b></td><td style="padding:2px 0">Unattributed</td></tr><tr><td style="padding:2px 10px 2px 0;vertical-align:top;white-space:nowrap"><b>Technology (interpreted)</b></td><td style="padding:2px 0">Acheulean</td></tr><tr><td style="padding:2px 10px 2px 0;vertical-align:top;white-space:nowrap"><b>Age</b></td><td style="padding:2px 0">1,100 - 800 ka</td></tr><tr><td style="padding:2px 10px 2px 0;vertical-align:top;white-space:nowrap"><b>Basis for date</b></td><td style="padding:2px 0">-</td></tr><tr><td style="padding:2px 10px 2px 0;vertical-align:top;white-space:nowrap"><b>Scope of entry</b></td><td style="padding:2px 0">Single sequence</td></tr><tr><td style="padding:2px 10px 2px 0;vertical-align:top;white-space:nowrap"><b>Technology described</b></td><td style="padding:2px 0">Victoria west type 1 cleaver. Hoenderbek core is centripetally prepared with one preferential removal taken. No retouch afterwards.</td></tr><tr><td style="padding:2px 10px 2px 0;vertical-align:top;white-space:nowrap"><b>Published source</b></td><td style="padding:2px 0">Li et al. 2017</td></tr><tr><td style="padding:2px 10px 2px 0;vertical-align:top;white-space:nowrap"><b>Techniques recorded</b></td><td style="padding:2px 0">6 of 33</td></tr></table><p style="margin:10px 0 3px"><b>Procedural units present</b></p><p style="margin:0">Platform faceting, Centripetal shaping, Hard hammer percussion, Support core with hand, Core rotation, Invasive flaking</p></div>]]></description>
      <ExtendedData>
        <Data name="Source"><value>Li et al. 2017</value></Data>
        <Data name="Species"><value>Unattributed</value></Data>
        <Data name="Technology"><value>Acheulean</value></Data>
        <Data name="Country"><value>South Africa</value></Data>
        <Data name="Entry type"><value>Archaeological</value></Data>
        <Data name="KA young"><value>800</value></Data>
        <Data name="KA old"><value>1100</value></Data>
        <Data name="Technique count"><value>6</value></Data>
        <Data name="Heat treatment"><value>0</value></Data>
        <Data name="Platform faceting"><value>1</value></Data>
        <Data name="Centripetal shaping"><value>1</value></Data>
        <Data name="Lateral shaping"><value>0</value></Data>
        <Data name="Distal shaping"><value>0</value></Data>
        <Data name="Back shaping"><value>0</value></Data>
        <Data name="Cresting"><value>0</value></Data>
        <Data name="Debordante shaping"><value>0</value></Data>
        <Data name="Overshot flaking"><value>0</value></Data>
        <Data name="Kombewa flaking"><value>0</value></Data>
        <Data name="Core tablet"><value>0</value></Data>
        <Data name="Abrasion"><value>0</value></Data>
        <Data name="Trimming platform overhang"><value>0</value></Data>
        <Data name="Hard hammer percussion"><value>1</value></Data>
        <Data name="Support core with hand"><value>1</value></Data>
        <Data name="Use of an anvil"><value>0</value></Data>
        <Data name="Core rotation"><value>1</value></Data>
        <Data name="Soft hammer percussion"><value>0</value></Data>
        <Data name="Indirect percussion"><value>0</value></Data>
        <Data name="Flaking through pressure"><value>0</value></Data>
        <Data name="Hammer dressing"><value>0</value></Data>
        <Data name="Invasive flaking"><value>1</value></Data>
        <Data name="Ochre use"><value>0</value></Data>
        <Data name="Asphalt use"><value>0</value></Data>
        <Data name="Retouch"><value>0</value></Data>
        <Data name="Backing"><value>0</value></Data>
        <Data name="Notching"><value>0</value></Data>
        <Data name="Burination"><value>0</value></Data>
        <Data name="Tanging"><value>0</value></Data>
        <Data name="Tranchet"><value>0</value></Data>
        <Data name="Bifacial retouch"><value>0</value></Data>
        <Data name="Invasive retouch"><value>0</value></Data>
        <Data name="Pressure flaked retouch"><value>0</value></Data>
      </ExtendedData>
      <Point><coordinates>24.539593,-28.495179,0</coordinates></Point>
    </Placemark>
    <Placemark>
      <name>Hollow Rockshelter</name>
      <styleUrl>#arch</styleUrl>
      <description><![CDATA[<div style="font:13px/1.45 Helvetica,Arial,sans-serif;max-width:400px"><table><tr><td style="padding:2px 10px 2px 0;vertical-align:top;white-space:nowrap"><b>Site</b></td><td style="padding:2px 0">Hollow Rockshelter</td></tr><tr><td style="padding:2px 10px 2px 0;vertical-align:top;white-space:nowrap"><b>Country</b></td><td style="padding:2px 0">South Africa</td></tr><tr><td style="padding:2px 10px 2px 0;vertical-align:top;white-space:nowrap"><b>Entry type</b></td><td style="padding:2px 0">Archaeological</td></tr><tr><td style="padding:2px 10px 2px 0;vertical-align:top;white-space:nowrap"><b>Species attribution</b></td><td style="padding:2px 0">Unattributed</td></tr><tr><td style="padding:2px 10px 2px 0;vertical-align:top;white-space:nowrap"><b>Technology (interpreted)</b></td><td style="padding:2px 0">Other</td></tr><tr><td style="padding:2px 10px 2px 0;vertical-align:top;white-space:nowrap"><b>Age</b></td><td style="padding:2px 0">80 - 72 ka</td></tr><tr><td style="padding:2px 10px 2px 0;vertical-align:top;white-space:nowrap"><b>Basis for date</b></td><td style="padding:2px 0">-</td></tr><tr><td style="padding:2px 10px 2px 0;vertical-align:top;white-space:nowrap"><b>Scope of entry</b></td><td style="padding:2px 0">Single sequence</td></tr><tr><td style="padding:2px 10px 2px 0;vertical-align:top;white-space:nowrap"><b>Technology described</b></td><td style="padding:2px 0">Unifacial Still bay points. Bifacially flaked predominately shaped by freehand hard hammer percussion but in late stages there's retouch to form the tang and some of that retouch is invasive and pressure flaked.</td></tr><tr><td style="padding:2px 10px 2px 0;vertical-align:top;white-space:nowrap"><b>Published source</b></td><td style="padding:2px 0">Hogberg et al. 2011</td></tr><tr><td style="padding:2px 10px 2px 0;vertical-align:top;white-space:nowrap"><b>Techniques recorded</b></td><td style="padding:2px 0">8 of 33</td></tr></table><p style="margin:10px 0 3px"><b>Procedural units present</b></p><p style="margin:0">Hard hammer percussion, Support core with hand, Core rotation, Invasive flaking, Retouch, Tanging, Invasive retouch, Pressure flaked retouch</p></div>]]></description>
      <ExtendedData>
        <Data name="Source"><value>Hogberg et al. 2011</value></Data>
        <Data name="Species"><value>Unattributed</value></Data>
        <Data name="Technology"><value>Other</value></Data>
        <Data name="Country"><value>South Africa</value></Data>
        <Data name="Entry type"><value>Archaeological</value></Data>
        <Data name="KA young"><value>72</value></Data>
        <Data name="KA old"><value>80</value></Data>
        <Data name="Technique count"><value>8</value></Data>
        <Data name="Heat treatment"><value>0</value></Data>
        <Data name="Platform faceting"><value>0</value></Data>
        <Data name="Centripetal shaping"><value>0</value></Data>
        <Data name="Lateral shaping"><value>0</value></Data>
        <Data name="Distal shaping"><value>0</value></Data>
        <Data name="Back shaping"><value>0</value></Data>
        <Data name="Cresting"><value>0</value></Data>
        <Data name="Debordante shaping"><value>0</value></Data>
        <Data name="Overshot flaking"><value>0</value></Data>
        <Data name="Kombewa flaking"><value>0</value></Data>
        <Data name="Core tablet"><value>0</value></Data>
        <Data name="Abrasion"><value>0</value></Data>
        <Data name="Trimming platform overhang"><value>0</value></Data>
        <Data name="Hard hammer percussion"><value>1</value></Data>
        <Data name="Support core with hand"><value>1</value></Data>
        <Data name="Use of an anvil"><value>0</value></Data>
        <Data name="Core rotation"><value>1</value></Data>
        <Data name="Soft hammer percussion"><value>0</value></Data>
        <Data name="Indirect percussion"><value>0</value></Data>
        <Data name="Flaking through pressure"><value>0</value></Data>
        <Data name="Hammer dressing"><value>0</value></Data>
        <Data name="Invasive flaking"><value>1</value></Data>
        <Data name="Ochre use"><value>0</value></Data>
        <Data name="Asphalt use"><value>0</value></Data>
        <Data name="Retouch"><value>1</value></Data>
        <Data name="Backing"><value>0</value></Data>
        <Data name="Notching"><value>0</value></Data>
        <Data name="Burination"><value>0</value></Data>
        <Data name="Tanging"><value>1</value></Data>
        <Data name="Tranchet"><value>0</value></Data>
        <Data name="Bifacial retouch"><value>0</value></Data>
        <Data name="Invasive retouch"><value>1</value></Data>
        <Data name="Pressure flaked retouch"><value>1</value></Data>
      </ExtendedData>
      <Point><coordinates>19.085351,-32.079833,0</coordinates></Point>
    </Placemark>
    <Placemark>
      <name>Kathu Pan 1</name>
      <styleUrl>#arch</styleUrl>
      <description><![CDATA[<div style="font:13px/1.45 Helvetica,Arial,sans-serif;max-width:400px"><table><tr><td style="padding:2px 10px 2px 0;vertical-align:top;white-space:nowrap"><b>Site</b></td><td style="padding:2px 0">Kathu Pan 1</td></tr><tr><td style="padding:2px 10px 2px 0;vertical-align:top;white-space:nowrap"><b>Country</b></td><td style="padding:2px 0">South Africa</td></tr><tr><td style="padding:2px 10px 2px 0;vertical-align:top;white-space:nowrap"><b>Entry type</b></td><td style="padding:2px 0">Archaeological</td></tr><tr><td style="padding:2px 10px 2px 0;vertical-align:top;white-space:nowrap"><b>Species attribution</b></td><td style="padding:2px 0">Unattributed</td></tr><tr><td style="padding:2px 10px 2px 0;vertical-align:top;white-space:nowrap"><b>Technology (interpreted)</b></td><td style="padding:2px 0">Other</td></tr><tr><td style="padding:2px 10px 2px 0;vertical-align:top;white-space:nowrap"><b>Age</b></td><td style="padding:2px 0">682 - 464 ka</td></tr><tr><td style="padding:2px 10px 2px 0;vertical-align:top;white-space:nowrap"><b>Basis for date</b></td><td style="padding:2px 0">-</td></tr><tr><td style="padding:2px 10px 2px 0;vertical-align:top;white-space:nowrap"><b>Scope of entry</b></td><td style="padding:2px 0">Single sequence</td></tr><tr><td style="padding:2px 10px 2px 0;vertical-align:top;white-space:nowrap"><b>Technology described</b></td><td style="padding:2px 0">Blades made on levallois cores. retouched</td></tr><tr><td style="padding:2px 10px 2px 0;vertical-align:top;white-space:nowrap"><b>Published source</b></td><td style="padding:2px 0">Wilkins and Chazan 2012</td></tr><tr><td style="padding:2px 10px 2px 0;vertical-align:top;white-space:nowrap"><b>Techniques recorded</b></td><td style="padding:2px 0">10 of 33</td></tr></table><p style="margin:10px 0 3px"><b>Procedural units present</b></p><p style="margin:0">Platform faceting, Centripetal shaping, Debordante shaping, Abrasion, Trimming platform overhang, Hard hammer percussion, Support core with hand, Core rotation, Invasive flaking, Retouch</p></div>]]></description>
      <ExtendedData>
        <Data name="Source"><value>Wilkins and Chazan 2012</value></Data>
        <Data name="Species"><value>Unattributed</value></Data>
        <Data name="Technology"><value>Other</value></Data>
        <Data name="Country"><value>South Africa</value></Data>
        <Data name="Entry type"><value>Archaeological</value></Data>
        <Data name="KA young"><value>464</value></Data>
        <Data name="KA old"><value>682</value></Data>
        <Data name="Technique count"><value>10</value></Data>
        <Data name="Heat treatment"><value>0</value></Data>
        <Data name="Platform faceting"><value>1</value></Data>
        <Data name="Centripetal shaping"><value>1</value></Data>
        <Data name="Lateral shaping"><value>0</value></Data>
        <Data name="Distal shaping"><value>0</value></Data>
        <Data name="Back shaping"><value>0</value></Data>
        <Data name="Cresting"><value>0</value></Data>
        <Data name="Debordante shaping"><value>1</value></Data>
        <Data name="Overshot flaking"><value>0</value></Data>
        <Data name="Kombewa flaking"><value>0</value></Data>
        <Data name="Core tablet"><value>0</value></Data>
        <Data name="Abrasion"><value>1</value></Data>
        <Data name="Trimming platform overhang"><value>1</value></Data>
        <Data name="Hard hammer percussion"><value>1</value></Data>
        <Data name="Support core with hand"><value>1</value></Data>
        <Data name="Use of an anvil"><value>0</value></Data>
        <Data name="Core rotation"><value>1</value></Data>
        <Data name="Soft hammer percussion"><value>0</value></Data>
        <Data name="Indirect percussion"><value>0</value></Data>
        <Data name="Flaking through pressure"><value>0</value></Data>
        <Data name="Hammer dressing"><value>0</value></Data>
        <Data name="Invasive flaking"><value>1</value></Data>
        <Data name="Ochre use"><value>0</value></Data>
        <Data name="Asphalt use"><value>0</value></Data>
        <Data name="Retouch"><value>1</value></Data>
        <Data name="Backing"><value>0</value></Data>
        <Data name="Notching"><value>0</value></Data>
        <Data name="Burination"><value>0</value></Data>
        <Data name="Tanging"><value>0</value></Data>
        <Data name="Tranchet"><value>0</value></Data>
        <Data name="Bifacial retouch"><value>0</value></Data>
        <Data name="Invasive retouch"><value>0</value></Data>
        <Data name="Pressure flaked retouch"><value>0</value></Data>
      </ExtendedData>
      <Point><coordinates>23.017538,-27.568137,0</coordinates></Point>
    </Placemark>
    <Placemark>
      <name>Kathu Pan 1</name>
      <styleUrl>#arch</styleUrl>
      <description><![CDATA[<div style="font:13px/1.45 Helvetica,Arial,sans-serif;max-width:400px"><table><tr><td style="padding:2px 10px 2px 0;vertical-align:top;white-space:nowrap"><b>Site</b></td><td style="padding:2px 0">Kathu Pan 1</td></tr><tr><td style="padding:2px 10px 2px 0;vertical-align:top;white-space:nowrap"><b>Country</b></td><td style="padding:2px 0">South Africa</td></tr><tr><td style="padding:2px 10px 2px 0;vertical-align:top;white-space:nowrap"><b>Entry type</b></td><td style="padding:2px 0">Archaeological</td></tr><tr><td style="padding:2px 10px 2px 0;vertical-align:top;white-space:nowrap"><b>Species attribution</b></td><td style="padding:2px 0">Unattributed</td></tr><tr><td style="padding:2px 10px 2px 0;vertical-align:top;white-space:nowrap"><b>Technology (interpreted)</b></td><td style="padding:2px 0">Other</td></tr><tr><td style="padding:2px 10px 2px 0;vertical-align:top;white-space:nowrap"><b>Age</b></td><td style="padding:2px 0">682 - 464 ka</td></tr><tr><td style="padding:2px 10px 2px 0;vertical-align:top;white-space:nowrap"><b>Basis for date</b></td><td style="padding:2px 0">-</td></tr><tr><td style="padding:2px 10px 2px 0;vertical-align:top;white-space:nowrap"><b>Scope of entry</b></td><td style="padding:2px 0">Whole assemblage</td></tr><tr><td style="padding:2px 10px 2px 0;vertical-align:top;white-space:nowrap"><b>Technology described</b></td><td style="padding:2px 0">Whole</td></tr><tr><td style="padding:2px 10px 2px 0;vertical-align:top;white-space:nowrap"><b>Published source</b></td><td style="padding:2px 0">Wilkins and Chazan 2012</td></tr><tr><td style="padding:2px 10px 2px 0;vertical-align:top;white-space:nowrap"><b>Techniques recorded</b></td><td style="padding:2px 0">12 of 33</td></tr></table><p style="margin:10px 0 3px"><b>Procedural units present</b></p><p style="margin:0">Platform faceting, Centripetal shaping, Lateral shaping, Debordante shaping, Abrasion, Trimming platform overhang, Hard hammer percussion, Support core with hand, Core rotation, Invasive flaking, Retouch, Bifacial retouch</p></div>]]></description>
      <ExtendedData>
        <Data name="Source"><value>Wilkins and Chazan 2012</value></Data>
        <Data name="Species"><value>Unattributed</value></Data>
        <Data name="Technology"><value>Other</value></Data>
        <Data name="Country"><value>South Africa</value></Data>
        <Data name="Entry type"><value>Archaeological</value></Data>
        <Data name="KA young"><value>464</value></Data>
        <Data name="KA old"><value>682</value></Data>
        <Data name="Technique count"><value>12</value></Data>
        <Data name="Heat treatment"><value>0</value></Data>
        <Data name="Platform faceting"><value>1</value></Data>
        <Data name="Centripetal shaping"><value>1</value></Data>
        <Data name="Lateral shaping"><value>1</value></Data>
        <Data name="Distal shaping"><value>0</value></Data>
        <Data name="Back shaping"><value>0</value></Data>
        <Data name="Cresting"><value>0</value></Data>
        <Data name="Debordante shaping"><value>1</value></Data>
        <Data name="Overshot flaking"><value>0</value></Data>
        <Data name="Kombewa flaking"><value>0</value></Data>
        <Data name="Core tablet"><value>0</value></Data>
        <Data name="Abrasion"><value>1</value></Data>
        <Data name="Trimming platform overhang"><value>1</value></Data>
        <Data name="Hard hammer percussion"><value>1</value></Data>
        <Data name="Support core with hand"><value>1</value></Data>
        <Data name="Use of an anvil"><value>0</value></Data>
        <Data name="Core rotation"><value>1</value></Data>
        <Data name="Soft hammer percussion"><value>0</value></Data>
        <Data name="Indirect percussion"><value>0</value></Data>
        <Data name="Flaking through pressure"><value>0</value></Data>
        <Data name="Hammer dressing"><value>0</value></Data>
        <Data name="Invasive flaking"><value>1</value></Data>
        <Data name="Ochre use"><value>0</value></Data>
        <Data name="Asphalt use"><value>0</value></Data>
        <Data name="Retouch"><value>1</value></Data>
        <Data name="Backing"><value>0</value></Data>
        <Data name="Notching"><value>0</value></Data>
        <Data name="Burination"><value>0</value></Data>
        <Data name="Tanging"><value>0</value></Data>
        <Data name="Tranchet"><value>0</value></Data>
        <Data name="Bifacial retouch"><value>1</value></Data>
        <Data name="Invasive retouch"><value>0</value></Data>
        <Data name="Pressure flaked retouch"><value>0</value></Data>
      </ExtendedData>
      <Point><coordinates>23.002852,-27.640958,0</coordinates></Point>
    </Placemark>
    <Placemark>
      <name>Klasies cave 1A lower HP</name>
      <styleUrl>#arch</styleUrl>
      <description><![CDATA[<div style="font:13px/1.45 Helvetica,Arial,sans-serif;max-width:400px"><table><tr><td style="padding:2px 10px 2px 0;vertical-align:top;white-space:nowrap"><b>Site</b></td><td style="padding:2px 0">Klasies cave 1A lower HP</td></tr><tr><td style="padding:2px 10px 2px 0;vertical-align:top;white-space:nowrap"><b>Country</b></td><td style="padding:2px 0">South Africa</td></tr><tr><td style="padding:2px 10px 2px 0;vertical-align:top;white-space:nowrap"><b>Entry type</b></td><td style="padding:2px 0">Archaeological</td></tr><tr><td style="padding:2px 10px 2px 0;vertical-align:top;white-space:nowrap"><b>Species attribution</b></td><td style="padding:2px 0">Unattributed</td></tr><tr><td style="padding:2px 10px 2px 0;vertical-align:top;white-space:nowrap"><b>Technology (interpreted)</b></td><td style="padding:2px 0">Other</td></tr><tr><td style="padding:2px 10px 2px 0;vertical-align:top;white-space:nowrap"><b>Age</b></td><td style="padding:2px 0">68 - 53 ka</td></tr><tr><td style="padding:2px 10px 2px 0;vertical-align:top;white-space:nowrap"><b>Basis for date</b></td><td style="padding:2px 0">Jacobs et al. 2008a. sample ZKR10 and Tribolo 2003 TL on heated quartzites.</td></tr><tr><td style="padding:2px 10px 2px 0;vertical-align:top;white-space:nowrap"><b>Scope of entry</b></td><td style="padding:2px 0">Single sequence</td></tr><tr><td style="padding:2px 10px 2px 0;vertical-align:top;white-space:nowrap"><b>Technology described</b></td><td style="padding:2px 0">Howieson's poort backed pieces on blade segments made from blades produced on hierarchical cores displayed in fig 16 and 15. And supp fig 5. characteristic of HP D sample Upper and lower.</td></tr><tr><td style="padding:2px 10px 2px 0;vertical-align:top;white-space:nowrap"><b>Published source</b></td><td style="padding:2px 0">Villa et al. 2010</td></tr><tr><td style="padding:2px 10px 2px 0;vertical-align:top;white-space:nowrap"><b>Techniques recorded</b></td><td style="padding:2px 0">14 of 33</td></tr></table><p style="margin:10px 0 3px"><b>Procedural units present</b></p><p style="margin:0">Platform faceting, Centripetal shaping, Cresting, Debordante shaping, Core tablet, Abrasion, Trimming platform overhang, Hard hammer percussion, Support core with hand, Core rotation, Soft hammer percussion, Invasive flaking, Retouch, Backing</p></div>]]></description>
      <ExtendedData>
        <Data name="Source"><value>Villa et al. 2010</value></Data>
        <Data name="Species"><value>Unattributed</value></Data>
        <Data name="Technology"><value>Other</value></Data>
        <Data name="Country"><value>South Africa</value></Data>
        <Data name="Entry type"><value>Archaeological</value></Data>
        <Data name="KA young"><value>53</value></Data>
        <Data name="KA old"><value>68.1</value></Data>
        <Data name="Technique count"><value>14</value></Data>
        <Data name="Heat treatment"><value>0</value></Data>
        <Data name="Platform faceting"><value>1</value></Data>
        <Data name="Centripetal shaping"><value>1</value></Data>
        <Data name="Lateral shaping"><value>0</value></Data>
        <Data name="Distal shaping"><value>0</value></Data>
        <Data name="Back shaping"><value>0</value></Data>
        <Data name="Cresting"><value>1</value></Data>
        <Data name="Debordante shaping"><value>1</value></Data>
        <Data name="Overshot flaking"><value>0</value></Data>
        <Data name="Kombewa flaking"><value>0</value></Data>
        <Data name="Core tablet"><value>1</value></Data>
        <Data name="Abrasion"><value>1</value></Data>
        <Data name="Trimming platform overhang"><value>1</value></Data>
        <Data name="Hard hammer percussion"><value>1</value></Data>
        <Data name="Support core with hand"><value>1</value></Data>
        <Data name="Use of an anvil"><value>0</value></Data>
        <Data name="Core rotation"><value>1</value></Data>
        <Data name="Soft hammer percussion"><value>1</value></Data>
        <Data name="Indirect percussion"><value>0</value></Data>
        <Data name="Flaking through pressure"><value>0</value></Data>
        <Data name="Hammer dressing"><value>0</value></Data>
        <Data name="Invasive flaking"><value>1</value></Data>
        <Data name="Ochre use"><value>0</value></Data>
        <Data name="Asphalt use"><value>0</value></Data>
        <Data name="Retouch"><value>1</value></Data>
        <Data name="Backing"><value>1</value></Data>
        <Data name="Notching"><value>0</value></Data>
        <Data name="Burination"><value>0</value></Data>
        <Data name="Tanging"><value>0</value></Data>
        <Data name="Tranchet"><value>0</value></Data>
        <Data name="Bifacial retouch"><value>0</value></Data>
        <Data name="Invasive retouch"><value>0</value></Data>
        <Data name="Pressure flaked retouch"><value>0</value></Data>
      </ExtendedData>
      <Point><coordinates>24.385255,-33.998339,0</coordinates></Point>
    </Placemark>
    <Placemark>
      <name>Klasies cave 1A lower HP</name>
      <styleUrl>#arch</styleUrl>
      <description><![CDATA[<div style="font:13px/1.45 Helvetica,Arial,sans-serif;max-width:400px"><table><tr><td style="padding:2px 10px 2px 0;vertical-align:top;white-space:nowrap"><b>Site</b></td><td style="padding:2px 0">Klasies cave 1A lower HP</td></tr><tr><td style="padding:2px 10px 2px 0;vertical-align:top;white-space:nowrap"><b>Country</b></td><td style="padding:2px 0">South Africa (nearest, approx.)</td></tr><tr><td style="padding:2px 10px 2px 0;vertical-align:top;white-space:nowrap"><b>Entry type</b></td><td style="padding:2px 0">Archaeological</td></tr><tr><td style="padding:2px 10px 2px 0;vertical-align:top;white-space:nowrap"><b>Species attribution</b></td><td style="padding:2px 0">Unattributed</td></tr><tr><td style="padding:2px 10px 2px 0;vertical-align:top;white-space:nowrap"><b>Technology (interpreted)</b></td><td style="padding:2px 0">Other</td></tr><tr><td style="padding:2px 10px 2px 0;vertical-align:top;white-space:nowrap"><b>Age</b></td><td style="padding:2px 0">68 - 53 ka</td></tr><tr><td style="padding:2px 10px 2px 0;vertical-align:top;white-space:nowrap"><b>Basis for date</b></td><td style="padding:2px 0">Jacobs et al. 2008a. sample ZKR10 and Tribolo 2003 TL on heated quartzites.</td></tr><tr><td style="padding:2px 10px 2px 0;vertical-align:top;white-space:nowrap"><b>Scope of entry</b></td><td style="padding:2px 0">Whole assemblage</td></tr><tr><td style="padding:2px 10px 2px 0;vertical-align:top;white-space:nowrap"><b>Technology described</b></td><td style="padding:2px 0">all HP tech described. nothing from MSAiii.</td></tr><tr><td style="padding:2px 10px 2px 0;vertical-align:top;white-space:nowrap"><b>Published source</b></td><td style="padding:2px 0">Villa et al. 2010</td></tr><tr><td style="padding:2px 10px 2px 0;vertical-align:top;white-space:nowrap"><b>Techniques recorded</b></td><td style="padding:2px 0">16 of 33</td></tr></table><p style="margin:10px 0 3px"><b>Procedural units present</b></p><p style="margin:0">Platform faceting, Centripetal shaping, Cresting, Debordante shaping, Kombewa flaking, Core tablet, Abrasion, Trimming platform overhang, Hard hammer percussion, Support core with hand, Core rotation, Soft hammer percussion, Invasive flaking, Retouch, Backing, Notching</p></div>]]></description>
      <ExtendedData>
        <Data name="Source"><value>Villa et al. 2010</value></Data>
        <Data name="Species"><value>Unattributed</value></Data>
        <Data name="Technology"><value>Other</value></Data>
        <Data name="Country"><value>South Africa</value></Data>
        <Data name="Entry type"><value>Archaeological</value></Data>
        <Data name="KA young"><value>53</value></Data>
        <Data name="KA old"><value>68.1</value></Data>
        <Data name="Technique count"><value>16</value></Data>
        <Data name="Heat treatment"><value>0</value></Data>
        <Data name="Platform faceting"><value>1</value></Data>
        <Data name="Centripetal shaping"><value>1</value></Data>
        <Data name="Lateral shaping"><value>0</value></Data>
        <Data name="Distal shaping"><value>0</value></Data>
        <Data name="Back shaping"><value>0</value></Data>
        <Data name="Cresting"><value>1</value></Data>
        <Data name="Debordante shaping"><value>1</value></Data>
        <Data name="Overshot flaking"><value>0</value></Data>
        <Data name="Kombewa flaking"><value>1</value></Data>
        <Data name="Core tablet"><value>1</value></Data>
        <Data name="Abrasion"><value>1</value></Data>
        <Data name="Trimming platform overhang"><value>1</value></Data>
        <Data name="Hard hammer percussion"><value>1</value></Data>
        <Data name="Support core with hand"><value>1</value></Data>
        <Data name="Use of an anvil"><value>0</value></Data>
        <Data name="Core rotation"><value>1</value></Data>
        <Data name="Soft hammer percussion"><value>1</value></Data>
        <Data name="Indirect percussion"><value>0</value></Data>
        <Data name="Flaking through pressure"><value>0</value></Data>
        <Data name="Hammer dressing"><value>0</value></Data>
        <Data name="Invasive flaking"><value>1</value></Data>
        <Data name="Ochre use"><value>0</value></Data>
        <Data name="Asphalt use"><value>0</value></Data>
        <Data name="Retouch"><value>1</value></Data>
        <Data name="Backing"><value>1</value></Data>
        <Data name="Notching"><value>1</value></Data>
        <Data name="Burination"><value>0</value></Data>
        <Data name="Tanging"><value>0</value></Data>
        <Data name="Tranchet"><value>0</value></Data>
        <Data name="Bifacial retouch"><value>0</value></Data>
        <Data name="Invasive retouch"><value>0</value></Data>
        <Data name="Pressure flaked retouch"><value>0</value></Data>
      </ExtendedData>
      <Point><coordinates>24.380442,-34.200641,0</coordinates></Point>
    </Placemark>
    <Placemark>
      <name>Klasies cave MSA III deacon exc.</name>
      <styleUrl>#arch</styleUrl>
      <description><![CDATA[<div style="font:13px/1.45 Helvetica,Arial,sans-serif;max-width:400px"><table><tr><td style="padding:2px 10px 2px 0;vertical-align:top;white-space:nowrap"><b>Site</b></td><td style="padding:2px 0">Klasies cave MSA III deacon exc.</td></tr><tr><td style="padding:2px 10px 2px 0;vertical-align:top;white-space:nowrap"><b>Country</b></td><td style="padding:2px 0">South Africa</td></tr><tr><td style="padding:2px 10px 2px 0;vertical-align:top;white-space:nowrap"><b>Entry type</b></td><td style="padding:2px 0">Archaeological</td></tr><tr><td style="padding:2px 10px 2px 0;vertical-align:top;white-space:nowrap"><b>Species attribution</b></td><td style="padding:2px 0">Unattributed</td></tr><tr><td style="padding:2px 10px 2px 0;vertical-align:top;white-space:nowrap"><b>Technology (interpreted)</b></td><td style="padding:2px 0">Other</td></tr><tr><td style="padding:2px 10px 2px 0;vertical-align:top;white-space:nowrap"><b>Age</b></td><td style="padding:2px 0">60 - 50 ka</td></tr><tr><td style="padding:2px 10px 2px 0;vertical-align:top;white-space:nowrap"><b>Basis for date</b></td><td style="padding:2px 0">Feathers 2002 L sample UW 201. and Tribolo 2003 TL heated quartzites</td></tr><tr><td style="padding:2px 10px 2px 0;vertical-align:top;white-space:nowrap"><b>Scope of entry</b></td><td style="padding:2px 0">Whole assemblage</td></tr><tr><td style="padding:2px 10px 2px 0;vertical-align:top;white-space:nowrap"><b>Technology described</b></td><td style="padding:2px 0">MSA III materials. all</td></tr><tr><td style="padding:2px 10px 2px 0;vertical-align:top;white-space:nowrap"><b>Published source</b></td><td style="padding:2px 0">Villa et al. 2010</td></tr><tr><td style="padding:2px 10px 2px 0;vertical-align:top;white-space:nowrap"><b>Techniques recorded</b></td><td style="padding:2px 0">13 of 33</td></tr></table><p style="margin:10px 0 3px"><b>Procedural units present</b></p><p style="margin:0">Platform faceting, Distal shaping, Cresting, Debordante shaping, Trimming platform overhang, Hard hammer percussion, Support core with hand, Core rotation, Invasive flaking, Retouch, Backing, Notching, Burination</p></div>]]></description>
      <ExtendedData>
        <Data name="Source"><value>Villa et al. 2010</value></Data>
        <Data name="Species"><value>Unattributed</value></Data>
        <Data name="Technology"><value>Other</value></Data>
        <Data name="Country"><value>South Africa</value></Data>
        <Data name="Entry type"><value>Archaeological</value></Data>
        <Data name="KA young"><value>50</value></Data>
        <Data name="KA old"><value>60</value></Data>
        <Data name="Technique count"><value>13</value></Data>
        <Data name="Heat treatment"><value>0</value></Data>
        <Data name="Platform faceting"><value>1</value></Data>
        <Data name="Centripetal shaping"><value>0</value></Data>
        <Data name="Lateral shaping"><value>0</value></Data>
        <Data name="Distal shaping"><value>1</value></Data>
        <Data name="Back shaping"><value>0</value></Data>
        <Data name="Cresting"><value>1</value></Data>
        <Data name="Debordante shaping"><value>1</value></Data>
        <Data name="Overshot flaking"><value>0</value></Data>
        <Data name="Kombewa flaking"><value>0</value></Data>
        <Data name="Core tablet"><value>0</value></Data>
        <Data name="Abrasion"><value>0</value></Data>
        <Data name="Trimming platform overhang"><value>1</value></Data>
        <Data name="Hard hammer percussion"><value>1</value></Data>
        <Data name="Support core with hand"><value>1</value></Data>
        <Data name="Use of an anvil"><value>0</value></Data>
        <Data name="Core rotation"><value>1</value></Data>
        <Data name="Soft hammer percussion"><value>0</value></Data>
        <Data name="Indirect percussion"><value>0</value></Data>
        <Data name="Flaking through pressure"><value>0</value></Data>
        <Data name="Hammer dressing"><value>0</value></Data>
        <Data name="Invasive flaking"><value>1</value></Data>
        <Data name="Ochre use"><value>0</value></Data>
        <Data name="Asphalt use"><value>0</value></Data>
        <Data name="Retouch"><value>1</value></Data>
        <Data name="Backing"><value>1</value></Data>
        <Data name="Notching"><value>1</value></Data>
        <Data name="Burination"><value>1</value></Data>
        <Data name="Tanging"><value>0</value></Data>
        <Data name="Tranchet"><value>0</value></Data>
        <Data name="Bifacial retouch"><value>0</value></Data>
        <Data name="Invasive retouch"><value>0</value></Data>
        <Data name="Pressure flaked retouch"><value>0</value></Data>
      </ExtendedData>
      <Point><coordinates>24.395888,-34.073799,0</coordinates></Point>
    </Placemark>
    </Folder>
    <Folder><name>Spain (1)</name><open>0</open>
    <Placemark>
      <name>Cueva Morin levels 9-10</name>
      <styleUrl>#arch</styleUrl>
      <description><![CDATA[<div style="font:13px/1.45 Helvetica,Arial,sans-serif;max-width:400px"><table><tr><td style="padding:2px 10px 2px 0;vertical-align:top;white-space:nowrap"><b>Site</b></td><td style="padding:2px 0">Cueva Morin levels 9-10</td></tr><tr><td style="padding:2px 10px 2px 0;vertical-align:top;white-space:nowrap"><b>Country</b></td><td style="padding:2px 0">Spain</td></tr><tr><td style="padding:2px 10px 2px 0;vertical-align:top;white-space:nowrap"><b>Entry type</b></td><td style="padding:2px 0">Archaeological</td></tr><tr><td style="padding:2px 10px 2px 0;vertical-align:top;white-space:nowrap"><b>Species attribution</b></td><td style="padding:2px 0">H. sapiens</td></tr><tr><td style="padding:2px 10px 2px 0;vertical-align:top;white-space:nowrap"><b>Technology (interpreted)</b></td><td style="padding:2px 0">Other</td></tr><tr><td style="padding:2px 10px 2px 0;vertical-align:top;white-space:nowrap"><b>Age</b></td><td style="padding:2px 0">38 - 35 ka</td></tr><tr><td style="padding:2px 10px 2px 0;vertical-align:top;white-space:nowrap"><b>Basis for date</b></td><td style="padding:2px 0">-</td></tr><tr><td style="padding:2px 10px 2px 0;vertical-align:top;white-space:nowrap"><b>Scope of entry</b></td><td style="padding:2px 0">Single sequence</td></tr><tr><td style="padding:2px 10px 2px 0;vertical-align:top;white-space:nowrap"><b>Technology described</b></td><td style="padding:2px 0">Blade/ Bladelet production on prismatic cores</td></tr><tr><td style="padding:2px 10px 2px 0;vertical-align:top;white-space:nowrap"><b>Published source</b></td><td style="padding:2px 0">Fernandez 2005</td></tr><tr><td style="padding:2px 10px 2px 0;vertical-align:top;white-space:nowrap"><b>Techniques recorded</b></td><td style="padding:2px 0">13 of 33</td></tr></table><p style="margin:10px 0 3px"><b>Procedural units present</b></p><p style="margin:0">Platform faceting, Distal shaping, Cresting, Debordante shaping, Core tablet, Abrasion, Trimming platform overhang, Hard hammer percussion, Support core with hand, Core rotation, Invasive flaking, Retouch, Burination</p></div>]]></description>
      <ExtendedData>
        <Data name="Source"><value>Fernandez 2005</value></Data>
        <Data name="Species"><value>H. sapiens</value></Data>
        <Data name="Technology"><value>Other</value></Data>
        <Data name="Country"><value>Spain</value></Data>
        <Data name="Entry type"><value>Archaeological</value></Data>
        <Data name="KA young"><value>35</value></Data>
        <Data name="KA old"><value>38</value></Data>
        <Data name="Technique count"><value>13</value></Data>
        <Data name="Heat treatment"><value>0</value></Data>
        <Data name="Platform faceting"><value>1</value></Data>
        <Data name="Centripetal shaping"><value>0</value></Data>
        <Data name="Lateral shaping"><value>0</value></Data>
        <Data name="Distal shaping"><value>1</value></Data>
        <Data name="Back shaping"><value>0</value></Data>
        <Data name="Cresting"><value>1</value></Data>
        <Data name="Debordante shaping"><value>1</value></Data>
        <Data name="Overshot flaking"><value>0</value></Data>
        <Data name="Kombewa flaking"><value>0</value></Data>
        <Data name="Core tablet"><value>1</value></Data>
        <Data name="Abrasion"><value>1</value></Data>
        <Data name="Trimming platform overhang"><value>1</value></Data>
        <Data name="Hard hammer percussion"><value>1</value></Data>
        <Data name="Support core with hand"><value>1</value></Data>
        <Data name="Use of an anvil"><value>0</value></Data>
        <Data name="Core rotation"><value>1</value></Data>
        <Data name="Soft hammer percussion"><value>0</value></Data>
        <Data name="Indirect percussion"><value>0</value></Data>
        <Data name="Flaking through pressure"><value>0</value></Data>
        <Data name="Hammer dressing"><value>0</value></Data>
        <Data name="Invasive flaking"><value>1</value></Data>
        <Data name="Ochre use"><value>0</value></Data>
        <Data name="Asphalt use"><value>0</value></Data>
        <Data name="Retouch"><value>1</value></Data>
        <Data name="Backing"><value>0</value></Data>
        <Data name="Notching"><value>0</value></Data>
        <Data name="Burination"><value>1</value></Data>
        <Data name="Tanging"><value>0</value></Data>
        <Data name="Tranchet"><value>0</value></Data>
        <Data name="Bifacial retouch"><value>0</value></Data>
        <Data name="Invasive retouch"><value>0</value></Data>
        <Data name="Pressure flaked retouch"><value>0</value></Data>
      </ExtendedData>
      <Point><coordinates>-3.896822,43.359168,0</coordinates></Point>
    </Placemark>
    </Folder>
    <Folder><name>Syria (1)</name><open>0</open>
    <Placemark>
      <name>Gesher Benot Ya'aqov</name>
      <styleUrl>#arch</styleUrl>
      <description><![CDATA[<div style="font:13px/1.45 Helvetica,Arial,sans-serif;max-width:400px"><table><tr><td style="padding:2px 10px 2px 0;vertical-align:top;white-space:nowrap"><b>Site</b></td><td style="padding:2px 0">Gesher Benot Ya'aqov</td></tr><tr><td style="padding:2px 10px 2px 0;vertical-align:top;white-space:nowrap"><b>Country</b></td><td style="padding:2px 0">Syria</td></tr><tr><td style="padding:2px 10px 2px 0;vertical-align:top;white-space:nowrap"><b>Entry type</b></td><td style="padding:2px 0">Archaeological</td></tr><tr><td style="padding:2px 10px 2px 0;vertical-align:top;white-space:nowrap"><b>Species attribution</b></td><td style="padding:2px 0">Unattributed</td></tr><tr><td style="padding:2px 10px 2px 0;vertical-align:top;white-space:nowrap"><b>Technology (interpreted)</b></td><td style="padding:2px 0">Acheulean</td></tr><tr><td style="padding:2px 10px 2px 0;vertical-align:top;white-space:nowrap"><b>Age</b></td><td style="padding:2px 0">860 - 760 ka</td></tr><tr><td style="padding:2px 10px 2px 0;vertical-align:top;white-space:nowrap"><b>Basis for date</b></td><td style="padding:2px 0">Need to double check An Acheulian biface assemblage from Gesher Benot Ya'aqov Israel: indications of African affinities</td></tr><tr><td style="padding:2px 10px 2px 0;vertical-align:top;white-space:nowrap"><b>Scope of entry</b></td><td style="padding:2px 0">Single sequence</td></tr><tr><td style="padding:2px 10px 2px 0;vertical-align:top;white-space:nowrap"><b>Technology described</b></td><td style="padding:2px 0">Handaxes from kombewa flakes and only handaxes</td></tr><tr><td style="padding:2px 10px 2px 0;vertical-align:top;white-space:nowrap"><b>Published source</b></td><td style="padding:2px 0">Goren-Inbar et al. 2008</td></tr><tr><td style="padding:2px 10px 2px 0;vertical-align:top;white-space:nowrap"><b>Techniques recorded</b></td><td style="padding:2px 0">5 of 33</td></tr></table><p style="margin:10px 0 3px"><b>Procedural units present</b></p><p style="margin:0">Kombewa flaking, Hard hammer percussion, Support core with hand, Core rotation, Bifacial retouch</p></div>]]></description>
      <ExtendedData>
        <Data name="Source"><value>Goren-Inbar et al. 2008</value></Data>
        <Data name="Species"><value>Unattributed</value></Data>
        <Data name="Technology"><value>Acheulean</value></Data>
        <Data name="Country"><value>Syria</value></Data>
        <Data name="Entry type"><value>Archaeological</value></Data>
        <Data name="KA young"><value>760</value></Data>
        <Data name="KA old"><value>860</value></Data>
        <Data name="Technique count"><value>5</value></Data>
        <Data name="Heat treatment"><value>0</value></Data>
        <Data name="Platform faceting"><value>0</value></Data>
        <Data name="Centripetal shaping"><value>0</value></Data>
        <Data name="Lateral shaping"><value>0</value></Data>
        <Data name="Distal shaping"><value>0</value></Data>
        <Data name="Back shaping"><value>0</value></Data>
        <Data name="Cresting"><value>0</value></Data>
        <Data name="Debordante shaping"><value>0</value></Data>
        <Data name="Overshot flaking"><value>0</value></Data>
        <Data name="Kombewa flaking"><value>1</value></Data>
        <Data name="Core tablet"><value>0</value></Data>
        <Data name="Abrasion"><value>0</value></Data>
        <Data name="Trimming platform overhang"><value>0</value></Data>
        <Data name="Hard hammer percussion"><value>1</value></Data>
        <Data name="Support core with hand"><value>1</value></Data>
        <Data name="Use of an anvil"><value>0</value></Data>
        <Data name="Core rotation"><value>1</value></Data>
        <Data name="Soft hammer percussion"><value>0</value></Data>
        <Data name="Indirect percussion"><value>0</value></Data>
        <Data name="Flaking through pressure"><value>0</value></Data>
        <Data name="Hammer dressing"><value>0</value></Data>
        <Data name="Invasive flaking"><value>0</value></Data>
        <Data name="Ochre use"><value>0</value></Data>
        <Data name="Asphalt use"><value>0</value></Data>
        <Data name="Retouch"><value>0</value></Data>
        <Data name="Backing"><value>0</value></Data>
        <Data name="Notching"><value>0</value></Data>
        <Data name="Burination"><value>0</value></Data>
        <Data name="Tanging"><value>0</value></Data>
        <Data name="Tranchet"><value>0</value></Data>
        <Data name="Bifacial retouch"><value>1</value></Data>
        <Data name="Invasive retouch"><value>0</value></Data>
        <Data name="Pressure flaked retouch"><value>0</value></Data>
      </ExtendedData>
      <Point><coordinates>35.984408,32.920780,0</coordinates></Point>
    </Placemark>
    </Folder>
    <Folder><name>Tanzania (4)</name><open>0</open>
    <Placemark>
      <name>Olduvai Bed II BK</name>
      <styleUrl>#arch</styleUrl>
      <description><![CDATA[<div style="font:13px/1.45 Helvetica,Arial,sans-serif;max-width:400px"><table><tr><td style="padding:2px 10px 2px 0;vertical-align:top;white-space:nowrap"><b>Site</b></td><td style="padding:2px 0">Olduvai Bed II BK</td></tr><tr><td style="padding:2px 10px 2px 0;vertical-align:top;white-space:nowrap"><b>Country</b></td><td style="padding:2px 0">Tanzania</td></tr><tr><td style="padding:2px 10px 2px 0;vertical-align:top;white-space:nowrap"><b>Entry type</b></td><td style="padding:2px 0">Archaeological</td></tr><tr><td style="padding:2px 10px 2px 0;vertical-align:top;white-space:nowrap"><b>Species attribution</b></td><td style="padding:2px 0">Unattributed</td></tr><tr><td style="padding:2px 10px 2px 0;vertical-align:top;white-space:nowrap"><b>Technology (interpreted)</b></td><td style="padding:2px 0">Oldowan (probable)</td></tr><tr><td style="padding:2px 10px 2px 0;vertical-align:top;white-space:nowrap"><b>Age</b></td><td style="padding:2px 0">1,805 - 1,645 ka</td></tr><tr><td style="padding:2px 10px 2px 0;vertical-align:top;white-space:nowrap"><b>Basis for date</b></td><td style="padding:2px 0">McHenry et al. 2018. Figure 2</td></tr><tr><td style="padding:2px 10px 2px 0;vertical-align:top;white-space:nowrap"><b>Scope of entry</b></td><td style="padding:2px 0">Single sequence</td></tr><tr><td style="padding:2px 10px 2px 0;vertical-align:top;white-space:nowrap"><b>Technology described</b></td><td style="padding:2px 0">Olduvai Bed II Bifacial multipolar centripetal hierarchized cores from BK 3. Look like recurrent centripetal levallois.</td></tr><tr><td style="padding:2px 10px 2px 0;vertical-align:top;white-space:nowrap"><b>Published source</b></td><td style="padding:2px 0">Diez-Martin et al. 2009</td></tr><tr><td style="padding:2px 10px 2px 0;vertical-align:top;white-space:nowrap"><b>Techniques recorded</b></td><td style="padding:2px 0">6 of 33</td></tr></table><p style="margin:10px 0 3px"><b>Procedural units present</b></p><p style="margin:0">Platform faceting, Hard hammer percussion, Support core with hand, Core rotation, Invasive flaking, Retouch</p></div>]]></description>
      <ExtendedData>
        <Data name="Source"><value>Diez-Martin et al. 2009</value></Data>
        <Data name="Species"><value>Unattributed</value></Data>
        <Data name="Technology"><value>Oldowan (probable)</value></Data>
        <Data name="Country"><value>Tanzania</value></Data>
        <Data name="Entry type"><value>Archaeological</value></Data>
        <Data name="KA young"><value>1645</value></Data>
        <Data name="KA old"><value>1805</value></Data>
        <Data name="Technique count"><value>6</value></Data>
        <Data name="Heat treatment"><value>0</value></Data>
        <Data name="Platform faceting"><value>1</value></Data>
        <Data name="Centripetal shaping"><value>0</value></Data>
        <Data name="Lateral shaping"><value>0</value></Data>
        <Data name="Distal shaping"><value>0</value></Data>
        <Data name="Back shaping"><value>0</value></Data>
        <Data name="Cresting"><value>0</value></Data>
        <Data name="Debordante shaping"><value>0</value></Data>
        <Data name="Overshot flaking"><value>0</value></Data>
        <Data name="Kombewa flaking"><value>0</value></Data>
        <Data name="Core tablet"><value>0</value></Data>
        <Data name="Abrasion"><value>0</value></Data>
        <Data name="Trimming platform overhang"><value>0</value></Data>
        <Data name="Hard hammer percussion"><value>1</value></Data>
        <Data name="Support core with hand"><value>1</value></Data>
        <Data name="Use of an anvil"><value>0</value></Data>
        <Data name="Core rotation"><value>1</value></Data>
        <Data name="Soft hammer percussion"><value>0</value></Data>
        <Data name="Indirect percussion"><value>0</value></Data>
        <Data name="Flaking through pressure"><value>0</value></Data>
        <Data name="Hammer dressing"><value>0</value></Data>
        <Data name="Invasive flaking"><value>1</value></Data>
        <Data name="Ochre use"><value>0</value></Data>
        <Data name="Asphalt use"><value>0</value></Data>
        <Data name="Retouch"><value>1</value></Data>
        <Data name="Backing"><value>0</value></Data>
        <Data name="Notching"><value>0</value></Data>
        <Data name="Burination"><value>0</value></Data>
        <Data name="Tanging"><value>0</value></Data>
        <Data name="Tranchet"><value>0</value></Data>
        <Data name="Bifacial retouch"><value>0</value></Data>
        <Data name="Invasive retouch"><value>0</value></Data>
        <Data name="Pressure flaked retouch"><value>0</value></Data>
      </ExtendedData>
      <Point><coordinates>35.348857,-2.964758,0</coordinates></Point>
    </Placemark>
    <Placemark>
      <name>Olduvai Bed II BK</name>
      <styleUrl>#arch</styleUrl>
      <description><![CDATA[<div style="font:13px/1.45 Helvetica,Arial,sans-serif;max-width:400px"><table><tr><td style="padding:2px 10px 2px 0;vertical-align:top;white-space:nowrap"><b>Site</b></td><td style="padding:2px 0">Olduvai Bed II BK</td></tr><tr><td style="padding:2px 10px 2px 0;vertical-align:top;white-space:nowrap"><b>Country</b></td><td style="padding:2px 0">Tanzania</td></tr><tr><td style="padding:2px 10px 2px 0;vertical-align:top;white-space:nowrap"><b>Entry type</b></td><td style="padding:2px 0">Archaeological</td></tr><tr><td style="padding:2px 10px 2px 0;vertical-align:top;white-space:nowrap"><b>Species attribution</b></td><td style="padding:2px 0">Unattributed</td></tr><tr><td style="padding:2px 10px 2px 0;vertical-align:top;white-space:nowrap"><b>Technology (interpreted)</b></td><td style="padding:2px 0">Oldowan (probable)</td></tr><tr><td style="padding:2px 10px 2px 0;vertical-align:top;white-space:nowrap"><b>Age</b></td><td style="padding:2px 0">1,805 - 1,645 ka</td></tr><tr><td style="padding:2px 10px 2px 0;vertical-align:top;white-space:nowrap"><b>Basis for date</b></td><td style="padding:2px 0">McHenry et al. 2018. Figure 2</td></tr><tr><td style="padding:2px 10px 2px 0;vertical-align:top;white-space:nowrap"><b>Scope of entry</b></td><td style="padding:2px 0">Whole assemblage</td></tr><tr><td style="padding:2px 10px 2px 0;vertical-align:top;white-space:nowrap"><b>Technology described</b></td><td style="padding:2px 0">Hierarchized cores and bipolar reduction.</td></tr><tr><td style="padding:2px 10px 2px 0;vertical-align:top;white-space:nowrap"><b>Published source</b></td><td style="padding:2px 0">Diez-Martin et al. 2009</td></tr><tr><td style="padding:2px 10px 2px 0;vertical-align:top;white-space:nowrap"><b>Techniques recorded</b></td><td style="padding:2px 0">7 of 33</td></tr></table><p style="margin:10px 0 3px"><b>Procedural units present</b></p><p style="margin:0">Platform faceting, Hard hammer percussion, Support core with hand, Use of an anvil, Core rotation, Invasive flaking, Retouch</p></div>]]></description>
      <ExtendedData>
        <Data name="Source"><value>Diez-Martin et al. 2009</value></Data>
        <Data name="Species"><value>Unattributed</value></Data>
        <Data name="Technology"><value>Oldowan (probable)</value></Data>
        <Data name="Country"><value>Tanzania</value></Data>
        <Data name="Entry type"><value>Archaeological</value></Data>
        <Data name="KA young"><value>1645</value></Data>
        <Data name="KA old"><value>1805</value></Data>
        <Data name="Technique count"><value>7</value></Data>
        <Data name="Heat treatment"><value>0</value></Data>
        <Data name="Platform faceting"><value>1</value></Data>
        <Data name="Centripetal shaping"><value>0</value></Data>
        <Data name="Lateral shaping"><value>0</value></Data>
        <Data name="Distal shaping"><value>0</value></Data>
        <Data name="Back shaping"><value>0</value></Data>
        <Data name="Cresting"><value>0</value></Data>
        <Data name="Debordante shaping"><value>0</value></Data>
        <Data name="Overshot flaking"><value>0</value></Data>
        <Data name="Kombewa flaking"><value>0</value></Data>
        <Data name="Core tablet"><value>0</value></Data>
        <Data name="Abrasion"><value>0</value></Data>
        <Data name="Trimming platform overhang"><value>0</value></Data>
        <Data name="Hard hammer percussion"><value>1</value></Data>
        <Data name="Support core with hand"><value>1</value></Data>
        <Data name="Use of an anvil"><value>1</value></Data>
        <Data name="Core rotation"><value>1</value></Data>
        <Data name="Soft hammer percussion"><value>0</value></Data>
        <Data name="Indirect percussion"><value>0</value></Data>
        <Data name="Flaking through pressure"><value>0</value></Data>
        <Data name="Hammer dressing"><value>0</value></Data>
        <Data name="Invasive flaking"><value>1</value></Data>
        <Data name="Ochre use"><value>0</value></Data>
        <Data name="Asphalt use"><value>0</value></Data>
        <Data name="Retouch"><value>1</value></Data>
        <Data name="Backing"><value>0</value></Data>
        <Data name="Notching"><value>0</value></Data>
        <Data name="Burination"><value>0</value></Data>
        <Data name="Tanging"><value>0</value></Data>
        <Data name="Tranchet"><value>0</value></Data>
        <Data name="Bifacial retouch"><value>0</value></Data>
        <Data name="Invasive retouch"><value>0</value></Data>
        <Data name="Pressure flaked retouch"><value>0</value></Data>
      </ExtendedData>
      <Point><coordinates>35.372679,-3.029339,0</coordinates></Point>
    </Placemark>
    <Placemark>
      <name>RHS-Mugulud Peninj</name>
      <styleUrl>#arch</styleUrl>
      <description><![CDATA[<div style="font:13px/1.45 Helvetica,Arial,sans-serif;max-width:400px"><table><tr><td style="padding:2px 10px 2px 0;vertical-align:top;white-space:nowrap"><b>Site</b></td><td style="padding:2px 0">RHS-Mugulud Peninj</td></tr><tr><td style="padding:2px 10px 2px 0;vertical-align:top;white-space:nowrap"><b>Country</b></td><td style="padding:2px 0">Tanzania</td></tr><tr><td style="padding:2px 10px 2px 0;vertical-align:top;white-space:nowrap"><b>Entry type</b></td><td style="padding:2px 0">Archaeological</td></tr><tr><td style="padding:2px 10px 2px 0;vertical-align:top;white-space:nowrap"><b>Species attribution</b></td><td style="padding:2px 0">Unattributed</td></tr><tr><td style="padding:2px 10px 2px 0;vertical-align:top;white-space:nowrap"><b>Technology (interpreted)</b></td><td style="padding:2px 0">Acheulean</td></tr><tr><td style="padding:2px 10px 2px 0;vertical-align:top;white-space:nowrap"><b>Age</b></td><td style="padding:2px 0">1,500 - 1,100 ka</td></tr><tr><td style="padding:2px 10px 2px 0;vertical-align:top;white-space:nowrap"><b>Basis for date</b></td><td style="padding:2px 0">-</td></tr><tr><td style="padding:2px 10px 2px 0;vertical-align:top;white-space:nowrap"><b>Scope of entry</b></td><td style="padding:2px 0">Single sequence</td></tr><tr><td style="padding:2px 10px 2px 0;vertical-align:top;white-space:nowrap"><b>Technology described</b></td><td style="padding:2px 0">Large cutting tool on flake that is retouched through rough facconage.</td></tr><tr><td style="padding:2px 10px 2px 0;vertical-align:top;white-space:nowrap"><b>Published source</b></td><td style="padding:2px 0">Torre et al. 2008</td></tr><tr><td style="padding:2px 10px 2px 0;vertical-align:top;white-space:nowrap"><b>Techniques recorded</b></td><td style="padding:2px 0">6 of 33</td></tr></table><p style="margin:10px 0 3px"><b>Procedural units present</b></p><p style="margin:0">Platform faceting, Hard hammer percussion, Support core with hand, Core rotation, Invasive flaking, Bifacial retouch</p></div>]]></description>
      <ExtendedData>
        <Data name="Source"><value>Torre et al. 2008</value></Data>
        <Data name="Species"><value>Unattributed</value></Data>
        <Data name="Technology"><value>Acheulean</value></Data>
        <Data name="Country"><value>Tanzania</value></Data>
        <Data name="Entry type"><value>Archaeological</value></Data>
        <Data name="KA young"><value>1100</value></Data>
        <Data name="KA old"><value>1500</value></Data>
        <Data name="Technique count"><value>6</value></Data>
        <Data name="Heat treatment"><value>0</value></Data>
        <Data name="Platform faceting"><value>1</value></Data>
        <Data name="Centripetal shaping"><value>0</value></Data>
        <Data name="Lateral shaping"><value>0</value></Data>
        <Data name="Distal shaping"><value>0</value></Data>
        <Data name="Back shaping"><value>0</value></Data>
        <Data name="Cresting"><value>0</value></Data>
        <Data name="Debordante shaping"><value>0</value></Data>
        <Data name="Overshot flaking"><value>0</value></Data>
        <Data name="Kombewa flaking"><value>0</value></Data>
        <Data name="Core tablet"><value>0</value></Data>
        <Data name="Abrasion"><value>0</value></Data>
        <Data name="Trimming platform overhang"><value>0</value></Data>
        <Data name="Hard hammer percussion"><value>1</value></Data>
        <Data name="Support core with hand"><value>1</value></Data>
        <Data name="Use of an anvil"><value>0</value></Data>
        <Data name="Core rotation"><value>1</value></Data>
        <Data name="Soft hammer percussion"><value>0</value></Data>
        <Data name="Indirect percussion"><value>0</value></Data>
        <Data name="Flaking through pressure"><value>0</value></Data>
        <Data name="Hammer dressing"><value>0</value></Data>
        <Data name="Invasive flaking"><value>1</value></Data>
        <Data name="Ochre use"><value>0</value></Data>
        <Data name="Asphalt use"><value>0</value></Data>
        <Data name="Retouch"><value>0</value></Data>
        <Data name="Backing"><value>0</value></Data>
        <Data name="Notching"><value>0</value></Data>
        <Data name="Burination"><value>0</value></Data>
        <Data name="Tanging"><value>0</value></Data>
        <Data name="Tranchet"><value>0</value></Data>
        <Data name="Bifacial retouch"><value>1</value></Data>
        <Data name="Invasive retouch"><value>0</value></Data>
        <Data name="Pressure flaked retouch"><value>0</value></Data>
      </ExtendedData>
      <Point><coordinates>35.919402,-2.385976,0</coordinates></Point>
    </Placemark>
    <Placemark>
      <name>RHS-Mugulud Peninj</name>
      <styleUrl>#arch</styleUrl>
      <description><![CDATA[<div style="font:13px/1.45 Helvetica,Arial,sans-serif;max-width:400px"><table><tr><td style="padding:2px 10px 2px 0;vertical-align:top;white-space:nowrap"><b>Site</b></td><td style="padding:2px 0">RHS-Mugulud Peninj</td></tr><tr><td style="padding:2px 10px 2px 0;vertical-align:top;white-space:nowrap"><b>Country</b></td><td style="padding:2px 0">Tanzania</td></tr><tr><td style="padding:2px 10px 2px 0;vertical-align:top;white-space:nowrap"><b>Entry type</b></td><td style="padding:2px 0">Archaeological</td></tr><tr><td style="padding:2px 10px 2px 0;vertical-align:top;white-space:nowrap"><b>Species attribution</b></td><td style="padding:2px 0">Unattributed</td></tr><tr><td style="padding:2px 10px 2px 0;vertical-align:top;white-space:nowrap"><b>Technology (interpreted)</b></td><td style="padding:2px 0">Acheulean</td></tr><tr><td style="padding:2px 10px 2px 0;vertical-align:top;white-space:nowrap"><b>Age</b></td><td style="padding:2px 0">1,500 - 1,100 ka</td></tr><tr><td style="padding:2px 10px 2px 0;vertical-align:top;white-space:nowrap"><b>Basis for date</b></td><td style="padding:2px 0">-</td></tr><tr><td style="padding:2px 10px 2px 0;vertical-align:top;white-space:nowrap"><b>Scope of entry</b></td><td style="padding:2px 0">Whole assemblage</td></tr><tr><td style="padding:2px 10px 2px 0;vertical-align:top;white-space:nowrap"><b>Technology described</b></td><td style="padding:2px 0">Whole assemblage</td></tr><tr><td style="padding:2px 10px 2px 0;vertical-align:top;white-space:nowrap"><b>Published source</b></td><td style="padding:2px 0">Torre et al. 2008</td></tr><tr><td style="padding:2px 10px 2px 0;vertical-align:top;white-space:nowrap"><b>Techniques recorded</b></td><td style="padding:2px 0">7 of 33</td></tr></table><p style="margin:10px 0 3px"><b>Procedural units present</b></p><p style="margin:0">Platform faceting, Hard hammer percussion, Support core with hand, Core rotation, Invasive flaking, Retouch, Bifacial retouch</p></div>]]></description>
      <ExtendedData>
        <Data name="Source"><value>Torre et al. 2008</value></Data>
        <Data name="Species"><value>Unattributed</value></Data>
        <Data name="Technology"><value>Acheulean</value></Data>
        <Data name="Country"><value>Tanzania</value></Data>
        <Data name="Entry type"><value>Archaeological</value></Data>
        <Data name="KA young"><value>1100</value></Data>
        <Data name="KA old"><value>1500</value></Data>
        <Data name="Technique count"><value>7</value></Data>
        <Data name="Heat treatment"><value>0</value></Data>
        <Data name="Platform faceting"><value>1</value></Data>
        <Data name="Centripetal shaping"><value>0</value></Data>
        <Data name="Lateral shaping"><value>0</value></Data>
        <Data name="Distal shaping"><value>0</value></Data>
        <Data name="Back shaping"><value>0</value></Data>
        <Data name="Cresting"><value>0</value></Data>
        <Data name="Debordante shaping"><value>0</value></Data>
        <Data name="Overshot flaking"><value>0</value></Data>
        <Data name="Kombewa flaking"><value>0</value></Data>
        <Data name="Core tablet"><value>0</value></Data>
        <Data name="Abrasion"><value>0</value></Data>
        <Data name="Trimming platform overhang"><value>0</value></Data>
        <Data name="Hard hammer percussion"><value>1</value></Data>
        <Data name="Support core with hand"><value>1</value></Data>
        <Data name="Use of an anvil"><value>0</value></Data>
        <Data name="Core rotation"><value>1</value></Data>
        <Data name="Soft hammer percussion"><value>0</value></Data>
        <Data name="Indirect percussion"><value>0</value></Data>
        <Data name="Flaking through pressure"><value>0</value></Data>
        <Data name="Hammer dressing"><value>0</value></Data>
        <Data name="Invasive flaking"><value>1</value></Data>
        <Data name="Ochre use"><value>0</value></Data>
        <Data name="Asphalt use"><value>0</value></Data>
        <Data name="Retouch"><value>1</value></Data>
        <Data name="Backing"><value>0</value></Data>
        <Data name="Notching"><value>0</value></Data>
        <Data name="Burination"><value>0</value></Data>
        <Data name="Tanging"><value>0</value></Data>
        <Data name="Tranchet"><value>0</value></Data>
        <Data name="Bifacial retouch"><value>1</value></Data>
        <Data name="Invasive retouch"><value>0</value></Data>
        <Data name="Pressure flaked retouch"><value>0</value></Data>
      </ExtendedData>
      <Point><coordinates>35.919954,-2.263137,0</coordinates></Point>
    </Placemark>
    </Folder>
    <Folder><name>Uganda (2)</name><open>0</open>
    <Placemark>
      <name>NY 18 Nyabusosi</name>
      <styleUrl>#arch</styleUrl>
      <description><![CDATA[<div style="font:13px/1.45 Helvetica,Arial,sans-serif;max-width:400px"><table><tr><td style="padding:2px 10px 2px 0;vertical-align:top;white-space:nowrap"><b>Site</b></td><td style="padding:2px 0">NY 18 Nyabusosi</td></tr><tr><td style="padding:2px 10px 2px 0;vertical-align:top;white-space:nowrap"><b>Country</b></td><td style="padding:2px 0">Uganda</td></tr><tr><td style="padding:2px 10px 2px 0;vertical-align:top;white-space:nowrap"><b>Entry type</b></td><td style="padding:2px 0">Archaeological</td></tr><tr><td style="padding:2px 10px 2px 0;vertical-align:top;white-space:nowrap"><b>Species attribution</b></td><td style="padding:2px 0">Unattributed</td></tr><tr><td style="padding:2px 10px 2px 0;vertical-align:top;white-space:nowrap"><b>Technology (interpreted)</b></td><td style="padding:2px 0">Oldowan</td></tr><tr><td style="padding:2px 10px 2px 0;vertical-align:top;white-space:nowrap"><b>Age</b></td><td style="padding:2px 0">2,000 - 1,500 ka</td></tr><tr><td style="padding:2px 10px 2px 0;vertical-align:top;white-space:nowrap"><b>Basis for date</b></td><td style="padding:2px 0">-</td></tr><tr><td style="padding:2px 10px 2px 0;vertical-align:top;white-space:nowrap"><b>Scope of entry</b></td><td style="padding:2px 0">Single sequence</td></tr><tr><td style="padding:2px 10px 2px 0;vertical-align:top;white-space:nowrap"><b>Technology described</b></td><td style="padding:2px 0">Oldowan flake production on prepared radial cores with some evidence for debordante removals. While retouch is described in the paper it isn't clear if the prepared core flakes were retouched.</td></tr><tr><td style="padding:2px 10px 2px 0;vertical-align:top;white-space:nowrap"><b>Published source</b></td><td style="padding:2px 0">Texier 1995</td></tr><tr><td style="padding:2px 10px 2px 0;vertical-align:top;white-space:nowrap"><b>Techniques recorded</b></td><td style="padding:2px 0">7 of 33</td></tr></table><p style="margin:10px 0 3px"><b>Procedural units present</b></p><p style="margin:0">Platform faceting, Centripetal shaping, Debordante shaping, Hard hammer percussion, Support core with hand, Core rotation, Invasive flaking</p></div>]]></description>
      <ExtendedData>
        <Data name="Source"><value>Texier 1995</value></Data>
        <Data name="Species"><value>Unattributed</value></Data>
        <Data name="Technology"><value>Oldowan</value></Data>
        <Data name="Country"><value>Uganda</value></Data>
        <Data name="Entry type"><value>Archaeological</value></Data>
        <Data name="KA young"><value>1500</value></Data>
        <Data name="KA old"><value>2000</value></Data>
        <Data name="Technique count"><value>7</value></Data>
        <Data name="Heat treatment"><value>0</value></Data>
        <Data name="Platform faceting"><value>1</value></Data>
        <Data name="Centripetal shaping"><value>1</value></Data>
        <Data name="Lateral shaping"><value>0</value></Data>
        <Data name="Distal shaping"><value>0</value></Data>
        <Data name="Back shaping"><value>0</value></Data>
        <Data name="Cresting"><value>0</value></Data>
        <Data name="Debordante shaping"><value>1</value></Data>
        <Data name="Overshot flaking"><value>0</value></Data>
        <Data name="Kombewa flaking"><value>0</value></Data>
        <Data name="Core tablet"><value>0</value></Data>
        <Data name="Abrasion"><value>0</value></Data>
        <Data name="Trimming platform overhang"><value>0</value></Data>
        <Data name="Hard hammer percussion"><value>1</value></Data>
        <Data name="Support core with hand"><value>1</value></Data>
        <Data name="Use of an anvil"><value>0</value></Data>
        <Data name="Core rotation"><value>1</value></Data>
        <Data name="Soft hammer percussion"><value>0</value></Data>
        <Data name="Indirect percussion"><value>0</value></Data>
        <Data name="Flaking through pressure"><value>0</value></Data>
        <Data name="Hammer dressing"><value>0</value></Data>
        <Data name="Invasive flaking"><value>1</value></Data>
        <Data name="Ochre use"><value>0</value></Data>
        <Data name="Asphalt use"><value>0</value></Data>
        <Data name="Retouch"><value>0</value></Data>
        <Data name="Backing"><value>0</value></Data>
        <Data name="Notching"><value>0</value></Data>
        <Data name="Burination"><value>0</value></Data>
        <Data name="Tanging"><value>0</value></Data>
        <Data name="Tranchet"><value>0</value></Data>
        <Data name="Bifacial retouch"><value>0</value></Data>
        <Data name="Invasive retouch"><value>0</value></Data>
        <Data name="Pressure flaked retouch"><value>0</value></Data>
      </ExtendedData>
      <Point><coordinates>30.306666,0.920519,0</coordinates></Point>
    </Placemark>
    <Placemark>
      <name>NY 18 Nyabusosi</name>
      <styleUrl>#arch</styleUrl>
      <description><![CDATA[<div style="font:13px/1.45 Helvetica,Arial,sans-serif;max-width:400px"><table><tr><td style="padding:2px 10px 2px 0;vertical-align:top;white-space:nowrap"><b>Site</b></td><td style="padding:2px 0">NY 18 Nyabusosi</td></tr><tr><td style="padding:2px 10px 2px 0;vertical-align:top;white-space:nowrap"><b>Country</b></td><td style="padding:2px 0">Uganda</td></tr><tr><td style="padding:2px 10px 2px 0;vertical-align:top;white-space:nowrap"><b>Entry type</b></td><td style="padding:2px 0">Archaeological</td></tr><tr><td style="padding:2px 10px 2px 0;vertical-align:top;white-space:nowrap"><b>Species attribution</b></td><td style="padding:2px 0">Unattributed</td></tr><tr><td style="padding:2px 10px 2px 0;vertical-align:top;white-space:nowrap"><b>Technology (interpreted)</b></td><td style="padding:2px 0">Oldowan</td></tr><tr><td style="padding:2px 10px 2px 0;vertical-align:top;white-space:nowrap"><b>Age</b></td><td style="padding:2px 0">2,000 - 1,500 ka</td></tr><tr><td style="padding:2px 10px 2px 0;vertical-align:top;white-space:nowrap"><b>Basis for date</b></td><td style="padding:2px 0">-</td></tr><tr><td style="padding:2px 10px 2px 0;vertical-align:top;white-space:nowrap"><b>Scope of entry</b></td><td style="padding:2px 0">Whole assemblage</td></tr><tr><td style="padding:2px 10px 2px 0;vertical-align:top;white-space:nowrap"><b>Technology described</b></td><td style="padding:2px 0">Whole assemblage</td></tr><tr><td style="padding:2px 10px 2px 0;vertical-align:top;white-space:nowrap"><b>Published source</b></td><td style="padding:2px 0">Texier 1995</td></tr><tr><td style="padding:2px 10px 2px 0;vertical-align:top;white-space:nowrap"><b>Techniques recorded</b></td><td style="padding:2px 0">10 of 33</td></tr></table><p style="margin:10px 0 3px"><b>Procedural units present</b></p><p style="margin:0">Platform faceting, Centripetal shaping, Debordante shaping, Hard hammer percussion, Support core with hand, Core rotation, Invasive flaking, Retouch, Backing, Notching</p></div>]]></description>
      <ExtendedData>
        <Data name="Source"><value>Texier 1995</value></Data>
        <Data name="Species"><value>Unattributed</value></Data>
        <Data name="Technology"><value>Oldowan</value></Data>
        <Data name="Country"><value>Uganda</value></Data>
        <Data name="Entry type"><value>Archaeological</value></Data>
        <Data name="KA young"><value>1500</value></Data>
        <Data name="KA old"><value>2000</value></Data>
        <Data name="Technique count"><value>10</value></Data>
        <Data name="Heat treatment"><value>0</value></Data>
        <Data name="Platform faceting"><value>1</value></Data>
        <Data name="Centripetal shaping"><value>1</value></Data>
        <Data name="Lateral shaping"><value>0</value></Data>
        <Data name="Distal shaping"><value>0</value></Data>
        <Data name="Back shaping"><value>0</value></Data>
        <Data name="Cresting"><value>0</value></Data>
        <Data name="Debordante shaping"><value>1</value></Data>
        <Data name="Overshot flaking"><value>0</value></Data>
        <Data name="Kombewa flaking"><value>0</value></Data>
        <Data name="Core tablet"><value>0</value></Data>
        <Data name="Abrasion"><value>0</value></Data>
        <Data name="Trimming platform overhang"><value>0</value></Data>
        <Data name="Hard hammer percussion"><value>1</value></Data>
        <Data name="Support core with hand"><value>1</value></Data>
        <Data name="Use of an anvil"><value>0</value></Data>
        <Data name="Core rotation"><value>1</value></Data>
        <Data name="Soft hammer percussion"><value>0</value></Data>
        <Data name="Indirect percussion"><value>0</value></Data>
        <Data name="Flaking through pressure"><value>0</value></Data>
        <Data name="Hammer dressing"><value>0</value></Data>
        <Data name="Invasive flaking"><value>1</value></Data>
        <Data name="Ochre use"><value>0</value></Data>
        <Data name="Asphalt use"><value>0</value></Data>
        <Data name="Retouch"><value>1</value></Data>
        <Data name="Backing"><value>1</value></Data>
        <Data name="Notching"><value>1</value></Data>
        <Data name="Burination"><value>0</value></Data>
        <Data name="Tanging"><value>0</value></Data>
        <Data name="Tranchet"><value>0</value></Data>
        <Data name="Bifacial retouch"><value>0</value></Data>
        <Data name="Invasive retouch"><value>0</value></Data>
        <Data name="Pressure flaked retouch"><value>0</value></Data>
      </ExtendedData>
      <Point><coordinates>30.343459,0.964876,0</coordinates></Point>
    </Placemark>
    </Folder>
    <Folder><name>United Kingdom (2)</name><open>0</open>
    <Placemark>
      <name>Boxgrove</name>
      <styleUrl>#arch</styleUrl>
      <description><![CDATA[<div style="font:13px/1.45 Helvetica,Arial,sans-serif;max-width:400px"><table><tr><td style="padding:2px 10px 2px 0;vertical-align:top;white-space:nowrap"><b>Site</b></td><td style="padding:2px 0">Boxgrove</td></tr><tr><td style="padding:2px 10px 2px 0;vertical-align:top;white-space:nowrap"><b>Country</b></td><td style="padding:2px 0">United Kingdom</td></tr><tr><td style="padding:2px 10px 2px 0;vertical-align:top;white-space:nowrap"><b>Entry type</b></td><td style="padding:2px 0">Archaeological</td></tr><tr><td style="padding:2px 10px 2px 0;vertical-align:top;white-space:nowrap"><b>Species attribution</b></td><td style="padding:2px 0">H. heidelbergensis</td></tr><tr><td style="padding:2px 10px 2px 0;vertical-align:top;white-space:nowrap"><b>Technology (interpreted)</b></td><td style="padding:2px 0">Acheulean</td></tr><tr><td style="padding:2px 10px 2px 0;vertical-align:top;white-space:nowrap"><b>Age</b></td><td style="padding:2px 0">524 - 478 ka</td></tr><tr><td style="padding:2px 10px 2px 0;vertical-align:top;white-space:nowrap"><b>Basis for date</b></td><td style="padding:2px 0">-</td></tr><tr><td style="padding:2px 10px 2px 0;vertical-align:top;white-space:nowrap"><b>Scope of entry</b></td><td style="padding:2px 0">Single sequence</td></tr><tr><td style="padding:2px 10px 2px 0;vertical-align:top;white-space:nowrap"><b>Technology described</b></td><td style="padding:2px 0">Handaxes with tranchet sharpening knapped with hard and softhammers.Platforms are prepared through facetting but little sign of abrasion and microchipping.</td></tr><tr><td style="padding:2px 10px 2px 0;vertical-align:top;white-space:nowrap"><b>Published source</b></td><td style="padding:2px 0">Stout et al. 2014</td></tr><tr><td style="padding:2px 10px 2px 0;vertical-align:top;white-space:nowrap"><b>Techniques recorded</b></td><td style="padding:2px 0">9 of 33</td></tr></table><p style="margin:10px 0 3px"><b>Procedural units present</b></p><p style="margin:0">Platform faceting, Hard hammer percussion, Support core with hand, Core rotation, Soft hammer percussion, Invasive flaking, Tranchet, Bifacial retouch, Invasive retouch</p></div>]]></description>
      <ExtendedData>
        <Data name="Source"><value>Stout et al. 2014</value></Data>
        <Data name="Species"><value>H. heidelbergensis</value></Data>
        <Data name="Technology"><value>Acheulean</value></Data>
        <Data name="Country"><value>United Kingdom</value></Data>
        <Data name="Entry type"><value>Archaeological</value></Data>
        <Data name="KA young"><value>478</value></Data>
        <Data name="KA old"><value>524</value></Data>
        <Data name="Technique count"><value>9</value></Data>
        <Data name="Heat treatment"><value>0</value></Data>
        <Data name="Platform faceting"><value>1</value></Data>
        <Data name="Centripetal shaping"><value>0</value></Data>
        <Data name="Lateral shaping"><value>0</value></Data>
        <Data name="Distal shaping"><value>0</value></Data>
        <Data name="Back shaping"><value>0</value></Data>
        <Data name="Cresting"><value>0</value></Data>
        <Data name="Debordante shaping"><value>0</value></Data>
        <Data name="Overshot flaking"><value>0</value></Data>
        <Data name="Kombewa flaking"><value>0</value></Data>
        <Data name="Core tablet"><value>0</value></Data>
        <Data name="Abrasion"><value>0</value></Data>
        <Data name="Trimming platform overhang"><value>0</value></Data>
        <Data name="Hard hammer percussion"><value>1</value></Data>
        <Data name="Support core with hand"><value>1</value></Data>
        <Data name="Use of an anvil"><value>0</value></Data>
        <Data name="Core rotation"><value>1</value></Data>
        <Data name="Soft hammer percussion"><value>1</value></Data>
        <Data name="Indirect percussion"><value>0</value></Data>
        <Data name="Flaking through pressure"><value>0</value></Data>
        <Data name="Hammer dressing"><value>0</value></Data>
        <Data name="Invasive flaking"><value>1</value></Data>
        <Data name="Ochre use"><value>0</value></Data>
        <Data name="Asphalt use"><value>0</value></Data>
        <Data name="Retouch"><value>0</value></Data>
        <Data name="Backing"><value>0</value></Data>
        <Data name="Notching"><value>0</value></Data>
        <Data name="Burination"><value>0</value></Data>
        <Data name="Tanging"><value>0</value></Data>
        <Data name="Tranchet"><value>1</value></Data>
        <Data name="Bifacial retouch"><value>1</value></Data>
        <Data name="Invasive retouch"><value>1</value></Data>
        <Data name="Pressure flaked retouch"><value>0</value></Data>
      </ExtendedData>
      <Point><coordinates>-0.679600,50.902632,0</coordinates></Point>
    </Placemark>
    <Placemark>
      <name>Starr Carr</name>
      <styleUrl>#arch</styleUrl>
      <description><![CDATA[<div style="font:13px/1.45 Helvetica,Arial,sans-serif;max-width:400px"><table><tr><td style="padding:2px 10px 2px 0;vertical-align:top;white-space:nowrap"><b>Site</b></td><td style="padding:2px 0">Starr Carr</td></tr><tr><td style="padding:2px 10px 2px 0;vertical-align:top;white-space:nowrap"><b>Country</b></td><td style="padding:2px 0">United Kingdom</td></tr><tr><td style="padding:2px 10px 2px 0;vertical-align:top;white-space:nowrap"><b>Entry type</b></td><td style="padding:2px 0">Archaeological</td></tr><tr><td style="padding:2px 10px 2px 0;vertical-align:top;white-space:nowrap"><b>Species attribution</b></td><td style="padding:2px 0">H. sapiens</td></tr><tr><td style="padding:2px 10px 2px 0;vertical-align:top;white-space:nowrap"><b>Technology (interpreted)</b></td><td style="padding:2px 0">Other</td></tr><tr><td style="padding:2px 10px 2px 0;vertical-align:top;white-space:nowrap"><b>Age</b></td><td style="padding:2px 0">11 - 10 ka</td></tr><tr><td style="padding:2px 10px 2px 0;vertical-align:top;white-space:nowrap"><b>Basis for date</b></td><td style="padding:2px 0">-</td></tr><tr><td style="padding:2px 10px 2px 0;vertical-align:top;white-space:nowrap"><b>Scope of entry</b></td><td style="padding:2px 0">Single sequence</td></tr><tr><td style="padding:2px 10px 2px 0;vertical-align:top;white-space:nowrap"><b>Technology described</b></td><td style="padding:2px 0">backed and burinated bladelets from bladelet cores rejuvinated through debordante</td></tr><tr><td style="padding:2px 10px 2px 0;vertical-align:top;white-space:nowrap"><b>Published source</b></td><td style="padding:2px 0">Clark 1971</td></tr><tr><td style="padding:2px 10px 2px 0;vertical-align:top;white-space:nowrap"><b>Techniques recorded</b></td><td style="padding:2px 0">12 of 33</td></tr></table><p style="margin:10px 0 3px"><b>Procedural units present</b></p><p style="margin:0">Debordante shaping, Core tablet, Abrasion, Trimming platform overhang, Hard hammer percussion, Support core with hand, Core rotation, Invasive flaking, Retouch, Backing, Burination, Tanging</p></div>]]></description>
      <ExtendedData>
        <Data name="Source"><value>Clark 1971</value></Data>
        <Data name="Species"><value>H. sapiens</value></Data>
        <Data name="Technology"><value>Other</value></Data>
        <Data name="Country"><value>United Kingdom</value></Data>
        <Data name="Entry type"><value>Archaeological</value></Data>
        <Data name="KA young"><value>10.4</value></Data>
        <Data name="KA old"><value>10.7</value></Data>
        <Data name="Technique count"><value>12</value></Data>
        <Data name="Heat treatment"><value>0</value></Data>
        <Data name="Platform faceting"><value>0</value></Data>
        <Data name="Centripetal shaping"><value>0</value></Data>
        <Data name="Lateral shaping"><value>0</value></Data>
        <Data name="Distal shaping"><value>0</value></Data>
        <Data name="Back shaping"><value>0</value></Data>
        <Data name="Cresting"><value>0</value></Data>
        <Data name="Debordante shaping"><value>1</value></Data>
        <Data name="Overshot flaking"><value>0</value></Data>
        <Data name="Kombewa flaking"><value>0</value></Data>
        <Data name="Core tablet"><value>1</value></Data>
        <Data name="Abrasion"><value>1</value></Data>
        <Data name="Trimming platform overhang"><value>1</value></Data>
        <Data name="Hard hammer percussion"><value>1</value></Data>
        <Data name="Support core with hand"><value>1</value></Data>
        <Data name="Use of an anvil"><value>0</value></Data>
        <Data name="Core rotation"><value>1</value></Data>
        <Data name="Soft hammer percussion"><value>0</value></Data>
        <Data name="Indirect percussion"><value>0</value></Data>
        <Data name="Flaking through pressure"><value>0</value></Data>
        <Data name="Hammer dressing"><value>0</value></Data>
        <Data name="Invasive flaking"><value>1</value></Data>
        <Data name="Ochre use"><value>0</value></Data>
        <Data name="Asphalt use"><value>0</value></Data>
        <Data name="Retouch"><value>1</value></Data>
        <Data name="Backing"><value>1</value></Data>
        <Data name="Notching"><value>0</value></Data>
        <Data name="Burination"><value>1</value></Data>
        <Data name="Tanging"><value>1</value></Data>
        <Data name="Tranchet"><value>0</value></Data>
        <Data name="Bifacial retouch"><value>0</value></Data>
        <Data name="Invasive retouch"><value>0</value></Data>
        <Data name="Pressure flaked retouch"><value>0</value></Data>
      </ExtendedData>
      <Point><coordinates>-0.406907,54.174057,0</coordinates></Point>
    </Placemark>
    </Folder>
    <Folder><name>United States of America (33)</name><open>0</open>
    <Placemark>
      <name>5LP110 and 111</name>
      <styleUrl>#arch</styleUrl>
      <description><![CDATA[<div style="font:13px/1.45 Helvetica,Arial,sans-serif;max-width:400px"><table><tr><td style="padding:2px 10px 2px 0;vertical-align:top;white-space:nowrap"><b>Site</b></td><td style="padding:2px 0">5LP110 and 111</td></tr><tr><td style="padding:2px 10px 2px 0;vertical-align:top;white-space:nowrap"><b>Country</b></td><td style="padding:2px 0">United States of America</td></tr><tr><td style="padding:2px 10px 2px 0;vertical-align:top;white-space:nowrap"><b>Entry type</b></td><td style="padding:2px 0">Archaeological</td></tr><tr><td style="padding:2px 10px 2px 0;vertical-align:top;white-space:nowrap"><b>Species attribution</b></td><td style="padding:2px 0">H. sapiens</td></tr><tr><td style="padding:2px 10px 2px 0;vertical-align:top;white-space:nowrap"><b>Technology (interpreted)</b></td><td style="padding:2px 0">Other</td></tr><tr><td style="padding:2px 10px 2px 0;vertical-align:top;white-space:nowrap"><b>Age</b></td><td style="padding:2px 0">1.2 - 1.17 ka</td></tr><tr><td style="padding:2px 10px 2px 0;vertical-align:top;white-space:nowrap"><b>Basis for date</b></td><td style="padding:2px 0">Gooding 1980</td></tr><tr><td style="padding:2px 10px 2px 0;vertical-align:top;white-space:nowrap"><b>Scope of entry</b></td><td style="padding:2px 0">Whole assemblage</td></tr><tr><td style="padding:2px 10px 2px 0;vertical-align:top;white-space:nowrap"><b>Technology described</b></td><td style="padding:2px 0">Whole assemblage</td></tr><tr><td style="padding:2px 10px 2px 0;vertical-align:top;white-space:nowrap"><b>Published source</b></td><td style="padding:2px 0">Love-dePeyer 1980</td></tr><tr><td style="padding:2px 10px 2px 0;vertical-align:top;white-space:nowrap"><b>Techniques recorded</b></td><td style="padding:2px 0">13 of 33</td></tr></table><p style="margin:10px 0 3px"><b>Procedural units present</b></p><p style="margin:0">Platform faceting, Abrasion, Hard hammer percussion, Support core with hand, Core rotation, Hammer dressing, Retouch, Backing, Notching, Tanging, Bifacial retouch, Invasive retouch, Pressure flaked retouch</p></div>]]></description>
      <ExtendedData>
        <Data name="Source"><value>Love-dePeyer 1980</value></Data>
        <Data name="Species"><value>H. sapiens</value></Data>
        <Data name="Technology"><value>Other</value></Data>
        <Data name="Country"><value>United States of America</value></Data>
        <Data name="Entry type"><value>Archaeological</value></Data>
        <Data name="KA young"><value>1.17</value></Data>
        <Data name="KA old"><value>1.2</value></Data>
        <Data name="Technique count"><value>13</value></Data>
        <Data name="Heat treatment"><value>0</value></Data>
        <Data name="Platform faceting"><value>1</value></Data>
        <Data name="Centripetal shaping"><value>0</value></Data>
        <Data name="Lateral shaping"><value>0</value></Data>
        <Data name="Distal shaping"><value>0</value></Data>
        <Data name="Back shaping"><value>0</value></Data>
        <Data name="Cresting"><value>0</value></Data>
        <Data name="Debordante shaping"><value>0</value></Data>
        <Data name="Overshot flaking"><value>0</value></Data>
        <Data name="Kombewa flaking"><value>0</value></Data>
        <Data name="Core tablet"><value>0</value></Data>
        <Data name="Abrasion"><value>1</value></Data>
        <Data name="Trimming platform overhang"><value>0</value></Data>
        <Data name="Hard hammer percussion"><value>1</value></Data>
        <Data name="Support core with hand"><value>1</value></Data>
        <Data name="Use of an anvil"><value>0</value></Data>
        <Data name="Core rotation"><value>1</value></Data>
        <Data name="Soft hammer percussion"><value>0</value></Data>
        <Data name="Indirect percussion"><value>0</value></Data>
        <Data name="Flaking through pressure"><value>0</value></Data>
        <Data name="Hammer dressing"><value>1</value></Data>
        <Data name="Invasive flaking"><value>0</value></Data>
        <Data name="Ochre use"><value>0</value></Data>
        <Data name="Asphalt use"><value>0</value></Data>
        <Data name="Retouch"><value>1</value></Data>
        <Data name="Backing"><value>1</value></Data>
        <Data name="Notching"><value>1</value></Data>
        <Data name="Burination"><value>0</value></Data>
        <Data name="Tanging"><value>1</value></Data>
        <Data name="Tranchet"><value>0</value></Data>
        <Data name="Bifacial retouch"><value>1</value></Data>
        <Data name="Invasive retouch"><value>1</value></Data>
        <Data name="Pressure flaked retouch"><value>1</value></Data>
      </ExtendedData>
      <Point><coordinates>-107.866594,37.296647,0</coordinates></Point>
    </Placemark>
    <Placemark>
      <name>AZ BB:11:26</name>
      <styleUrl>#arch</styleUrl>
      <description><![CDATA[<div style="font:13px/1.45 Helvetica,Arial,sans-serif;max-width:400px"><table><tr><td style="padding:2px 10px 2px 0;vertical-align:top;white-space:nowrap"><b>Site</b></td><td style="padding:2px 0">AZ BB:11:26</td></tr><tr><td style="padding:2px 10px 2px 0;vertical-align:top;white-space:nowrap"><b>Country</b></td><td style="padding:2px 0">United States of America</td></tr><tr><td style="padding:2px 10px 2px 0;vertical-align:top;white-space:nowrap"><b>Entry type</b></td><td style="padding:2px 0">Archaeological</td></tr><tr><td style="padding:2px 10px 2px 0;vertical-align:top;white-space:nowrap"><b>Species attribution</b></td><td style="padding:2px 0">H. sapiens</td></tr><tr><td style="padding:2px 10px 2px 0;vertical-align:top;white-space:nowrap"><b>Technology (interpreted)</b></td><td style="padding:2px 0">Other</td></tr><tr><td style="padding:2px 10px 2px 0;vertical-align:top;white-space:nowrap"><b>Age</b></td><td style="padding:2px 0">0.7 - 0.57 ka</td></tr><tr><td style="padding:2px 10px 2px 0;vertical-align:top;white-space:nowrap"><b>Basis for date</b></td><td style="padding:2px 0">Clark and Lyons 2012</td></tr><tr><td style="padding:2px 10px 2px 0;vertical-align:top;white-space:nowrap"><b>Scope of entry</b></td><td style="padding:2px 0">Whole assemblage</td></tr><tr><td style="padding:2px 10px 2px 0;vertical-align:top;white-space:nowrap"><b>Technology described</b></td><td style="padding:2px 0">Whole assemblage</td></tr><tr><td style="padding:2px 10px 2px 0;vertical-align:top;white-space:nowrap"><b>Published source</b></td><td style="padding:2px 0">Paige 2022</td></tr><tr><td style="padding:2px 10px 2px 0;vertical-align:top;white-space:nowrap"><b>Techniques recorded</b></td><td style="padding:2px 0">15 of 33</td></tr></table><p style="margin:10px 0 3px"><b>Procedural units present</b></p><p style="margin:0">Abrasion, Trimming platform overhang, Hard hammer percussion, Support core with hand, Use of an anvil, Core rotation, Soft hammer percussion, Hammer dressing, Retouch, Backing, Burination, Tanging, Bifacial retouch, Invasive retouch, Pressure flaked retouch</p></div>]]></description>
      <ExtendedData>
        <Data name="Source"><value>Paige 2022</value></Data>
        <Data name="Species"><value>H. sapiens</value></Data>
        <Data name="Technology"><value>Other</value></Data>
        <Data name="Country"><value>United States of America</value></Data>
        <Data name="Entry type"><value>Archaeological</value></Data>
        <Data name="KA young"><value>0.57</value></Data>
        <Data name="KA old"><value>0.7</value></Data>
        <Data name="Technique count"><value>15</value></Data>
        <Data name="Heat treatment"><value>0</value></Data>
        <Data name="Platform faceting"><value>0</value></Data>
        <Data name="Centripetal shaping"><value>0</value></Data>
        <Data name="Lateral shaping"><value>0</value></Data>
        <Data name="Distal shaping"><value>0</value></Data>
        <Data name="Back shaping"><value>0</value></Data>
        <Data name="Cresting"><value>0</value></Data>
        <Data name="Debordante shaping"><value>0</value></Data>
        <Data name="Overshot flaking"><value>0</value></Data>
        <Data name="Kombewa flaking"><value>0</value></Data>
        <Data name="Core tablet"><value>0</value></Data>
        <Data name="Abrasion"><value>1</value></Data>
        <Data name="Trimming platform overhang"><value>1</value></Data>
        <Data name="Hard hammer percussion"><value>1</value></Data>
        <Data name="Support core with hand"><value>1</value></Data>
        <Data name="Use of an anvil"><value>1</value></Data>
        <Data name="Core rotation"><value>1</value></Data>
        <Data name="Soft hammer percussion"><value>1</value></Data>
        <Data name="Indirect percussion"><value>0</value></Data>
        <Data name="Flaking through pressure"><value>0</value></Data>
        <Data name="Hammer dressing"><value>1</value></Data>
        <Data name="Invasive flaking"><value>0</value></Data>
        <Data name="Ochre use"><value>0</value></Data>
        <Data name="Asphalt use"><value>0</value></Data>
        <Data name="Retouch"><value>1</value></Data>
        <Data name="Backing"><value>1</value></Data>
        <Data name="Notching"><value>0</value></Data>
        <Data name="Burination"><value>1</value></Data>
        <Data name="Tanging"><value>1</value></Data>
        <Data name="Tranchet"><value>0</value></Data>
        <Data name="Bifacial retouch"><value>1</value></Data>
        <Data name="Invasive retouch"><value>1</value></Data>
        <Data name="Pressure flaked retouch"><value>1</value></Data>
      </ExtendedData>
      <Point><coordinates>-110.437827,32.444579,0</coordinates></Point>
    </Placemark>
    <Placemark>
      <name>AZ BB:11:36</name>
      <styleUrl>#arch</styleUrl>
      <description><![CDATA[<div style="font:13px/1.45 Helvetica,Arial,sans-serif;max-width:400px"><table><tr><td style="padding:2px 10px 2px 0;vertical-align:top;white-space:nowrap"><b>Site</b></td><td style="padding:2px 0">AZ BB:11:36</td></tr><tr><td style="padding:2px 10px 2px 0;vertical-align:top;white-space:nowrap"><b>Country</b></td><td style="padding:2px 0">United States of America</td></tr><tr><td style="padding:2px 10px 2px 0;vertical-align:top;white-space:nowrap"><b>Entry type</b></td><td style="padding:2px 0">Archaeological</td></tr><tr><td style="padding:2px 10px 2px 0;vertical-align:top;white-space:nowrap"><b>Species attribution</b></td><td style="padding:2px 0">H. sapiens</td></tr><tr><td style="padding:2px 10px 2px 0;vertical-align:top;white-space:nowrap"><b>Technology (interpreted)</b></td><td style="padding:2px 0">Other</td></tr><tr><td style="padding:2px 10px 2px 0;vertical-align:top;white-space:nowrap"><b>Age</b></td><td style="padding:2px 0">0.7 - 0.57 ka</td></tr><tr><td style="padding:2px 10px 2px 0;vertical-align:top;white-space:nowrap"><b>Basis for date</b></td><td style="padding:2px 0">Clark and Lyons 2012</td></tr><tr><td style="padding:2px 10px 2px 0;vertical-align:top;white-space:nowrap"><b>Scope of entry</b></td><td style="padding:2px 0">Whole assemblage</td></tr><tr><td style="padding:2px 10px 2px 0;vertical-align:top;white-space:nowrap"><b>Technology described</b></td><td style="padding:2px 0">Whole assemblage</td></tr><tr><td style="padding:2px 10px 2px 0;vertical-align:top;white-space:nowrap"><b>Published source</b></td><td style="padding:2px 0">Paige 2022</td></tr><tr><td style="padding:2px 10px 2px 0;vertical-align:top;white-space:nowrap"><b>Techniques recorded</b></td><td style="padding:2px 0">10 of 33</td></tr></table><p style="margin:10px 0 3px"><b>Procedural units present</b></p><p style="margin:0">Hard hammer percussion, Support core with hand, Use of an anvil, Core rotation, Hammer dressing, Retouch, Tanging, Bifacial retouch, Invasive retouch, Pressure flaked retouch</p></div>]]></description>
      <ExtendedData>
        <Data name="Source"><value>Paige 2022</value></Data>
        <Data name="Species"><value>H. sapiens</value></Data>
        <Data name="Technology"><value>Other</value></Data>
        <Data name="Country"><value>United States of America</value></Data>
        <Data name="Entry type"><value>Archaeological</value></Data>
        <Data name="KA young"><value>0.57</value></Data>
        <Data name="KA old"><value>0.7</value></Data>
        <Data name="Technique count"><value>10</value></Data>
        <Data name="Heat treatment"><value>0</value></Data>
        <Data name="Platform faceting"><value>0</value></Data>
        <Data name="Centripetal shaping"><value>0</value></Data>
        <Data name="Lateral shaping"><value>0</value></Data>
        <Data name="Distal shaping"><value>0</value></Data>
        <Data name="Back shaping"><value>0</value></Data>
        <Data name="Cresting"><value>0</value></Data>
        <Data name="Debordante shaping"><value>0</value></Data>
        <Data name="Overshot flaking"><value>0</value></Data>
        <Data name="Kombewa flaking"><value>0</value></Data>
        <Data name="Core tablet"><value>0</value></Data>
        <Data name="Abrasion"><value>0</value></Data>
        <Data name="Trimming platform overhang"><value>0</value></Data>
        <Data name="Hard hammer percussion"><value>1</value></Data>
        <Data name="Support core with hand"><value>1</value></Data>
        <Data name="Use of an anvil"><value>1</value></Data>
        <Data name="Core rotation"><value>1</value></Data>
        <Data name="Soft hammer percussion"><value>0</value></Data>
        <Data name="Indirect percussion"><value>0</value></Data>
        <Data name="Flaking through pressure"><value>0</value></Data>
        <Data name="Hammer dressing"><value>1</value></Data>
        <Data name="Invasive flaking"><value>0</value></Data>
        <Data name="Ochre use"><value>0</value></Data>
        <Data name="Asphalt use"><value>0</value></Data>
        <Data name="Retouch"><value>1</value></Data>
        <Data name="Backing"><value>0</value></Data>
        <Data name="Notching"><value>0</value></Data>
        <Data name="Burination"><value>0</value></Data>
        <Data name="Tanging"><value>1</value></Data>
        <Data name="Tranchet"><value>0</value></Data>
        <Data name="Bifacial retouch"><value>1</value></Data>
        <Data name="Invasive retouch"><value>1</value></Data>
        <Data name="Pressure flaked retouch"><value>1</value></Data>
      </ExtendedData>
      <Point><coordinates>-110.454195,32.419791,0</coordinates></Point>
    </Placemark>
    <Placemark>
      <name>AZ BB:2:19</name>
      <styleUrl>#arch</styleUrl>
      <description><![CDATA[<div style="font:13px/1.45 Helvetica,Arial,sans-serif;max-width:400px"><table><tr><td style="padding:2px 10px 2px 0;vertical-align:top;white-space:nowrap"><b>Site</b></td><td style="padding:2px 0">AZ BB:2:19</td></tr><tr><td style="padding:2px 10px 2px 0;vertical-align:top;white-space:nowrap"><b>Country</b></td><td style="padding:2px 0">United States of America</td></tr><tr><td style="padding:2px 10px 2px 0;vertical-align:top;white-space:nowrap"><b>Entry type</b></td><td style="padding:2px 0">Archaeological</td></tr><tr><td style="padding:2px 10px 2px 0;vertical-align:top;white-space:nowrap"><b>Species attribution</b></td><td style="padding:2px 0">H. sapiens</td></tr><tr><td style="padding:2px 10px 2px 0;vertical-align:top;white-space:nowrap"><b>Technology (interpreted)</b></td><td style="padding:2px 0">Other</td></tr><tr><td style="padding:2px 10px 2px 0;vertical-align:top;white-space:nowrap"><b>Age</b></td><td style="padding:2px 0">0.7 - 0.5 ka</td></tr><tr><td style="padding:2px 10px 2px 0;vertical-align:top;white-space:nowrap"><b>Basis for date</b></td><td style="padding:2px 0">Clark and Lyons 2012</td></tr><tr><td style="padding:2px 10px 2px 0;vertical-align:top;white-space:nowrap"><b>Scope of entry</b></td><td style="padding:2px 0">Whole assemblage</td></tr><tr><td style="padding:2px 10px 2px 0;vertical-align:top;white-space:nowrap"><b>Technology described</b></td><td style="padding:2px 0">Whole assemblage</td></tr><tr><td style="padding:2px 10px 2px 0;vertical-align:top;white-space:nowrap"><b>Published source</b></td><td style="padding:2px 0">Paige 2022</td></tr><tr><td style="padding:2px 10px 2px 0;vertical-align:top;white-space:nowrap"><b>Techniques recorded</b></td><td style="padding:2px 0">13 of 33</td></tr></table><p style="margin:10px 0 3px"><b>Procedural units present</b></p><p style="margin:0">Trimming platform overhang, Hard hammer percussion, Support core with hand, Use of an anvil, Core rotation, Soft hammer percussion, Hammer dressing, Retouch, Backing, Tanging, Bifacial retouch, Invasive retouch, Pressure flaked retouch</p></div>]]></description>
      <ExtendedData>
        <Data name="Source"><value>Paige 2022</value></Data>
        <Data name="Species"><value>H. sapiens</value></Data>
        <Data name="Technology"><value>Other</value></Data>
        <Data name="Country"><value>United States of America</value></Data>
        <Data name="Entry type"><value>Archaeological</value></Data>
        <Data name="KA young"><value>0.5</value></Data>
        <Data name="KA old"><value>0.7</value></Data>
        <Data name="Technique count"><value>13</value></Data>
        <Data name="Heat treatment"><value>0</value></Data>
        <Data name="Platform faceting"><value>0</value></Data>
        <Data name="Centripetal shaping"><value>0</value></Data>
        <Data name="Lateral shaping"><value>0</value></Data>
        <Data name="Distal shaping"><value>0</value></Data>
        <Data name="Back shaping"><value>0</value></Data>
        <Data name="Cresting"><value>0</value></Data>
        <Data name="Debordante shaping"><value>0</value></Data>
        <Data name="Overshot flaking"><value>0</value></Data>
        <Data name="Kombewa flaking"><value>0</value></Data>
        <Data name="Core tablet"><value>0</value></Data>
        <Data name="Abrasion"><value>0</value></Data>
        <Data name="Trimming platform overhang"><value>1</value></Data>
        <Data name="Hard hammer percussion"><value>1</value></Data>
        <Data name="Support core with hand"><value>1</value></Data>
        <Data name="Use of an anvil"><value>1</value></Data>
        <Data name="Core rotation"><value>1</value></Data>
        <Data name="Soft hammer percussion"><value>1</value></Data>
        <Data name="Indirect percussion"><value>0</value></Data>
        <Data name="Flaking through pressure"><value>0</value></Data>
        <Data name="Hammer dressing"><value>1</value></Data>
        <Data name="Invasive flaking"><value>0</value></Data>
        <Data name="Ochre use"><value>0</value></Data>
        <Data name="Asphalt use"><value>0</value></Data>
        <Data name="Retouch"><value>1</value></Data>
        <Data name="Backing"><value>1</value></Data>
        <Data name="Notching"><value>0</value></Data>
        <Data name="Burination"><value>0</value></Data>
        <Data name="Tanging"><value>1</value></Data>
        <Data name="Tranchet"><value>0</value></Data>
        <Data name="Bifacial retouch"><value>1</value></Data>
        <Data name="Invasive retouch"><value>1</value></Data>
        <Data name="Pressure flaked retouch"><value>1</value></Data>
      </ExtendedData>
      <Point><coordinates>-110.747183,32.844459,0</coordinates></Point>
    </Placemark>
    <Placemark>
      <name>Amakomanak</name>
      <styleUrl>#arch</styleUrl>
      <description><![CDATA[<div style="font:13px/1.45 Helvetica,Arial,sans-serif;max-width:400px"><table><tr><td style="padding:2px 10px 2px 0;vertical-align:top;white-space:nowrap"><b>Site</b></td><td style="padding:2px 0">Amakomanak</td></tr><tr><td style="padding:2px 10px 2px 0;vertical-align:top;white-space:nowrap"><b>Country</b></td><td style="padding:2px 0">United States of America</td></tr><tr><td style="padding:2px 10px 2px 0;vertical-align:top;white-space:nowrap"><b>Entry type</b></td><td style="padding:2px 0">Archaeological</td></tr><tr><td style="padding:2px 10px 2px 0;vertical-align:top;white-space:nowrap"><b>Species attribution</b></td><td style="padding:2px 0">H. sapiens</td></tr><tr><td style="padding:2px 10px 2px 0;vertical-align:top;white-space:nowrap"><b>Technology (interpreted)</b></td><td style="padding:2px 0">Other</td></tr><tr><td style="padding:2px 10px 2px 0;vertical-align:top;white-space:nowrap"><b>Age</b></td><td style="padding:2px 0">9.6 - 9.4 ka</td></tr><tr><td style="padding:2px 10px 2px 0;vertical-align:top;white-space:nowrap"><b>Basis for date</b></td><td style="padding:2px 0">-</td></tr><tr><td style="padding:2px 10px 2px 0;vertical-align:top;white-space:nowrap"><b>Scope of entry</b></td><td style="padding:2px 0">Single sequence</td></tr><tr><td style="padding:2px 10px 2px 0;vertical-align:top;white-space:nowrap"><b>Technology described</b></td><td style="padding:2px 0">Microblade manufacture. inferred from description in text and based on figure 4. microblade core number 21976.</td></tr><tr><td style="padding:2px 10px 2px 0;vertical-align:top;white-space:nowrap"><b>Published source</b></td><td style="padding:2px 0">Coutouly 2017</td></tr><tr><td style="padding:2px 10px 2px 0;vertical-align:top;white-space:nowrap"><b>Techniques recorded</b></td><td style="padding:2px 0">13 of 33</td></tr></table><p style="margin:10px 0 3px"><b>Procedural units present</b></p><p style="margin:0">Platform faceting, Distal shaping, Back shaping, Cresting, Debordante shaping, Core tablet, Abrasion, Trimming platform overhang, Hard hammer percussion, Support core with hand, Core rotation, Flaking through pressure, Invasive flaking</p></div>]]></description>
      <ExtendedData>
        <Data name="Source"><value>Coutouly 2017</value></Data>
        <Data name="Species"><value>H. sapiens</value></Data>
        <Data name="Technology"><value>Other</value></Data>
        <Data name="Country"><value>United States of America</value></Data>
        <Data name="Entry type"><value>Archaeological</value></Data>
        <Data name="KA young"><value>9.4</value></Data>
        <Data name="KA old"><value>9.6</value></Data>
        <Data name="Technique count"><value>13</value></Data>
        <Data name="Heat treatment"><value>0</value></Data>
        <Data name="Platform faceting"><value>1</value></Data>
        <Data name="Centripetal shaping"><value>0</value></Data>
        <Data name="Lateral shaping"><value>0</value></Data>
        <Data name="Distal shaping"><value>1</value></Data>
        <Data name="Back shaping"><value>1</value></Data>
        <Data name="Cresting"><value>1</value></Data>
        <Data name="Debordante shaping"><value>1</value></Data>
        <Data name="Overshot flaking"><value>0</value></Data>
        <Data name="Kombewa flaking"><value>0</value></Data>
        <Data name="Core tablet"><value>1</value></Data>
        <Data name="Abrasion"><value>1</value></Data>
        <Data name="Trimming platform overhang"><value>1</value></Data>
        <Data name="Hard hammer percussion"><value>1</value></Data>
        <Data name="Support core with hand"><value>1</value></Data>
        <Data name="Use of an anvil"><value>0</value></Data>
        <Data name="Core rotation"><value>1</value></Data>
        <Data name="Soft hammer percussion"><value>0</value></Data>
        <Data name="Indirect percussion"><value>0</value></Data>
        <Data name="Flaking through pressure"><value>1</value></Data>
        <Data name="Hammer dressing"><value>0</value></Data>
        <Data name="Invasive flaking"><value>1</value></Data>
        <Data name="Ochre use"><value>0</value></Data>
        <Data name="Asphalt use"><value>0</value></Data>
        <Data name="Retouch"><value>0</value></Data>
        <Data name="Backing"><value>0</value></Data>
        <Data name="Notching"><value>0</value></Data>
        <Data name="Burination"><value>0</value></Data>
        <Data name="Tanging"><value>0</value></Data>
        <Data name="Tranchet"><value>0</value></Data>
        <Data name="Bifacial retouch"><value>0</value></Data>
        <Data name="Invasive retouch"><value>0</value></Data>
        <Data name="Pressure flaked retouch"><value>0</value></Data>
      </ExtendedData>
      <Point><coordinates>-156.757940,66.951504,0</coordinates></Point>
    </Placemark>
    <Placemark>
      <name>Andrus Canyon</name>
      <styleUrl>#arch</styleUrl>
      <description><![CDATA[<div style="font:13px/1.45 Helvetica,Arial,sans-serif;max-width:400px"><table><tr><td style="padding:2px 10px 2px 0;vertical-align:top;white-space:nowrap"><b>Site</b></td><td style="padding:2px 0">Andrus Canyon</td></tr><tr><td style="padding:2px 10px 2px 0;vertical-align:top;white-space:nowrap"><b>Country</b></td><td style="padding:2px 0">United States of America</td></tr><tr><td style="padding:2px 10px 2px 0;vertical-align:top;white-space:nowrap"><b>Entry type</b></td><td style="padding:2px 0">Archaeological</td></tr><tr><td style="padding:2px 10px 2px 0;vertical-align:top;white-space:nowrap"><b>Species attribution</b></td><td style="padding:2px 0">H. sapiens</td></tr><tr><td style="padding:2px 10px 2px 0;vertical-align:top;white-space:nowrap"><b>Technology (interpreted)</b></td><td style="padding:2px 0">Other</td></tr><tr><td style="padding:2px 10px 2px 0;vertical-align:top;white-space:nowrap"><b>Age</b></td><td style="padding:2px 0">0.95 - 0.8 ka</td></tr><tr><td style="padding:2px 10px 2px 0;vertical-align:top;white-space:nowrap"><b>Basis for date</b></td><td style="padding:2px 0">-</td></tr><tr><td style="padding:2px 10px 2px 0;vertical-align:top;white-space:nowrap"><b>Scope of entry</b></td><td style="padding:2px 0">Whole assemblage</td></tr><tr><td style="padding:2px 10px 2px 0;vertical-align:top;white-space:nowrap"><b>Technology described</b></td><td style="padding:2px 0">Whole assemblage</td></tr><tr><td style="padding:2px 10px 2px 0;vertical-align:top;white-space:nowrap"><b>Published source</b></td><td style="padding:2px 0">Wambach 2014</td></tr><tr><td style="padding:2px 10px 2px 0;vertical-align:top;white-space:nowrap"><b>Techniques recorded</b></td><td style="padding:2px 0">14 of 33</td></tr></table><p style="margin:10px 0 3px"><b>Procedural units present</b></p><p style="margin:0">Heat treatment, Abrasion, Hard hammer percussion, Support core with hand, Core rotation, Soft hammer percussion, Hammer dressing, Retouch, Backing, Notching, Tanging, Bifacial retouch, Invasive retouch, Pressure flaked retouch</p></div>]]></description>
      <ExtendedData>
        <Data name="Source"><value>Wambach 2014</value></Data>
        <Data name="Species"><value>H. sapiens</value></Data>
        <Data name="Technology"><value>Other</value></Data>
        <Data name="Country"><value>United States of America</value></Data>
        <Data name="Entry type"><value>Archaeological</value></Data>
        <Data name="KA young"><value>0.8</value></Data>
        <Data name="KA old"><value>0.95</value></Data>
        <Data name="Technique count"><value>14</value></Data>
        <Data name="Heat treatment"><value>1</value></Data>
        <Data name="Platform faceting"><value>0</value></Data>
        <Data name="Centripetal shaping"><value>0</value></Data>
        <Data name="Lateral shaping"><value>0</value></Data>
        <Data name="Distal shaping"><value>0</value></Data>
        <Data name="Back shaping"><value>0</value></Data>
        <Data name="Cresting"><value>0</value></Data>
        <Data name="Debordante shaping"><value>0</value></Data>
        <Data name="Overshot flaking"><value>0</value></Data>
        <Data name="Kombewa flaking"><value>0</value></Data>
        <Data name="Core tablet"><value>0</value></Data>
        <Data name="Abrasion"><value>1</value></Data>
        <Data name="Trimming platform overhang"><value>0</value></Data>
        <Data name="Hard hammer percussion"><value>1</value></Data>
        <Data name="Support core with hand"><value>1</value></Data>
        <Data name="Use of an anvil"><value>0</value></Data>
        <Data name="Core rotation"><value>1</value></Data>
        <Data name="Soft hammer percussion"><value>1</value></Data>
        <Data name="Indirect percussion"><value>0</value></Data>
        <Data name="Flaking through pressure"><value>0</value></Data>
        <Data name="Hammer dressing"><value>1</value></Data>
        <Data name="Invasive flaking"><value>0</value></Data>
        <Data name="Ochre use"><value>0</value></Data>
        <Data name="Asphalt use"><value>0</value></Data>
        <Data name="Retouch"><value>1</value></Data>
        <Data name="Backing"><value>1</value></Data>
        <Data name="Notching"><value>1</value></Data>
        <Data name="Burination"><value>0</value></Data>
        <Data name="Tanging"><value>1</value></Data>
        <Data name="Tranchet"><value>0</value></Data>
        <Data name="Bifacial retouch"><value>1</value></Data>
        <Data name="Invasive retouch"><value>1</value></Data>
        <Data name="Pressure flaked retouch"><value>1</value></Data>
      </ExtendedData>
      <Point><coordinates>-113.263393,36.040185,0</coordinates></Point>
    </Placemark>
    <Placemark>
      <name>China Harbor</name>
      <styleUrl>#arch</styleUrl>
      <description><![CDATA[<div style="font:13px/1.45 Helvetica,Arial,sans-serif;max-width:400px"><table><tr><td style="padding:2px 10px 2px 0;vertical-align:top;white-space:nowrap"><b>Site</b></td><td style="padding:2px 0">China Harbor</td></tr><tr><td style="padding:2px 10px 2px 0;vertical-align:top;white-space:nowrap"><b>Country</b></td><td style="padding:2px 0">United States of America (nearest, approx.)</td></tr><tr><td style="padding:2px 10px 2px 0;vertical-align:top;white-space:nowrap"><b>Entry type</b></td><td style="padding:2px 0">Archaeological</td></tr><tr><td style="padding:2px 10px 2px 0;vertical-align:top;white-space:nowrap"><b>Species attribution</b></td><td style="padding:2px 0">H. sapiens</td></tr><tr><td style="padding:2px 10px 2px 0;vertical-align:top;white-space:nowrap"><b>Technology (interpreted)</b></td><td style="padding:2px 0">Other</td></tr><tr><td style="padding:2px 10px 2px 0;vertical-align:top;white-space:nowrap"><b>Age</b></td><td style="padding:2px 0">0.8 - 0.1 ka</td></tr><tr><td style="padding:2px 10px 2px 0;vertical-align:top;white-space:nowrap"><b>Basis for date</b></td><td style="padding:2px 0">Dietler 2003:63. also cites Arnold 1987a:184-185</td></tr><tr><td style="padding:2px 10px 2px 0;vertical-align:top;white-space:nowrap"><b>Scope of entry</b></td><td style="padding:2px 0">Single sequence</td></tr><tr><td style="padding:2px 10px 2px 0;vertical-align:top;white-space:nowrap"><b>Technology described</b></td><td style="padding:2px 0">Microblade manufacture on amorphous core.  Figure 7 of Dietler 2003 thesis with bevelled platform preparation. fig 8. on core on flake.</td></tr><tr><td style="padding:2px 10px 2px 0;vertical-align:top;white-space:nowrap"><b>Published source</b></td><td style="padding:2px 0">Dietler 2003</td></tr><tr><td style="padding:2px 10px 2px 0;vertical-align:top;white-space:nowrap"><b>Techniques recorded</b></td><td style="padding:2px 0">11 of 33</td></tr></table><p style="margin:10px 0 3px"><b>Procedural units present</b></p><p style="margin:0">Platform faceting, Lateral shaping, Cresting, Overshot flaking, Trimming platform overhang, Hard hammer percussion, Support core with hand, Core rotation, Soft hammer percussion, Flaking through pressure, Invasive flaking</p></div>]]></description>
      <ExtendedData>
        <Data name="Source"><value>Dietler 2003</value></Data>
        <Data name="Species"><value>H. sapiens</value></Data>
        <Data name="Technology"><value>Other</value></Data>
        <Data name="Country"><value>United States of America</value></Data>
        <Data name="Entry type"><value>Archaeological</value></Data>
        <Data name="KA young"><value>0.1</value></Data>
        <Data name="KA old"><value>0.8</value></Data>
        <Data name="Technique count"><value>11</value></Data>
        <Data name="Heat treatment"><value>0</value></Data>
        <Data name="Platform faceting"><value>1</value></Data>
        <Data name="Centripetal shaping"><value>0</value></Data>
        <Data name="Lateral shaping"><value>1</value></Data>
        <Data name="Distal shaping"><value>0</value></Data>
        <Data name="Back shaping"><value>0</value></Data>
        <Data name="Cresting"><value>1</value></Data>
        <Data name="Debordante shaping"><value>0</value></Data>
        <Data name="Overshot flaking"><value>1</value></Data>
        <Data name="Kombewa flaking"><value>0</value></Data>
        <Data name="Core tablet"><value>0</value></Data>
        <Data name="Abrasion"><value>0</value></Data>
        <Data name="Trimming platform overhang"><value>1</value></Data>
        <Data name="Hard hammer percussion"><value>1</value></Data>
        <Data name="Support core with hand"><value>1</value></Data>
        <Data name="Use of an anvil"><value>0</value></Data>
        <Data name="Core rotation"><value>1</value></Data>
        <Data name="Soft hammer percussion"><value>1</value></Data>
        <Data name="Indirect percussion"><value>0</value></Data>
        <Data name="Flaking through pressure"><value>1</value></Data>
        <Data name="Hammer dressing"><value>0</value></Data>
        <Data name="Invasive flaking"><value>1</value></Data>
        <Data name="Ochre use"><value>0</value></Data>
        <Data name="Asphalt use"><value>0</value></Data>
        <Data name="Retouch"><value>0</value></Data>
        <Data name="Backing"><value>0</value></Data>
        <Data name="Notching"><value>0</value></Data>
        <Data name="Burination"><value>0</value></Data>
        <Data name="Tanging"><value>0</value></Data>
        <Data name="Tranchet"><value>0</value></Data>
        <Data name="Bifacial retouch"><value>0</value></Data>
        <Data name="Invasive retouch"><value>0</value></Data>
        <Data name="Pressure flaked retouch"><value>0</value></Data>
      </ExtendedData>
      <Point><coordinates>-119.608839,33.911107,0</coordinates></Point>
    </Placemark>
    <Placemark>
      <name>Corn Cob</name>
      <styleUrl>#arch</styleUrl>
      <description><![CDATA[<div style="font:13px/1.45 Helvetica,Arial,sans-serif;max-width:400px"><table><tr><td style="padding:2px 10px 2px 0;vertical-align:top;white-space:nowrap"><b>Site</b></td><td style="padding:2px 0">Corn Cob</td></tr><tr><td style="padding:2px 10px 2px 0;vertical-align:top;white-space:nowrap"><b>Country</b></td><td style="padding:2px 0">United States of America</td></tr><tr><td style="padding:2px 10px 2px 0;vertical-align:top;white-space:nowrap"><b>Entry type</b></td><td style="padding:2px 0">Archaeological</td></tr><tr><td style="padding:2px 10px 2px 0;vertical-align:top;white-space:nowrap"><b>Species attribution</b></td><td style="padding:2px 0">H. sapiens</td></tr><tr><td style="padding:2px 10px 2px 0;vertical-align:top;white-space:nowrap"><b>Technology (interpreted)</b></td><td style="padding:2px 0">Other</td></tr><tr><td style="padding:2px 10px 2px 0;vertical-align:top;white-space:nowrap"><b>Age</b></td><td style="padding:2px 0">0.8 - 0.7 ka</td></tr><tr><td style="padding:2px 10px 2px 0;vertical-align:top;white-space:nowrap"><b>Basis for date</b></td><td style="padding:2px 0">-</td></tr><tr><td style="padding:2px 10px 2px 0;vertical-align:top;white-space:nowrap"><b>Scope of entry</b></td><td style="padding:2px 0">Whole assemblage</td></tr><tr><td style="padding:2px 10px 2px 0;vertical-align:top;white-space:nowrap"><b>Technology described</b></td><td style="padding:2px 0">Whole assemblage</td></tr><tr><td style="padding:2px 10px 2px 0;vertical-align:top;white-space:nowrap"><b>Published source</b></td><td style="padding:2px 0">Wambach 2014</td></tr><tr><td style="padding:2px 10px 2px 0;vertical-align:top;white-space:nowrap"><b>Techniques recorded</b></td><td style="padding:2px 0">13 of 33</td></tr></table><p style="margin:10px 0 3px"><b>Procedural units present</b></p><p style="margin:0">Heat treatment, Abrasion, Hard hammer percussion, Support core with hand, Core rotation, Soft hammer percussion, Hammer dressing, Retouch, Notching, Tanging, Bifacial retouch, Invasive retouch, Pressure flaked retouch</p></div>]]></description>
      <ExtendedData>
        <Data name="Source"><value>Wambach 2014</value></Data>
        <Data name="Species"><value>H. sapiens</value></Data>
        <Data name="Technology"><value>Other</value></Data>
        <Data name="Country"><value>United States of America</value></Data>
        <Data name="Entry type"><value>Archaeological</value></Data>
        <Data name="KA young"><value>0.7</value></Data>
        <Data name="KA old"><value>0.8</value></Data>
        <Data name="Technique count"><value>13</value></Data>
        <Data name="Heat treatment"><value>1</value></Data>
        <Data name="Platform faceting"><value>0</value></Data>
        <Data name="Centripetal shaping"><value>0</value></Data>
        <Data name="Lateral shaping"><value>0</value></Data>
        <Data name="Distal shaping"><value>0</value></Data>
        <Data name="Back shaping"><value>0</value></Data>
        <Data name="Cresting"><value>0</value></Data>
        <Data name="Debordante shaping"><value>0</value></Data>
        <Data name="Overshot flaking"><value>0</value></Data>
        <Data name="Kombewa flaking"><value>0</value></Data>
        <Data name="Core tablet"><value>0</value></Data>
        <Data name="Abrasion"><value>1</value></Data>
        <Data name="Trimming platform overhang"><value>0</value></Data>
        <Data name="Hard hammer percussion"><value>1</value></Data>
        <Data name="Support core with hand"><value>1</value></Data>
        <Data name="Use of an anvil"><value>0</value></Data>
        <Data name="Core rotation"><value>1</value></Data>
        <Data name="Soft hammer percussion"><value>1</value></Data>
        <Data name="Indirect percussion"><value>0</value></Data>
        <Data name="Flaking through pressure"><value>0</value></Data>
        <Data name="Hammer dressing"><value>1</value></Data>
        <Data name="Invasive flaking"><value>0</value></Data>
        <Data name="Ochre use"><value>0</value></Data>
        <Data name="Asphalt use"><value>0</value></Data>
        <Data name="Retouch"><value>1</value></Data>
        <Data name="Backing"><value>0</value></Data>
        <Data name="Notching"><value>1</value></Data>
        <Data name="Burination"><value>0</value></Data>
        <Data name="Tanging"><value>1</value></Data>
        <Data name="Tranchet"><value>0</value></Data>
        <Data name="Bifacial retouch"><value>1</value></Data>
        <Data name="Invasive retouch"><value>1</value></Data>
        <Data name="Pressure flaked retouch"><value>1</value></Data>
      </ExtendedData>
      <Point><coordinates>-113.556829,35.968652,0</coordinates></Point>
    </Placemark>
    <Placemark>
      <name>Coyote</name>
      <styleUrl>#arch</styleUrl>
      <description><![CDATA[<div style="font:13px/1.45 Helvetica,Arial,sans-serif;max-width:400px"><table><tr><td style="padding:2px 10px 2px 0;vertical-align:top;white-space:nowrap"><b>Site</b></td><td style="padding:2px 0">Coyote</td></tr><tr><td style="padding:2px 10px 2px 0;vertical-align:top;white-space:nowrap"><b>Country</b></td><td style="padding:2px 0">United States of America</td></tr><tr><td style="padding:2px 10px 2px 0;vertical-align:top;white-space:nowrap"><b>Entry type</b></td><td style="padding:2px 0">Archaeological</td></tr><tr><td style="padding:2px 10px 2px 0;vertical-align:top;white-space:nowrap"><b>Species attribution</b></td><td style="padding:2px 0">H. sapiens</td></tr><tr><td style="padding:2px 10px 2px 0;vertical-align:top;white-space:nowrap"><b>Technology (interpreted)</b></td><td style="padding:2px 0">Other</td></tr><tr><td style="padding:2px 10px 2px 0;vertical-align:top;white-space:nowrap"><b>Age</b></td><td style="padding:2px 0">0.8 - 0.7 ka</td></tr><tr><td style="padding:2px 10px 2px 0;vertical-align:top;white-space:nowrap"><b>Basis for date</b></td><td style="padding:2px 0">-</td></tr><tr><td style="padding:2px 10px 2px 0;vertical-align:top;white-space:nowrap"><b>Scope of entry</b></td><td style="padding:2px 0">Whole assemblage</td></tr><tr><td style="padding:2px 10px 2px 0;vertical-align:top;white-space:nowrap"><b>Technology described</b></td><td style="padding:2px 0">Whole assemblage</td></tr><tr><td style="padding:2px 10px 2px 0;vertical-align:top;white-space:nowrap"><b>Published source</b></td><td style="padding:2px 0">Wambach 2014</td></tr><tr><td style="padding:2px 10px 2px 0;vertical-align:top;white-space:nowrap"><b>Techniques recorded</b></td><td style="padding:2px 0">14 of 33</td></tr></table><p style="margin:10px 0 3px"><b>Procedural units present</b></p><p style="margin:0">Heat treatment, Abrasion, Hard hammer percussion, Support core with hand, Core rotation, Soft hammer percussion, Hammer dressing, Retouch, Backing, Notching, Tanging, Bifacial retouch, Invasive retouch, Pressure flaked retouch</p></div>]]></description>
      <ExtendedData>
        <Data name="Source"><value>Wambach 2014</value></Data>
        <Data name="Species"><value>H. sapiens</value></Data>
        <Data name="Technology"><value>Other</value></Data>
        <Data name="Country"><value>United States of America</value></Data>
        <Data name="Entry type"><value>Archaeological</value></Data>
        <Data name="KA young"><value>0.7</value></Data>
        <Data name="KA old"><value>0.8</value></Data>
        <Data name="Technique count"><value>14</value></Data>
        <Data name="Heat treatment"><value>1</value></Data>
        <Data name="Platform faceting"><value>0</value></Data>
        <Data name="Centripetal shaping"><value>0</value></Data>
        <Data name="Lateral shaping"><value>0</value></Data>
        <Data name="Distal shaping"><value>0</value></Data>
        <Data name="Back shaping"><value>0</value></Data>
        <Data name="Cresting"><value>0</value></Data>
        <Data name="Debordante shaping"><value>0</value></Data>
        <Data name="Overshot flaking"><value>0</value></Data>
        <Data name="Kombewa flaking"><value>0</value></Data>
        <Data name="Core tablet"><value>0</value></Data>
        <Data name="Abrasion"><value>1</value></Data>
        <Data name="Trimming platform overhang"><value>0</value></Data>
        <Data name="Hard hammer percussion"><value>1</value></Data>
        <Data name="Support core with hand"><value>1</value></Data>
        <Data name="Use of an anvil"><value>0</value></Data>
        <Data name="Core rotation"><value>1</value></Data>
        <Data name="Soft hammer percussion"><value>1</value></Data>
        <Data name="Indirect percussion"><value>0</value></Data>
        <Data name="Flaking through pressure"><value>0</value></Data>
        <Data name="Hammer dressing"><value>1</value></Data>
        <Data name="Invasive flaking"><value>0</value></Data>
        <Data name="Ochre use"><value>0</value></Data>
        <Data name="Asphalt use"><value>0</value></Data>
        <Data name="Retouch"><value>1</value></Data>
        <Data name="Backing"><value>1</value></Data>
        <Data name="Notching"><value>1</value></Data>
        <Data name="Burination"><value>0</value></Data>
        <Data name="Tanging"><value>1</value></Data>
        <Data name="Tranchet"><value>0</value></Data>
        <Data name="Bifacial retouch"><value>1</value></Data>
        <Data name="Invasive retouch"><value>1</value></Data>
        <Data name="Pressure flaked retouch"><value>1</value></Data>
      </ExtendedData>
      <Point><coordinates>-113.799475,36.096154,0</coordinates></Point>
    </Placemark>
    <Placemark>
      <name>Eagle Ridge A V:5:104</name>
      <styleUrl>#arch</styleUrl>
      <description><![CDATA[<div style="font:13px/1.45 Helvetica,Arial,sans-serif;max-width:400px"><table><tr><td style="padding:2px 10px 2px 0;vertical-align:top;white-space:nowrap"><b>Site</b></td><td style="padding:2px 0">Eagle Ridge A V:5:104</td></tr><tr><td style="padding:2px 10px 2px 0;vertical-align:top;white-space:nowrap"><b>Country</b></td><td style="padding:2px 0">United States of America</td></tr><tr><td style="padding:2px 10px 2px 0;vertical-align:top;white-space:nowrap"><b>Entry type</b></td><td style="padding:2px 0">Archaeological</td></tr><tr><td style="padding:2px 10px 2px 0;vertical-align:top;white-space:nowrap"><b>Species attribution</b></td><td style="padding:2px 0">H. sapiens</td></tr><tr><td style="padding:2px 10px 2px 0;vertical-align:top;white-space:nowrap"><b>Technology (interpreted)</b></td><td style="padding:2px 0">Other</td></tr><tr><td style="padding:2px 10px 2px 0;vertical-align:top;white-space:nowrap"><b>Age</b></td><td style="padding:2px 0">1 - 0.6 ka</td></tr><tr><td style="padding:2px 10px 2px 0;vertical-align:top;white-space:nowrap"><b>Basis for date</b></td><td style="padding:2px 0">table 1.1</td></tr><tr><td style="padding:2px 10px 2px 0;vertical-align:top;white-space:nowrap"><b>Scope of entry</b></td><td style="padding:2px 0">Whole assemblage</td></tr><tr><td style="padding:2px 10px 2px 0;vertical-align:top;white-space:nowrap"><b>Technology described</b></td><td style="padding:2px 0">Whole assemblage</td></tr><tr><td style="padding:2px 10px 2px 0;vertical-align:top;white-space:nowrap"><b>Published source</b></td><td style="padding:2px 0">Lindeman 1995 and Adams 1995</td></tr><tr><td style="padding:2px 10px 2px 0;vertical-align:top;white-space:nowrap"><b>Techniques recorded</b></td><td style="padding:2px 0">11 of 33</td></tr></table><p style="margin:10px 0 3px"><b>Procedural units present</b></p><p style="margin:0">Hard hammer percussion, Support core with hand, Core rotation, Hammer dressing, Retouch, Backing, Notching, Tanging, Bifacial retouch, Invasive retouch, Pressure flaked retouch</p></div>]]></description>
      <ExtendedData>
        <Data name="Source"><value>Lindeman 1995 and Adams 1995</value></Data>
        <Data name="Species"><value>H. sapiens</value></Data>
        <Data name="Technology"><value>Other</value></Data>
        <Data name="Country"><value>United States of America</value></Data>
        <Data name="Entry type"><value>Archaeological</value></Data>
        <Data name="KA young"><value>0.6</value></Data>
        <Data name="KA old"><value>1</value></Data>
        <Data name="Technique count"><value>11</value></Data>
        <Data name="Heat treatment"><value>0</value></Data>
        <Data name="Platform faceting"><value>0</value></Data>
        <Data name="Centripetal shaping"><value>0</value></Data>
        <Data name="Lateral shaping"><value>0</value></Data>
        <Data name="Distal shaping"><value>0</value></Data>
        <Data name="Back shaping"><value>0</value></Data>
        <Data name="Cresting"><value>0</value></Data>
        <Data name="Debordante shaping"><value>0</value></Data>
        <Data name="Overshot flaking"><value>0</value></Data>
        <Data name="Kombewa flaking"><value>0</value></Data>
        <Data name="Core tablet"><value>0</value></Data>
        <Data name="Abrasion"><value>0</value></Data>
        <Data name="Trimming platform overhang"><value>0</value></Data>
        <Data name="Hard hammer percussion"><value>1</value></Data>
        <Data name="Support core with hand"><value>1</value></Data>
        <Data name="Use of an anvil"><value>0</value></Data>
        <Data name="Core rotation"><value>1</value></Data>
        <Data name="Soft hammer percussion"><value>0</value></Data>
        <Data name="Indirect percussion"><value>0</value></Data>
        <Data name="Flaking through pressure"><value>0</value></Data>
        <Data name="Hammer dressing"><value>1</value></Data>
        <Data name="Invasive flaking"><value>0</value></Data>
        <Data name="Ochre use"><value>0</value></Data>
        <Data name="Asphalt use"><value>0</value></Data>
        <Data name="Retouch"><value>1</value></Data>
        <Data name="Backing"><value>1</value></Data>
        <Data name="Notching"><value>1</value></Data>
        <Data name="Burination"><value>0</value></Data>
        <Data name="Tanging"><value>1</value></Data>
        <Data name="Tranchet"><value>0</value></Data>
        <Data name="Bifacial retouch"><value>1</value></Data>
        <Data name="Invasive retouch"><value>1</value></Data>
        <Data name="Pressure flaked retouch"><value>1</value></Data>
      </ExtendedData>
      <Point><coordinates>-110.949087,33.569682,0</coordinates></Point>
    </Placemark>
    <Placemark>
      <name>Eagle Ridge B V:5:104</name>
      <styleUrl>#arch</styleUrl>
      <description><![CDATA[<div style="font:13px/1.45 Helvetica,Arial,sans-serif;max-width:400px"><table><tr><td style="padding:2px 10px 2px 0;vertical-align:top;white-space:nowrap"><b>Site</b></td><td style="padding:2px 0">Eagle Ridge B V:5:104</td></tr><tr><td style="padding:2px 10px 2px 0;vertical-align:top;white-space:nowrap"><b>Country</b></td><td style="padding:2px 0">United States of America</td></tr><tr><td style="padding:2px 10px 2px 0;vertical-align:top;white-space:nowrap"><b>Entry type</b></td><td style="padding:2px 0">Archaeological</td></tr><tr><td style="padding:2px 10px 2px 0;vertical-align:top;white-space:nowrap"><b>Species attribution</b></td><td style="padding:2px 0">H. sapiens</td></tr><tr><td style="padding:2px 10px 2px 0;vertical-align:top;white-space:nowrap"><b>Technology (interpreted)</b></td><td style="padding:2px 0">Other</td></tr><tr><td style="padding:2px 10px 2px 0;vertical-align:top;white-space:nowrap"><b>Age</b></td><td style="padding:2px 0">1.85 - 1.45 ka</td></tr><tr><td style="padding:2px 10px 2px 0;vertical-align:top;white-space:nowrap"><b>Basis for date</b></td><td style="padding:2px 0">table 1.1</td></tr><tr><td style="padding:2px 10px 2px 0;vertical-align:top;white-space:nowrap"><b>Scope of entry</b></td><td style="padding:2px 0">Whole assemblage</td></tr><tr><td style="padding:2px 10px 2px 0;vertical-align:top;white-space:nowrap"><b>Technology described</b></td><td style="padding:2px 0">Whole assemblage</td></tr><tr><td style="padding:2px 10px 2px 0;vertical-align:top;white-space:nowrap"><b>Published source</b></td><td style="padding:2px 0">Lindeman 1995 and Adams 1995</td></tr><tr><td style="padding:2px 10px 2px 0;vertical-align:top;white-space:nowrap"><b>Techniques recorded</b></td><td style="padding:2px 0">12 of 33</td></tr></table><p style="margin:10px 0 3px"><b>Procedural units present</b></p><p style="margin:0">Hard hammer percussion, Support core with hand, Use of an anvil, Core rotation, Hammer dressing, Retouch, Backing, Notching, Tanging, Bifacial retouch, Invasive retouch, Pressure flaked retouch</p></div>]]></description>
      <ExtendedData>
        <Data name="Source"><value>Lindeman 1995 and Adams 1995</value></Data>
        <Data name="Species"><value>H. sapiens</value></Data>
        <Data name="Technology"><value>Other</value></Data>
        <Data name="Country"><value>United States of America</value></Data>
        <Data name="Entry type"><value>Archaeological</value></Data>
        <Data name="KA young"><value>1.45</value></Data>
        <Data name="KA old"><value>1.85</value></Data>
        <Data name="Technique count"><value>12</value></Data>
        <Data name="Heat treatment"><value>0</value></Data>
        <Data name="Platform faceting"><value>0</value></Data>
        <Data name="Centripetal shaping"><value>0</value></Data>
        <Data name="Lateral shaping"><value>0</value></Data>
        <Data name="Distal shaping"><value>0</value></Data>
        <Data name="Back shaping"><value>0</value></Data>
        <Data name="Cresting"><value>0</value></Data>
        <Data name="Debordante shaping"><value>0</value></Data>
        <Data name="Overshot flaking"><value>0</value></Data>
        <Data name="Kombewa flaking"><value>0</value></Data>
        <Data name="Core tablet"><value>0</value></Data>
        <Data name="Abrasion"><value>0</value></Data>
        <Data name="Trimming platform overhang"><value>0</value></Data>
        <Data name="Hard hammer percussion"><value>1</value></Data>
        <Data name="Support core with hand"><value>1</value></Data>
        <Data name="Use of an anvil"><value>1</value></Data>
        <Data name="Core rotation"><value>1</value></Data>
        <Data name="Soft hammer percussion"><value>0</value></Data>
        <Data name="Indirect percussion"><value>0</value></Data>
        <Data name="Flaking through pressure"><value>0</value></Data>
        <Data name="Hammer dressing"><value>1</value></Data>
        <Data name="Invasive flaking"><value>0</value></Data>
        <Data name="Ochre use"><value>0</value></Data>
        <Data name="Asphalt use"><value>0</value></Data>
        <Data name="Retouch"><value>1</value></Data>
        <Data name="Backing"><value>1</value></Data>
        <Data name="Notching"><value>1</value></Data>
        <Data name="Burination"><value>0</value></Data>
        <Data name="Tanging"><value>1</value></Data>
        <Data name="Tranchet"><value>0</value></Data>
        <Data name="Bifacial retouch"><value>1</value></Data>
        <Data name="Invasive retouch"><value>1</value></Data>
        <Data name="Pressure flaked retouch"><value>1</value></Data>
      </ExtendedData>
      <Point><coordinates>-110.944802,33.692227,0</coordinates></Point>
    </Placemark>
    <Placemark>
      <name>Eel Point early</name>
      <styleUrl>#arch</styleUrl>
      <description><![CDATA[<div style="font:13px/1.45 Helvetica,Arial,sans-serif;max-width:400px"><table><tr><td style="padding:2px 10px 2px 0;vertical-align:top;white-space:nowrap"><b>Site</b></td><td style="padding:2px 0">Eel Point early</td></tr><tr><td style="padding:2px 10px 2px 0;vertical-align:top;white-space:nowrap"><b>Country</b></td><td style="padding:2px 0">United States of America (nearest, approx.)</td></tr><tr><td style="padding:2px 10px 2px 0;vertical-align:top;white-space:nowrap"><b>Entry type</b></td><td style="padding:2px 0">Archaeological</td></tr><tr><td style="padding:2px 10px 2px 0;vertical-align:top;white-space:nowrap"><b>Species attribution</b></td><td style="padding:2px 0">H. sapiens</td></tr><tr><td style="padding:2px 10px 2px 0;vertical-align:top;white-space:nowrap"><b>Technology (interpreted)</b></td><td style="padding:2px 0">Other</td></tr><tr><td style="padding:2px 10px 2px 0;vertical-align:top;white-space:nowrap"><b>Age</b></td><td style="padding:2px 0">8.55 - 7.95 ka</td></tr><tr><td style="padding:2px 10px 2px 0;vertical-align:top;white-space:nowrap"><b>Basis for date</b></td><td style="padding:2px 0">-</td></tr><tr><td style="padding:2px 10px 2px 0;vertical-align:top;white-space:nowrap"><b>Scope of entry</b></td><td style="padding:2px 0">Single sequence</td></tr><tr><td style="padding:2px 10px 2px 0;vertical-align:top;white-space:nowrap"><b>Technology described</b></td><td style="padding:2px 0">Wedge shaped microblade core in figure 6a.</td></tr><tr><td style="padding:2px 10px 2px 0;vertical-align:top;white-space:nowrap"><b>Published source</b></td><td style="padding:2px 0">Cassidy et al. 2014</td></tr><tr><td style="padding:2px 10px 2px 0;vertical-align:top;white-space:nowrap"><b>Techniques recorded</b></td><td style="padding:2px 0">10 of 33</td></tr></table><p style="margin:10px 0 3px"><b>Procedural units present</b></p><p style="margin:0">Lateral shaping, Distal shaping, Back shaping, Hard hammer percussion, Support core with hand, Core rotation, Invasive flaking, Retouch, Burination, Invasive retouch</p></div>]]></description>
      <ExtendedData>
        <Data name="Source"><value>Cassidy et al. 2014</value></Data>
        <Data name="Species"><value>H. sapiens</value></Data>
        <Data name="Technology"><value>Other</value></Data>
        <Data name="Country"><value>United States of America</value></Data>
        <Data name="Entry type"><value>Archaeological</value></Data>
        <Data name="KA young"><value>7.95</value></Data>
        <Data name="KA old"><value>8.55</value></Data>
        <Data name="Technique count"><value>10</value></Data>
        <Data name="Heat treatment"><value>0</value></Data>
        <Data name="Platform faceting"><value>0</value></Data>
        <Data name="Centripetal shaping"><value>0</value></Data>
        <Data name="Lateral shaping"><value>1</value></Data>
        <Data name="Distal shaping"><value>1</value></Data>
        <Data name="Back shaping"><value>1</value></Data>
        <Data name="Cresting"><value>0</value></Data>
        <Data name="Debordante shaping"><value>0</value></Data>
        <Data name="Overshot flaking"><value>0</value></Data>
        <Data name="Kombewa flaking"><value>0</value></Data>
        <Data name="Core tablet"><value>0</value></Data>
        <Data name="Abrasion"><value>0</value></Data>
        <Data name="Trimming platform overhang"><value>0</value></Data>
        <Data name="Hard hammer percussion"><value>1</value></Data>
        <Data name="Support core with hand"><value>1</value></Data>
        <Data name="Use of an anvil"><value>0</value></Data>
        <Data name="Core rotation"><value>1</value></Data>
        <Data name="Soft hammer percussion"><value>0</value></Data>
        <Data name="Indirect percussion"><value>0</value></Data>
        <Data name="Flaking through pressure"><value>0</value></Data>
        <Data name="Hammer dressing"><value>0</value></Data>
        <Data name="Invasive flaking"><value>1</value></Data>
        <Data name="Ochre use"><value>0</value></Data>
        <Data name="Asphalt use"><value>0</value></Data>
        <Data name="Retouch"><value>1</value></Data>
        <Data name="Backing"><value>0</value></Data>
        <Data name="Notching"><value>0</value></Data>
        <Data name="Burination"><value>1</value></Data>
        <Data name="Tanging"><value>0</value></Data>
        <Data name="Tranchet"><value>0</value></Data>
        <Data name="Bifacial retouch"><value>0</value></Data>
        <Data name="Invasive retouch"><value>1</value></Data>
        <Data name="Pressure flaked retouch"><value>0</value></Data>
      </ExtendedData>
      <Point><coordinates>-118.200571,32.610642,0</coordinates></Point>
    </Placemark>
    <Placemark>
      <name>Eel Point early</name>
      <styleUrl>#arch</styleUrl>
      <description><![CDATA[<div style="font:13px/1.45 Helvetica,Arial,sans-serif;max-width:400px"><table><tr><td style="padding:2px 10px 2px 0;vertical-align:top;white-space:nowrap"><b>Site</b></td><td style="padding:2px 0">Eel Point early</td></tr><tr><td style="padding:2px 10px 2px 0;vertical-align:top;white-space:nowrap"><b>Country</b></td><td style="padding:2px 0">United States of America (nearest, approx.)</td></tr><tr><td style="padding:2px 10px 2px 0;vertical-align:top;white-space:nowrap"><b>Entry type</b></td><td style="padding:2px 0">Archaeological</td></tr><tr><td style="padding:2px 10px 2px 0;vertical-align:top;white-space:nowrap"><b>Species attribution</b></td><td style="padding:2px 0">H. sapiens</td></tr><tr><td style="padding:2px 10px 2px 0;vertical-align:top;white-space:nowrap"><b>Technology (interpreted)</b></td><td style="padding:2px 0">Other</td></tr><tr><td style="padding:2px 10px 2px 0;vertical-align:top;white-space:nowrap"><b>Age</b></td><td style="padding:2px 0">8.55 - 7.95 ka</td></tr><tr><td style="padding:2px 10px 2px 0;vertical-align:top;white-space:nowrap"><b>Basis for date</b></td><td style="padding:2px 0">-</td></tr><tr><td style="padding:2px 10px 2px 0;vertical-align:top;white-space:nowrap"><b>Scope of entry</b></td><td style="padding:2px 0">Whole assemblage</td></tr><tr><td style="padding:2px 10px 2px 0;vertical-align:top;white-space:nowrap"><b>Technology described</b></td><td style="padding:2px 0">Whole assemblage</td></tr><tr><td style="padding:2px 10px 2px 0;vertical-align:top;white-space:nowrap"><b>Published source</b></td><td style="padding:2px 0">Cassidy et al. 2014</td></tr><tr><td style="padding:2px 10px 2px 0;vertical-align:top;white-space:nowrap"><b>Techniques recorded</b></td><td style="padding:2px 0">11 of 33</td></tr></table><p style="margin:10px 0 3px"><b>Procedural units present</b></p><p style="margin:0">Lateral shaping, Distal shaping, Back shaping, Hard hammer percussion, Support core with hand, Core rotation, Invasive flaking, Retouch, Backing, Burination, Invasive retouch</p></div>]]></description>
      <ExtendedData>
        <Data name="Source"><value>Cassidy et al. 2014</value></Data>
        <Data name="Species"><value>H. sapiens</value></Data>
        <Data name="Technology"><value>Other</value></Data>
        <Data name="Country"><value>United States of America</value></Data>
        <Data name="Entry type"><value>Archaeological</value></Data>
        <Data name="KA young"><value>7.95</value></Data>
        <Data name="KA old"><value>8.55</value></Data>
        <Data name="Technique count"><value>11</value></Data>
        <Data name="Heat treatment"><value>0</value></Data>
        <Data name="Platform faceting"><value>0</value></Data>
        <Data name="Centripetal shaping"><value>0</value></Data>
        <Data name="Lateral shaping"><value>1</value></Data>
        <Data name="Distal shaping"><value>1</value></Data>
        <Data name="Back shaping"><value>1</value></Data>
        <Data name="Cresting"><value>0</value></Data>
        <Data name="Debordante shaping"><value>0</value></Data>
        <Data name="Overshot flaking"><value>0</value></Data>
        <Data name="Kombewa flaking"><value>0</value></Data>
        <Data name="Core tablet"><value>0</value></Data>
        <Data name="Abrasion"><value>0</value></Data>
        <Data name="Trimming platform overhang"><value>0</value></Data>
        <Data name="Hard hammer percussion"><value>1</value></Data>
        <Data name="Support core with hand"><value>1</value></Data>
        <Data name="Use of an anvil"><value>0</value></Data>
        <Data name="Core rotation"><value>1</value></Data>
        <Data name="Soft hammer percussion"><value>0</value></Data>
        <Data name="Indirect percussion"><value>0</value></Data>
        <Data name="Flaking through pressure"><value>0</value></Data>
        <Data name="Hammer dressing"><value>0</value></Data>
        <Data name="Invasive flaking"><value>1</value></Data>
        <Data name="Ochre use"><value>0</value></Data>
        <Data name="Asphalt use"><value>0</value></Data>
        <Data name="Retouch"><value>1</value></Data>
        <Data name="Backing"><value>1</value></Data>
        <Data name="Notching"><value>0</value></Data>
        <Data name="Burination"><value>1</value></Data>
        <Data name="Tanging"><value>0</value></Data>
        <Data name="Tranchet"><value>0</value></Data>
        <Data name="Bifacial retouch"><value>0</value></Data>
        <Data name="Invasive retouch"><value>1</value></Data>
        <Data name="Pressure flaked retouch"><value>0</value></Data>
      </ExtendedData>
      <Point><coordinates>-118.184211,32.535197,0</coordinates></Point>
    </Placemark>
    <Placemark>
      <name>Granary House</name>
      <styleUrl>#arch</styleUrl>
      <description><![CDATA[<div style="font:13px/1.45 Helvetica,Arial,sans-serif;max-width:400px"><table><tr><td style="padding:2px 10px 2px 0;vertical-align:top;white-space:nowrap"><b>Site</b></td><td style="padding:2px 0">Granary House</td></tr><tr><td style="padding:2px 10px 2px 0;vertical-align:top;white-space:nowrap"><b>Country</b></td><td style="padding:2px 0">United States of America</td></tr><tr><td style="padding:2px 10px 2px 0;vertical-align:top;white-space:nowrap"><b>Entry type</b></td><td style="padding:2px 0">Archaeological</td></tr><tr><td style="padding:2px 10px 2px 0;vertical-align:top;white-space:nowrap"><b>Species attribution</b></td><td style="padding:2px 0">H. sapiens</td></tr><tr><td style="padding:2px 10px 2px 0;vertical-align:top;white-space:nowrap"><b>Technology (interpreted)</b></td><td style="padding:2px 0">Other</td></tr><tr><td style="padding:2px 10px 2px 0;vertical-align:top;white-space:nowrap"><b>Age</b></td><td style="padding:2px 0">1 - 0.85 ka</td></tr><tr><td style="padding:2px 10px 2px 0;vertical-align:top;white-space:nowrap"><b>Basis for date</b></td><td style="padding:2px 0">-</td></tr><tr><td style="padding:2px 10px 2px 0;vertical-align:top;white-space:nowrap"><b>Scope of entry</b></td><td style="padding:2px 0">Whole assemblage</td></tr><tr><td style="padding:2px 10px 2px 0;vertical-align:top;white-space:nowrap"><b>Technology described</b></td><td style="padding:2px 0">Whole assemblage</td></tr><tr><td style="padding:2px 10px 2px 0;vertical-align:top;white-space:nowrap"><b>Published source</b></td><td style="padding:2px 0">Wambach 2014</td></tr><tr><td style="padding:2px 10px 2px 0;vertical-align:top;white-space:nowrap"><b>Techniques recorded</b></td><td style="padding:2px 0">13 of 33</td></tr></table><p style="margin:10px 0 3px"><b>Procedural units present</b></p><p style="margin:0">Heat treatment, Abrasion, Hard hammer percussion, Support core with hand, Core rotation, Soft hammer percussion, Hammer dressing, Retouch, Notching, Tanging, Bifacial retouch, Invasive retouch, Pressure flaked retouch</p></div>]]></description>
      <ExtendedData>
        <Data name="Source"><value>Wambach 2014</value></Data>
        <Data name="Species"><value>H. sapiens</value></Data>
        <Data name="Technology"><value>Other</value></Data>
        <Data name="Country"><value>United States of America</value></Data>
        <Data name="Entry type"><value>Archaeological</value></Data>
        <Data name="KA young"><value>0.85</value></Data>
        <Data name="KA old"><value>1</value></Data>
        <Data name="Technique count"><value>13</value></Data>
        <Data name="Heat treatment"><value>1</value></Data>
        <Data name="Platform faceting"><value>0</value></Data>
        <Data name="Centripetal shaping"><value>0</value></Data>
        <Data name="Lateral shaping"><value>0</value></Data>
        <Data name="Distal shaping"><value>0</value></Data>
        <Data name="Back shaping"><value>0</value></Data>
        <Data name="Cresting"><value>0</value></Data>
        <Data name="Debordante shaping"><value>0</value></Data>
        <Data name="Overshot flaking"><value>0</value></Data>
        <Data name="Kombewa flaking"><value>0</value></Data>
        <Data name="Core tablet"><value>0</value></Data>
        <Data name="Abrasion"><value>1</value></Data>
        <Data name="Trimming platform overhang"><value>0</value></Data>
        <Data name="Hard hammer percussion"><value>1</value></Data>
        <Data name="Support core with hand"><value>1</value></Data>
        <Data name="Use of an anvil"><value>0</value></Data>
        <Data name="Core rotation"><value>1</value></Data>
        <Data name="Soft hammer percussion"><value>1</value></Data>
        <Data name="Indirect percussion"><value>0</value></Data>
        <Data name="Flaking through pressure"><value>0</value></Data>
        <Data name="Hammer dressing"><value>1</value></Data>
        <Data name="Invasive flaking"><value>0</value></Data>
        <Data name="Ochre use"><value>0</value></Data>
        <Data name="Asphalt use"><value>0</value></Data>
        <Data name="Retouch"><value>1</value></Data>
        <Data name="Backing"><value>0</value></Data>
        <Data name="Notching"><value>1</value></Data>
        <Data name="Burination"><value>0</value></Data>
        <Data name="Tanging"><value>1</value></Data>
        <Data name="Tranchet"><value>0</value></Data>
        <Data name="Bifacial retouch"><value>1</value></Data>
        <Data name="Invasive retouch"><value>1</value></Data>
        <Data name="Pressure flaked retouch"><value>1</value></Data>
      </ExtendedData>
      <Point><coordinates>-112.867299,36.125779,0</coordinates></Point>
    </Placemark>
    <Placemark>
      <name>Griffin Wash A V:5:90</name>
      <styleUrl>#arch</styleUrl>
      <description><![CDATA[<div style="font:13px/1.45 Helvetica,Arial,sans-serif;max-width:400px"><table><tr><td style="padding:2px 10px 2px 0;vertical-align:top;white-space:nowrap"><b>Site</b></td><td style="padding:2px 0">Griffin Wash A V:5:90</td></tr><tr><td style="padding:2px 10px 2px 0;vertical-align:top;white-space:nowrap"><b>Country</b></td><td style="padding:2px 0">United States of America</td></tr><tr><td style="padding:2px 10px 2px 0;vertical-align:top;white-space:nowrap"><b>Entry type</b></td><td style="padding:2px 0">Archaeological</td></tr><tr><td style="padding:2px 10px 2px 0;vertical-align:top;white-space:nowrap"><b>Species attribution</b></td><td style="padding:2px 0">H. sapiens</td></tr><tr><td style="padding:2px 10px 2px 0;vertical-align:top;white-space:nowrap"><b>Technology (interpreted)</b></td><td style="padding:2px 0">Other</td></tr><tr><td style="padding:2px 10px 2px 0;vertical-align:top;white-space:nowrap"><b>Age</b></td><td style="padding:2px 0">0.7 - 0.6 ka</td></tr><tr><td style="padding:2px 10px 2px 0;vertical-align:top;white-space:nowrap"><b>Basis for date</b></td><td style="padding:2px 0">table 1.1</td></tr><tr><td style="padding:2px 10px 2px 0;vertical-align:top;white-space:nowrap"><b>Scope of entry</b></td><td style="padding:2px 0">Whole assemblage</td></tr><tr><td style="padding:2px 10px 2px 0;vertical-align:top;white-space:nowrap"><b>Technology described</b></td><td style="padding:2px 0">Whole assemblage</td></tr><tr><td style="padding:2px 10px 2px 0;vertical-align:top;white-space:nowrap"><b>Published source</b></td><td style="padding:2px 0">Lindeman 1995 and Adams 1995</td></tr><tr><td style="padding:2px 10px 2px 0;vertical-align:top;white-space:nowrap"><b>Techniques recorded</b></td><td style="padding:2px 0">11 of 33</td></tr></table><p style="margin:10px 0 3px"><b>Procedural units present</b></p><p style="margin:0">Hard hammer percussion, Support core with hand, Core rotation, Hammer dressing, Retouch, Backing, Notching, Tanging, Bifacial retouch, Invasive retouch, Pressure flaked retouch</p></div>]]></description>
      <ExtendedData>
        <Data name="Source"><value>Lindeman 1995 and Adams 1995</value></Data>
        <Data name="Species"><value>H. sapiens</value></Data>
        <Data name="Technology"><value>Other</value></Data>
        <Data name="Country"><value>United States of America</value></Data>
        <Data name="Entry type"><value>Archaeological</value></Data>
        <Data name="KA young"><value>0.6</value></Data>
        <Data name="KA old"><value>0.7</value></Data>
        <Data name="Technique count"><value>11</value></Data>
        <Data name="Heat treatment"><value>0</value></Data>
        <Data name="Platform faceting"><value>0</value></Data>
        <Data name="Centripetal shaping"><value>0</value></Data>
        <Data name="Lateral shaping"><value>0</value></Data>
        <Data name="Distal shaping"><value>0</value></Data>
        <Data name="Back shaping"><value>0</value></Data>
        <Data name="Cresting"><value>0</value></Data>
        <Data name="Debordante shaping"><value>0</value></Data>
        <Data name="Overshot flaking"><value>0</value></Data>
        <Data name="Kombewa flaking"><value>0</value></Data>
        <Data name="Core tablet"><value>0</value></Data>
        <Data name="Abrasion"><value>0</value></Data>
        <Data name="Trimming platform overhang"><value>0</value></Data>
        <Data name="Hard hammer percussion"><value>1</value></Data>
        <Data name="Support core with hand"><value>1</value></Data>
        <Data name="Use of an anvil"><value>0</value></Data>
        <Data name="Core rotation"><value>1</value></Data>
        <Data name="Soft hammer percussion"><value>0</value></Data>
        <Data name="Indirect percussion"><value>0</value></Data>
        <Data name="Flaking through pressure"><value>0</value></Data>
        <Data name="Hammer dressing"><value>1</value></Data>
        <Data name="Invasive flaking"><value>0</value></Data>
        <Data name="Ochre use"><value>0</value></Data>
        <Data name="Asphalt use"><value>0</value></Data>
        <Data name="Retouch"><value>1</value></Data>
        <Data name="Backing"><value>1</value></Data>
        <Data name="Notching"><value>1</value></Data>
        <Data name="Burination"><value>0</value></Data>
        <Data name="Tanging"><value>1</value></Data>
        <Data name="Tranchet"><value>0</value></Data>
        <Data name="Bifacial retouch"><value>1</value></Data>
        <Data name="Invasive retouch"><value>1</value></Data>
        <Data name="Pressure flaked retouch"><value>1</value></Data>
      </ExtendedData>
      <Point><coordinates>-111.028790,33.619066,0</coordinates></Point>
    </Placemark>
    <Placemark>
      <name>Griffin Wash B V:5:90</name>
      <styleUrl>#arch</styleUrl>
      <description><![CDATA[<div style="font:13px/1.45 Helvetica,Arial,sans-serif;max-width:400px"><table><tr><td style="padding:2px 10px 2px 0;vertical-align:top;white-space:nowrap"><b>Site</b></td><td style="padding:2px 0">Griffin Wash B V:5:90</td></tr><tr><td style="padding:2px 10px 2px 0;vertical-align:top;white-space:nowrap"><b>Country</b></td><td style="padding:2px 0">United States of America</td></tr><tr><td style="padding:2px 10px 2px 0;vertical-align:top;white-space:nowrap"><b>Entry type</b></td><td style="padding:2px 0">Archaeological</td></tr><tr><td style="padding:2px 10px 2px 0;vertical-align:top;white-space:nowrap"><b>Species attribution</b></td><td style="padding:2px 0">H. sapiens</td></tr><tr><td style="padding:2px 10px 2px 0;vertical-align:top;white-space:nowrap"><b>Technology (interpreted)</b></td><td style="padding:2px 0">Other</td></tr><tr><td style="padding:2px 10px 2px 0;vertical-align:top;white-space:nowrap"><b>Age</b></td><td style="padding:2px 0">0.7 - 0.65 ka</td></tr><tr><td style="padding:2px 10px 2px 0;vertical-align:top;white-space:nowrap"><b>Basis for date</b></td><td style="padding:2px 0">table 1.1</td></tr><tr><td style="padding:2px 10px 2px 0;vertical-align:top;white-space:nowrap"><b>Scope of entry</b></td><td style="padding:2px 0">Whole assemblage</td></tr><tr><td style="padding:2px 10px 2px 0;vertical-align:top;white-space:nowrap"><b>Technology described</b></td><td style="padding:2px 0">Whole assemblage</td></tr><tr><td style="padding:2px 10px 2px 0;vertical-align:top;white-space:nowrap"><b>Published source</b></td><td style="padding:2px 0">Lindeman 1995 and Adams 1995</td></tr><tr><td style="padding:2px 10px 2px 0;vertical-align:top;white-space:nowrap"><b>Techniques recorded</b></td><td style="padding:2px 0">11 of 33</td></tr></table><p style="margin:10px 0 3px"><b>Procedural units present</b></p><p style="margin:0">Hard hammer percussion, Support core with hand, Core rotation, Hammer dressing, Retouch, Backing, Notching, Tanging, Bifacial retouch, Invasive retouch, Pressure flaked retouch</p></div>]]></description>
      <ExtendedData>
        <Data name="Source"><value>Lindeman 1995 and Adams 1995</value></Data>
        <Data name="Species"><value>H. sapiens</value></Data>
        <Data name="Technology"><value>Other</value></Data>
        <Data name="Country"><value>United States of America</value></Data>
        <Data name="Entry type"><value>Archaeological</value></Data>
        <Data name="KA young"><value>0.65</value></Data>
        <Data name="KA old"><value>0.7</value></Data>
        <Data name="Technique count"><value>11</value></Data>
        <Data name="Heat treatment"><value>0</value></Data>
        <Data name="Platform faceting"><value>0</value></Data>
        <Data name="Centripetal shaping"><value>0</value></Data>
        <Data name="Lateral shaping"><value>0</value></Data>
        <Data name="Distal shaping"><value>0</value></Data>
        <Data name="Back shaping"><value>0</value></Data>
        <Data name="Cresting"><value>0</value></Data>
        <Data name="Debordante shaping"><value>0</value></Data>
        <Data name="Overshot flaking"><value>0</value></Data>
        <Data name="Kombewa flaking"><value>0</value></Data>
        <Data name="Core tablet"><value>0</value></Data>
        <Data name="Abrasion"><value>0</value></Data>
        <Data name="Trimming platform overhang"><value>0</value></Data>
        <Data name="Hard hammer percussion"><value>1</value></Data>
        <Data name="Support core with hand"><value>1</value></Data>
        <Data name="Use of an anvil"><value>0</value></Data>
        <Data name="Core rotation"><value>1</value></Data>
        <Data name="Soft hammer percussion"><value>0</value></Data>
        <Data name="Indirect percussion"><value>0</value></Data>
        <Data name="Flaking through pressure"><value>0</value></Data>
        <Data name="Hammer dressing"><value>1</value></Data>
        <Data name="Invasive flaking"><value>0</value></Data>
        <Data name="Ochre use"><value>0</value></Data>
        <Data name="Asphalt use"><value>0</value></Data>
        <Data name="Retouch"><value>1</value></Data>
        <Data name="Backing"><value>1</value></Data>
        <Data name="Notching"><value>1</value></Data>
        <Data name="Burination"><value>0</value></Data>
        <Data name="Tanging"><value>1</value></Data>
        <Data name="Tranchet"><value>0</value></Data>
        <Data name="Bifacial retouch"><value>1</value></Data>
        <Data name="Invasive retouch"><value>1</value></Data>
        <Data name="Pressure flaked retouch"><value>1</value></Data>
      </ExtendedData>
      <Point><coordinates>-110.981364,33.725490,0</coordinates></Point>
    </Placemark>
    <Placemark>
      <name>Hedge Apple V:5:189</name>
      <styleUrl>#arch</styleUrl>
      <description><![CDATA[<div style="font:13px/1.45 Helvetica,Arial,sans-serif;max-width:400px"><table><tr><td style="padding:2px 10px 2px 0;vertical-align:top;white-space:nowrap"><b>Site</b></td><td style="padding:2px 0">Hedge Apple V:5:189</td></tr><tr><td style="padding:2px 10px 2px 0;vertical-align:top;white-space:nowrap"><b>Country</b></td><td style="padding:2px 0">United States of America</td></tr><tr><td style="padding:2px 10px 2px 0;vertical-align:top;white-space:nowrap"><b>Entry type</b></td><td style="padding:2px 0">Archaeological</td></tr><tr><td style="padding:2px 10px 2px 0;vertical-align:top;white-space:nowrap"><b>Species attribution</b></td><td style="padding:2px 0">H. sapiens</td></tr><tr><td style="padding:2px 10px 2px 0;vertical-align:top;white-space:nowrap"><b>Technology (interpreted)</b></td><td style="padding:2px 0">Other</td></tr><tr><td style="padding:2px 10px 2px 0;vertical-align:top;white-space:nowrap"><b>Age</b></td><td style="padding:2px 0">1.2 - 1.1 ka</td></tr><tr><td style="padding:2px 10px 2px 0;vertical-align:top;white-space:nowrap"><b>Basis for date</b></td><td style="padding:2px 0">table 1.1</td></tr><tr><td style="padding:2px 10px 2px 0;vertical-align:top;white-space:nowrap"><b>Scope of entry</b></td><td style="padding:2px 0">Whole assemblage</td></tr><tr><td style="padding:2px 10px 2px 0;vertical-align:top;white-space:nowrap"><b>Technology described</b></td><td style="padding:2px 0">Whole assemblage</td></tr><tr><td style="padding:2px 10px 2px 0;vertical-align:top;white-space:nowrap"><b>Published source</b></td><td style="padding:2px 0">Lindeman 1995 and Adams 1995</td></tr><tr><td style="padding:2px 10px 2px 0;vertical-align:top;white-space:nowrap"><b>Techniques recorded</b></td><td style="padding:2px 0">11 of 33</td></tr></table><p style="margin:10px 0 3px"><b>Procedural units present</b></p><p style="margin:0">Hard hammer percussion, Support core with hand, Core rotation, Hammer dressing, Retouch, Backing, Notching, Tanging, Bifacial retouch, Invasive retouch, Pressure flaked retouch</p></div>]]></description>
      <ExtendedData>
        <Data name="Source"><value>Lindeman 1995 and Adams 1995</value></Data>
        <Data name="Species"><value>H. sapiens</value></Data>
        <Data name="Technology"><value>Other</value></Data>
        <Data name="Country"><value>United States of America</value></Data>
        <Data name="Entry type"><value>Archaeological</value></Data>
        <Data name="KA young"><value>1.1</value></Data>
        <Data name="KA old"><value>1.2</value></Data>
        <Data name="Technique count"><value>11</value></Data>
        <Data name="Heat treatment"><value>0</value></Data>
        <Data name="Platform faceting"><value>0</value></Data>
        <Data name="Centripetal shaping"><value>0</value></Data>
        <Data name="Lateral shaping"><value>0</value></Data>
        <Data name="Distal shaping"><value>0</value></Data>
        <Data name="Back shaping"><value>0</value></Data>
        <Data name="Cresting"><value>0</value></Data>
        <Data name="Debordante shaping"><value>0</value></Data>
        <Data name="Overshot flaking"><value>0</value></Data>
        <Data name="Kombewa flaking"><value>0</value></Data>
        <Data name="Core tablet"><value>0</value></Data>
        <Data name="Abrasion"><value>0</value></Data>
        <Data name="Trimming platform overhang"><value>0</value></Data>
        <Data name="Hard hammer percussion"><value>1</value></Data>
        <Data name="Support core with hand"><value>1</value></Data>
        <Data name="Use of an anvil"><value>0</value></Data>
        <Data name="Core rotation"><value>1</value></Data>
        <Data name="Soft hammer percussion"><value>0</value></Data>
        <Data name="Indirect percussion"><value>0</value></Data>
        <Data name="Flaking through pressure"><value>0</value></Data>
        <Data name="Hammer dressing"><value>1</value></Data>
        <Data name="Invasive flaking"><value>0</value></Data>
        <Data name="Ochre use"><value>0</value></Data>
        <Data name="Asphalt use"><value>0</value></Data>
        <Data name="Retouch"><value>1</value></Data>
        <Data name="Backing"><value>1</value></Data>
        <Data name="Notching"><value>1</value></Data>
        <Data name="Burination"><value>0</value></Data>
        <Data name="Tanging"><value>1</value></Data>
        <Data name="Tranchet"><value>0</value></Data>
        <Data name="Bifacial retouch"><value>1</value></Data>
        <Data name="Invasive retouch"><value>1</value></Data>
        <Data name="Pressure flaked retouch"><value>1</value></Data>
      </ExtendedData>
      <Point><coordinates>-110.970315,33.646609,0</coordinates></Point>
    </Placemark>
    <Placemark>
      <name>Ka'eo quarry</name>
      <styleUrl>#arch</styleUrl>
      <description><![CDATA[<div style="font:13px/1.45 Helvetica,Arial,sans-serif;max-width:400px"><table><tr><td style="padding:2px 10px 2px 0;vertical-align:top;white-space:nowrap"><b>Site</b></td><td style="padding:2px 0">Ka'eo quarry</td></tr><tr><td style="padding:2px 10px 2px 0;vertical-align:top;white-space:nowrap"><b>Country</b></td><td style="padding:2px 0">United States of America</td></tr><tr><td style="padding:2px 10px 2px 0;vertical-align:top;white-space:nowrap"><b>Entry type</b></td><td style="padding:2px 0">Archaeological</td></tr><tr><td style="padding:2px 10px 2px 0;vertical-align:top;white-space:nowrap"><b>Species attribution</b></td><td style="padding:2px 0">H. sapiens</td></tr><tr><td style="padding:2px 10px 2px 0;vertical-align:top;white-space:nowrap"><b>Technology (interpreted)</b></td><td style="padding:2px 0">Other</td></tr><tr><td style="padding:2px 10px 2px 0;vertical-align:top;white-space:nowrap"><b>Age</b></td><td style="padding:2px 0">0.6 - 0.2 ka</td></tr><tr><td style="padding:2px 10px 2px 0;vertical-align:top;white-space:nowrap"><b>Basis for date</b></td><td style="padding:2px 0">-</td></tr><tr><td style="padding:2px 10px 2px 0;vertical-align:top;white-space:nowrap"><b>Scope of entry</b></td><td style="padding:2px 0">Single sequence</td></tr><tr><td style="padding:2px 10px 2px 0;vertical-align:top;white-space:nowrap"><b>Technology described</b></td><td style="padding:2px 0">Quadrangular adze production on flake.</td></tr><tr><td style="padding:2px 10px 2px 0;vertical-align:top;white-space:nowrap"><b>Published source</b></td><td style="padding:2px 0">Clarkson et a. 2015</td></tr><tr><td style="padding:2px 10px 2px 0;vertical-align:top;white-space:nowrap"><b>Techniques recorded</b></td><td style="padding:2px 0">16 of 33</td></tr></table><p style="margin:10px 0 3px"><b>Procedural units present</b></p><p style="margin:0">Platform faceting, Lateral shaping, Distal shaping, Cresting, Overshot flaking, Abrasion, Hard hammer percussion, Support core with hand, Use of an anvil, Core rotation, Soft hammer percussion, Invasive flaking, Tanging, Tranchet, Bifacial retouch, Invasive retouch</p></div>]]></description>
      <ExtendedData>
        <Data name="Source"><value>Clarkson et a. 2015</value></Data>
        <Data name="Species"><value>H. sapiens</value></Data>
        <Data name="Technology"><value>Other</value></Data>
        <Data name="Country"><value>United States of America</value></Data>
        <Data name="Entry type"><value>Archaeological</value></Data>
        <Data name="KA young"><value>0.2</value></Data>
        <Data name="KA old"><value>0.6</value></Data>
        <Data name="Technique count"><value>16</value></Data>
        <Data name="Heat treatment"><value>0</value></Data>
        <Data name="Platform faceting"><value>1</value></Data>
        <Data name="Centripetal shaping"><value>0</value></Data>
        <Data name="Lateral shaping"><value>1</value></Data>
        <Data name="Distal shaping"><value>1</value></Data>
        <Data name="Back shaping"><value>0</value></Data>
        <Data name="Cresting"><value>1</value></Data>
        <Data name="Debordante shaping"><value>0</value></Data>
        <Data name="Overshot flaking"><value>1</value></Data>
        <Data name="Kombewa flaking"><value>0</value></Data>
        <Data name="Core tablet"><value>0</value></Data>
        <Data name="Abrasion"><value>1</value></Data>
        <Data name="Trimming platform overhang"><value>0</value></Data>
        <Data name="Hard hammer percussion"><value>1</value></Data>
        <Data name="Support core with hand"><value>1</value></Data>
        <Data name="Use of an anvil"><value>1</value></Data>
        <Data name="Core rotation"><value>1</value></Data>
        <Data name="Soft hammer percussion"><value>1</value></Data>
        <Data name="Indirect percussion"><value>0</value></Data>
        <Data name="Flaking through pressure"><value>0</value></Data>
        <Data name="Hammer dressing"><value>0</value></Data>
        <Data name="Invasive flaking"><value>1</value></Data>
        <Data name="Ochre use"><value>0</value></Data>
        <Data name="Asphalt use"><value>0</value></Data>
        <Data name="Retouch"><value>0</value></Data>
        <Data name="Backing"><value>0</value></Data>
        <Data name="Notching"><value>0</value></Data>
        <Data name="Burination"><value>0</value></Data>
        <Data name="Tanging"><value>1</value></Data>
        <Data name="Tranchet"><value>1</value></Data>
        <Data name="Bifacial retouch"><value>1</value></Data>
        <Data name="Invasive retouch"><value>1</value></Data>
        <Data name="Pressure flaked retouch"><value>0</value></Data>
      </ExtendedData>
      <Point><coordinates>-157.184841,21.171681,0</coordinates></Point>
    </Placemark>
    <Placemark>
      <name>Ka'eo quarry</name>
      <styleUrl>#arch</styleUrl>
      <description><![CDATA[<div style="font:13px/1.45 Helvetica,Arial,sans-serif;max-width:400px"><table><tr><td style="padding:2px 10px 2px 0;vertical-align:top;white-space:nowrap"><b>Site</b></td><td style="padding:2px 0">Ka'eo quarry</td></tr><tr><td style="padding:2px 10px 2px 0;vertical-align:top;white-space:nowrap"><b>Country</b></td><td style="padding:2px 0">United States of America (nearest, approx.)</td></tr><tr><td style="padding:2px 10px 2px 0;vertical-align:top;white-space:nowrap"><b>Entry type</b></td><td style="padding:2px 0">Archaeological</td></tr><tr><td style="padding:2px 10px 2px 0;vertical-align:top;white-space:nowrap"><b>Species attribution</b></td><td style="padding:2px 0">H. sapiens</td></tr><tr><td style="padding:2px 10px 2px 0;vertical-align:top;white-space:nowrap"><b>Technology (interpreted)</b></td><td style="padding:2px 0">Other</td></tr><tr><td style="padding:2px 10px 2px 0;vertical-align:top;white-space:nowrap"><b>Age</b></td><td style="padding:2px 0">0.6 - 0.2 ka</td></tr><tr><td style="padding:2px 10px 2px 0;vertical-align:top;white-space:nowrap"><b>Basis for date</b></td><td style="padding:2px 0">-</td></tr><tr><td style="padding:2px 10px 2px 0;vertical-align:top;white-space:nowrap"><b>Scope of entry</b></td><td style="padding:2px 0">Whole assemblage</td></tr><tr><td style="padding:2px 10px 2px 0;vertical-align:top;white-space:nowrap"><b>Technology described</b></td><td style="padding:2px 0">Whole assemblage (only adze prod).</td></tr><tr><td style="padding:2px 10px 2px 0;vertical-align:top;white-space:nowrap"><b>Published source</b></td><td style="padding:2px 0">Clarkson et a. 2015</td></tr><tr><td style="padding:2px 10px 2px 0;vertical-align:top;white-space:nowrap"><b>Techniques recorded</b></td><td style="padding:2px 0">16 of 33</td></tr></table><p style="margin:10px 0 3px"><b>Procedural units present</b></p><p style="margin:0">Platform faceting, Lateral shaping, Distal shaping, Cresting, Overshot flaking, Abrasion, Hard hammer percussion, Support core with hand, Use of an anvil, Core rotation, Soft hammer percussion, Invasive flaking, Tanging, Tranchet, Bifacial retouch, Invasive retouch</p></div>]]></description>
      <ExtendedData>
        <Data name="Source"><value>Clarkson et a. 2015</value></Data>
        <Data name="Species"><value>H. sapiens</value></Data>
        <Data name="Technology"><value>Other</value></Data>
        <Data name="Country"><value>United States of America</value></Data>
        <Data name="Entry type"><value>Archaeological</value></Data>
        <Data name="KA young"><value>0.2</value></Data>
        <Data name="KA old"><value>0.6</value></Data>
        <Data name="Technique count"><value>16</value></Data>
        <Data name="Heat treatment"><value>0</value></Data>
        <Data name="Platform faceting"><value>1</value></Data>
        <Data name="Centripetal shaping"><value>0</value></Data>
        <Data name="Lateral shaping"><value>1</value></Data>
        <Data name="Distal shaping"><value>1</value></Data>
        <Data name="Back shaping"><value>0</value></Data>
        <Data name="Cresting"><value>1</value></Data>
        <Data name="Debordante shaping"><value>0</value></Data>
        <Data name="Overshot flaking"><value>1</value></Data>
        <Data name="Kombewa flaking"><value>0</value></Data>
        <Data name="Core tablet"><value>0</value></Data>
        <Data name="Abrasion"><value>1</value></Data>
        <Data name="Trimming platform overhang"><value>0</value></Data>
        <Data name="Hard hammer percussion"><value>1</value></Data>
        <Data name="Support core with hand"><value>1</value></Data>
        <Data name="Use of an anvil"><value>1</value></Data>
        <Data name="Core rotation"><value>1</value></Data>
        <Data name="Soft hammer percussion"><value>1</value></Data>
        <Data name="Indirect percussion"><value>0</value></Data>
        <Data name="Flaking through pressure"><value>0</value></Data>
        <Data name="Hammer dressing"><value>0</value></Data>
        <Data name="Invasive flaking"><value>1</value></Data>
        <Data name="Ochre use"><value>0</value></Data>
        <Data name="Asphalt use"><value>0</value></Data>
        <Data name="Retouch"><value>0</value></Data>
        <Data name="Backing"><value>0</value></Data>
        <Data name="Notching"><value>0</value></Data>
        <Data name="Burination"><value>0</value></Data>
        <Data name="Tanging"><value>1</value></Data>
        <Data name="Tranchet"><value>1</value></Data>
        <Data name="Bifacial retouch"><value>1</value></Data>
        <Data name="Invasive retouch"><value>1</value></Data>
        <Data name="Pressure flaked retouch"><value>0</value></Data>
      </ExtendedData>
      <Point><coordinates>-157.206239,21.303986,0</coordinates></Point>
    </Placemark>
    <Placemark>
      <name>Lava Ridge Ruin</name>
      <styleUrl>#arch</styleUrl>
      <description><![CDATA[<div style="font:13px/1.45 Helvetica,Arial,sans-serif;max-width:400px"><table><tr><td style="padding:2px 10px 2px 0;vertical-align:top;white-space:nowrap"><b>Site</b></td><td style="padding:2px 0">Lava Ridge Ruin</td></tr><tr><td style="padding:2px 10px 2px 0;vertical-align:top;white-space:nowrap"><b>Country</b></td><td style="padding:2px 0">United States of America</td></tr><tr><td style="padding:2px 10px 2px 0;vertical-align:top;white-space:nowrap"><b>Entry type</b></td><td style="padding:2px 0">Archaeological</td></tr><tr><td style="padding:2px 10px 2px 0;vertical-align:top;white-space:nowrap"><b>Species attribution</b></td><td style="padding:2px 0">H. sapiens</td></tr><tr><td style="padding:2px 10px 2px 0;vertical-align:top;white-space:nowrap"><b>Technology (interpreted)</b></td><td style="padding:2px 0">Other</td></tr><tr><td style="padding:2px 10px 2px 0;vertical-align:top;white-space:nowrap"><b>Age</b></td><td style="padding:2px 0">0.95 - 0.8 ka</td></tr><tr><td style="padding:2px 10px 2px 0;vertical-align:top;white-space:nowrap"><b>Basis for date</b></td><td style="padding:2px 0">-</td></tr><tr><td style="padding:2px 10px 2px 0;vertical-align:top;white-space:nowrap"><b>Scope of entry</b></td><td style="padding:2px 0">Whole assemblage</td></tr><tr><td style="padding:2px 10px 2px 0;vertical-align:top;white-space:nowrap"><b>Technology described</b></td><td style="padding:2px 0">Whole assemblage</td></tr><tr><td style="padding:2px 10px 2px 0;vertical-align:top;white-space:nowrap"><b>Published source</b></td><td style="padding:2px 0">Wambach 2014</td></tr><tr><td style="padding:2px 10px 2px 0;vertical-align:top;white-space:nowrap"><b>Techniques recorded</b></td><td style="padding:2px 0">15 of 33</td></tr></table><p style="margin:10px 0 3px"><b>Procedural units present</b></p><p style="margin:0">Heat treatment, Abrasion, Hard hammer percussion, Support core with hand, Use of an anvil, Core rotation, Soft hammer percussion, Hammer dressing, Retouch, Backing, Notching, Tanging, Bifacial retouch, Invasive retouch, Pressure flaked retouch</p></div>]]></description>
      <ExtendedData>
        <Data name="Source"><value>Wambach 2014</value></Data>
        <Data name="Species"><value>H. sapiens</value></Data>
        <Data name="Technology"><value>Other</value></Data>
        <Data name="Country"><value>United States of America</value></Data>
        <Data name="Entry type"><value>Archaeological</value></Data>
        <Data name="KA young"><value>0.8</value></Data>
        <Data name="KA old"><value>0.95</value></Data>
        <Data name="Technique count"><value>15</value></Data>
        <Data name="Heat treatment"><value>1</value></Data>
        <Data name="Platform faceting"><value>0</value></Data>
        <Data name="Centripetal shaping"><value>0</value></Data>
        <Data name="Lateral shaping"><value>0</value></Data>
        <Data name="Distal shaping"><value>0</value></Data>
        <Data name="Back shaping"><value>0</value></Data>
        <Data name="Cresting"><value>0</value></Data>
        <Data name="Debordante shaping"><value>0</value></Data>
        <Data name="Overshot flaking"><value>0</value></Data>
        <Data name="Kombewa flaking"><value>0</value></Data>
        <Data name="Core tablet"><value>0</value></Data>
        <Data name="Abrasion"><value>1</value></Data>
        <Data name="Trimming platform overhang"><value>0</value></Data>
        <Data name="Hard hammer percussion"><value>1</value></Data>
        <Data name="Support core with hand"><value>1</value></Data>
        <Data name="Use of an anvil"><value>1</value></Data>
        <Data name="Core rotation"><value>1</value></Data>
        <Data name="Soft hammer percussion"><value>1</value></Data>
        <Data name="Indirect percussion"><value>0</value></Data>
        <Data name="Flaking through pressure"><value>0</value></Data>
        <Data name="Hammer dressing"><value>1</value></Data>
        <Data name="Invasive flaking"><value>0</value></Data>
        <Data name="Ochre use"><value>0</value></Data>
        <Data name="Asphalt use"><value>0</value></Data>
        <Data name="Retouch"><value>1</value></Data>
        <Data name="Backing"><value>1</value></Data>
        <Data name="Notching"><value>1</value></Data>
        <Data name="Burination"><value>0</value></Data>
        <Data name="Tanging"><value>1</value></Data>
        <Data name="Tranchet"><value>0</value></Data>
        <Data name="Bifacial retouch"><value>1</value></Data>
        <Data name="Invasive retouch"><value>1</value></Data>
        <Data name="Pressure flaked retouch"><value>1</value></Data>
      </ExtendedData>
      <Point><coordinates>-113.520764,36.117293,0</coordinates></Point>
    </Placemark>
    <Placemark>
      <name>Little man 1</name>
      <styleUrl>#arch</styleUrl>
      <description><![CDATA[<div style="font:13px/1.45 Helvetica,Arial,sans-serif;max-width:400px"><table><tr><td style="padding:2px 10px 2px 0;vertical-align:top;white-space:nowrap"><b>Site</b></td><td style="padding:2px 0">Little man 1</td></tr><tr><td style="padding:2px 10px 2px 0;vertical-align:top;white-space:nowrap"><b>Country</b></td><td style="padding:2px 0">United States of America</td></tr><tr><td style="padding:2px 10px 2px 0;vertical-align:top;white-space:nowrap"><b>Entry type</b></td><td style="padding:2px 0">Archaeological</td></tr><tr><td style="padding:2px 10px 2px 0;vertical-align:top;white-space:nowrap"><b>Species attribution</b></td><td style="padding:2px 0">H. sapiens</td></tr><tr><td style="padding:2px 10px 2px 0;vertical-align:top;white-space:nowrap"><b>Technology (interpreted)</b></td><td style="padding:2px 0">Other</td></tr><tr><td style="padding:2px 10px 2px 0;vertical-align:top;white-space:nowrap"><b>Age</b></td><td style="padding:2px 0">1 - 0.95 ka</td></tr><tr><td style="padding:2px 10px 2px 0;vertical-align:top;white-space:nowrap"><b>Basis for date</b></td><td style="padding:2px 0">Dalley 1988</td></tr><tr><td style="padding:2px 10px 2px 0;vertical-align:top;white-space:nowrap"><b>Scope of entry</b></td><td style="padding:2px 0">Whole assemblage</td></tr><tr><td style="padding:2px 10px 2px 0;vertical-align:top;white-space:nowrap"><b>Technology described</b></td><td style="padding:2px 0">Whole assemblage</td></tr><tr><td style="padding:2px 10px 2px 0;vertical-align:top;white-space:nowrap"><b>Published source</b></td><td style="padding:2px 0">Walling 1988</td></tr><tr><td style="padding:2px 10px 2px 0;vertical-align:top;white-space:nowrap"><b>Techniques recorded</b></td><td style="padding:2px 0">11 of 33</td></tr></table><p style="margin:10px 0 3px"><b>Procedural units present</b></p><p style="margin:0">Abrasion, Hard hammer percussion, Support core with hand, Core rotation, Soft hammer percussion, Hammer dressing, Invasive flaking, Retouch, Bifacial retouch, Invasive retouch, Pressure flaked retouch</p></div>]]></description>
      <ExtendedData>
        <Data name="Source"><value>Walling 1988</value></Data>
        <Data name="Species"><value>H. sapiens</value></Data>
        <Data name="Technology"><value>Other</value></Data>
        <Data name="Country"><value>United States of America</value></Data>
        <Data name="Entry type"><value>Archaeological</value></Data>
        <Data name="KA young"><value>0.95</value></Data>
        <Data name="KA old"><value>1</value></Data>
        <Data name="Technique count"><value>11</value></Data>
        <Data name="Heat treatment"><value>0</value></Data>
        <Data name="Platform faceting"><value>0</value></Data>
        <Data name="Centripetal shaping"><value>0</value></Data>
        <Data name="Lateral shaping"><value>0</value></Data>
        <Data name="Distal shaping"><value>0</value></Data>
        <Data name="Back shaping"><value>0</value></Data>
        <Data name="Cresting"><value>0</value></Data>
        <Data name="Debordante shaping"><value>0</value></Data>
        <Data name="Overshot flaking"><value>0</value></Data>
        <Data name="Kombewa flaking"><value>0</value></Data>
        <Data name="Core tablet"><value>0</value></Data>
        <Data name="Abrasion"><value>1</value></Data>
        <Data name="Trimming platform overhang"><value>0</value></Data>
        <Data name="Hard hammer percussion"><value>1</value></Data>
        <Data name="Support core with hand"><value>1</value></Data>
        <Data name="Use of an anvil"><value>0</value></Data>
        <Data name="Core rotation"><value>1</value></Data>
        <Data name="Soft hammer percussion"><value>1</value></Data>
        <Data name="Indirect percussion"><value>0</value></Data>
        <Data name="Flaking through pressure"><value>0</value></Data>
        <Data name="Hammer dressing"><value>1</value></Data>
        <Data name="Invasive flaking"><value>1</value></Data>
        <Data name="Ochre use"><value>0</value></Data>
        <Data name="Asphalt use"><value>0</value></Data>
        <Data name="Retouch"><value>1</value></Data>
        <Data name="Backing"><value>0</value></Data>
        <Data name="Notching"><value>0</value></Data>
        <Data name="Burination"><value>0</value></Data>
        <Data name="Tanging"><value>0</value></Data>
        <Data name="Tranchet"><value>0</value></Data>
        <Data name="Bifacial retouch"><value>1</value></Data>
        <Data name="Invasive retouch"><value>1</value></Data>
        <Data name="Pressure flaked retouch"><value>1</value></Data>
      </ExtendedData>
      <Point><coordinates>-113.326756,37.207334,0</coordinates></Point>
    </Placemark>
    <Placemark>
      <name>Little man 2</name>
      <styleUrl>#arch</styleUrl>
      <description><![CDATA[<div style="font:13px/1.45 Helvetica,Arial,sans-serif;max-width:400px"><table><tr><td style="padding:2px 10px 2px 0;vertical-align:top;white-space:nowrap"><b>Site</b></td><td style="padding:2px 0">Little man 2</td></tr><tr><td style="padding:2px 10px 2px 0;vertical-align:top;white-space:nowrap"><b>Country</b></td><td style="padding:2px 0">United States of America</td></tr><tr><td style="padding:2px 10px 2px 0;vertical-align:top;white-space:nowrap"><b>Entry type</b></td><td style="padding:2px 0">Archaeological</td></tr><tr><td style="padding:2px 10px 2px 0;vertical-align:top;white-space:nowrap"><b>Species attribution</b></td><td style="padding:2px 0">H. sapiens</td></tr><tr><td style="padding:2px 10px 2px 0;vertical-align:top;white-space:nowrap"><b>Technology (interpreted)</b></td><td style="padding:2px 0">Other</td></tr><tr><td style="padding:2px 10px 2px 0;vertical-align:top;white-space:nowrap"><b>Age</b></td><td style="padding:2px 0">1 - 0.95 ka</td></tr><tr><td style="padding:2px 10px 2px 0;vertical-align:top;white-space:nowrap"><b>Basis for date</b></td><td style="padding:2px 0">Dalley 1988</td></tr><tr><td style="padding:2px 10px 2px 0;vertical-align:top;white-space:nowrap"><b>Scope of entry</b></td><td style="padding:2px 0">Whole assemblage</td></tr><tr><td style="padding:2px 10px 2px 0;vertical-align:top;white-space:nowrap"><b>Technology described</b></td><td style="padding:2px 0">Whole assemblage</td></tr><tr><td style="padding:2px 10px 2px 0;vertical-align:top;white-space:nowrap"><b>Published source</b></td><td style="padding:2px 0">Walling 1988</td></tr><tr><td style="padding:2px 10px 2px 0;vertical-align:top;white-space:nowrap"><b>Techniques recorded</b></td><td style="padding:2px 0">14 of 33</td></tr></table><p style="margin:10px 0 3px"><b>Procedural units present</b></p><p style="margin:0">Abrasion, Hard hammer percussion, Support core with hand, Core rotation, Soft hammer percussion, Hammer dressing, Invasive flaking, Retouch, Backing, Notching, Tanging, Bifacial retouch, Invasive retouch, Pressure flaked retouch</p></div>]]></description>
      <ExtendedData>
        <Data name="Source"><value>Walling 1988</value></Data>
        <Data name="Species"><value>H. sapiens</value></Data>
        <Data name="Technology"><value>Other</value></Data>
        <Data name="Country"><value>United States of America</value></Data>
        <Data name="Entry type"><value>Archaeological</value></Data>
        <Data name="KA young"><value>0.95</value></Data>
        <Data name="KA old"><value>1</value></Data>
        <Data name="Technique count"><value>14</value></Data>
        <Data name="Heat treatment"><value>0</value></Data>
        <Data name="Platform faceting"><value>0</value></Data>
        <Data name="Centripetal shaping"><value>0</value></Data>
        <Data name="Lateral shaping"><value>0</value></Data>
        <Data name="Distal shaping"><value>0</value></Data>
        <Data name="Back shaping"><value>0</value></Data>
        <Data name="Cresting"><value>0</value></Data>
        <Data name="Debordante shaping"><value>0</value></Data>
        <Data name="Overshot flaking"><value>0</value></Data>
        <Data name="Kombewa flaking"><value>0</value></Data>
        <Data name="Core tablet"><value>0</value></Data>
        <Data name="Abrasion"><value>1</value></Data>
        <Data name="Trimming platform overhang"><value>0</value></Data>
        <Data name="Hard hammer percussion"><value>1</value></Data>
        <Data name="Support core with hand"><value>1</value></Data>
        <Data name="Use of an anvil"><value>0</value></Data>
        <Data name="Core rotation"><value>1</value></Data>
        <Data name="Soft hammer percussion"><value>1</value></Data>
        <Data name="Indirect percussion"><value>0</value></Data>
        <Data name="Flaking through pressure"><value>0</value></Data>
        <Data name="Hammer dressing"><value>1</value></Data>
        <Data name="Invasive flaking"><value>1</value></Data>
        <Data name="Ochre use"><value>0</value></Data>
        <Data name="Asphalt use"><value>0</value></Data>
        <Data name="Retouch"><value>1</value></Data>
        <Data name="Backing"><value>1</value></Data>
        <Data name="Notching"><value>1</value></Data>
        <Data name="Burination"><value>0</value></Data>
        <Data name="Tanging"><value>1</value></Data>
        <Data name="Tranchet"><value>0</value></Data>
        <Data name="Bifacial retouch"><value>1</value></Data>
        <Data name="Invasive retouch"><value>1</value></Data>
        <Data name="Pressure flaked retouch"><value>1</value></Data>
      </ExtendedData>
      <Point><coordinates>-113.343315,37.233195,0</coordinates></Point>
    </Placemark>
    <Placemark>
      <name>Little man 3</name>
      <styleUrl>#arch</styleUrl>
      <description><![CDATA[<div style="font:13px/1.45 Helvetica,Arial,sans-serif;max-width:400px"><table><tr><td style="padding:2px 10px 2px 0;vertical-align:top;white-space:nowrap"><b>Site</b></td><td style="padding:2px 0">Little man 3</td></tr><tr><td style="padding:2px 10px 2px 0;vertical-align:top;white-space:nowrap"><b>Country</b></td><td style="padding:2px 0">United States of America</td></tr><tr><td style="padding:2px 10px 2px 0;vertical-align:top;white-space:nowrap"><b>Entry type</b></td><td style="padding:2px 0">Archaeological</td></tr><tr><td style="padding:2px 10px 2px 0;vertical-align:top;white-space:nowrap"><b>Species attribution</b></td><td style="padding:2px 0">H. sapiens</td></tr><tr><td style="padding:2px 10px 2px 0;vertical-align:top;white-space:nowrap"><b>Technology (interpreted)</b></td><td style="padding:2px 0">Other</td></tr><tr><td style="padding:2px 10px 2px 0;vertical-align:top;white-space:nowrap"><b>Age</b></td><td style="padding:2px 0">1.2 - 1 ka</td></tr><tr><td style="padding:2px 10px 2px 0;vertical-align:top;white-space:nowrap"><b>Basis for date</b></td><td style="padding:2px 0">Dalley 1988</td></tr><tr><td style="padding:2px 10px 2px 0;vertical-align:top;white-space:nowrap"><b>Scope of entry</b></td><td style="padding:2px 0">Whole assemblage</td></tr><tr><td style="padding:2px 10px 2px 0;vertical-align:top;white-space:nowrap"><b>Technology described</b></td><td style="padding:2px 0">Whole assemblage</td></tr><tr><td style="padding:2px 10px 2px 0;vertical-align:top;white-space:nowrap"><b>Published source</b></td><td style="padding:2px 0">Walling 1988</td></tr><tr><td style="padding:2px 10px 2px 0;vertical-align:top;white-space:nowrap"><b>Techniques recorded</b></td><td style="padding:2px 0">14 of 33</td></tr></table><p style="margin:10px 0 3px"><b>Procedural units present</b></p><p style="margin:0">Abrasion, Hard hammer percussion, Support core with hand, Core rotation, Soft hammer percussion, Hammer dressing, Invasive flaking, Retouch, Backing, Notching, Tanging, Bifacial retouch, Invasive retouch, Pressure flaked retouch</p></div>]]></description>
      <ExtendedData>
        <Data name="Source"><value>Walling 1988</value></Data>
        <Data name="Species"><value>H. sapiens</value></Data>
        <Data name="Technology"><value>Other</value></Data>
        <Data name="Country"><value>United States of America</value></Data>
        <Data name="Entry type"><value>Archaeological</value></Data>
        <Data name="KA young"><value>1</value></Data>
        <Data name="KA old"><value>1.2</value></Data>
        <Data name="Technique count"><value>14</value></Data>
        <Data name="Heat treatment"><value>0</value></Data>
        <Data name="Platform faceting"><value>0</value></Data>
        <Data name="Centripetal shaping"><value>0</value></Data>
        <Data name="Lateral shaping"><value>0</value></Data>
        <Data name="Distal shaping"><value>0</value></Data>
        <Data name="Back shaping"><value>0</value></Data>
        <Data name="Cresting"><value>0</value></Data>
        <Data name="Debordante shaping"><value>0</value></Data>
        <Data name="Overshot flaking"><value>0</value></Data>
        <Data name="Kombewa flaking"><value>0</value></Data>
        <Data name="Core tablet"><value>0</value></Data>
        <Data name="Abrasion"><value>1</value></Data>
        <Data name="Trimming platform overhang"><value>0</value></Data>
        <Data name="Hard hammer percussion"><value>1</value></Data>
        <Data name="Support core with hand"><value>1</value></Data>
        <Data name="Use of an anvil"><value>0</value></Data>
        <Data name="Core rotation"><value>1</value></Data>
        <Data name="Soft hammer percussion"><value>1</value></Data>
        <Data name="Indirect percussion"><value>0</value></Data>
        <Data name="Flaking through pressure"><value>0</value></Data>
        <Data name="Hammer dressing"><value>1</value></Data>
        <Data name="Invasive flaking"><value>1</value></Data>
        <Data name="Ochre use"><value>0</value></Data>
        <Data name="Asphalt use"><value>0</value></Data>
        <Data name="Retouch"><value>1</value></Data>
        <Data name="Backing"><value>1</value></Data>
        <Data name="Notching"><value>1</value></Data>
        <Data name="Burination"><value>0</value></Data>
        <Data name="Tanging"><value>1</value></Data>
        <Data name="Tranchet"><value>0</value></Data>
        <Data name="Bifacial retouch"><value>1</value></Data>
        <Data name="Invasive retouch"><value>1</value></Data>
        <Data name="Pressure flaked retouch"><value>1</value></Data>
      </ExtendedData>
      <Point><coordinates>-113.334059,37.308667,0</coordinates></Point>
    </Placemark>
    <Placemark>
      <name>Little man sites</name>
      <styleUrl>#arch</styleUrl>
      <description><![CDATA[<div style="font:13px/1.45 Helvetica,Arial,sans-serif;max-width:400px"><table><tr><td style="padding:2px 10px 2px 0;vertical-align:top;white-space:nowrap"><b>Site</b></td><td style="padding:2px 0">Little man sites</td></tr><tr><td style="padding:2px 10px 2px 0;vertical-align:top;white-space:nowrap"><b>Country</b></td><td style="padding:2px 0">United States of America</td></tr><tr><td style="padding:2px 10px 2px 0;vertical-align:top;white-space:nowrap"><b>Entry type</b></td><td style="padding:2px 0">Archaeological</td></tr><tr><td style="padding:2px 10px 2px 0;vertical-align:top;white-space:nowrap"><b>Species attribution</b></td><td style="padding:2px 0">H. sapiens</td></tr><tr><td style="padding:2px 10px 2px 0;vertical-align:top;white-space:nowrap"><b>Technology (interpreted)</b></td><td style="padding:2px 0">Other</td></tr><tr><td style="padding:2px 10px 2px 0;vertical-align:top;white-space:nowrap"><b>Age</b></td><td style="padding:2px 0">1.2 - 0.5 ka</td></tr><tr><td style="padding:2px 10px 2px 0;vertical-align:top;white-space:nowrap"><b>Basis for date</b></td><td style="padding:2px 0">Dalley 1988</td></tr><tr><td style="padding:2px 10px 2px 0;vertical-align:top;white-space:nowrap"><b>Scope of entry</b></td><td style="padding:2px 0">Whole assemblage</td></tr><tr><td style="padding:2px 10px 2px 0;vertical-align:top;white-space:nowrap"><b>Technology described</b></td><td style="padding:2px 0">Whole assemblage</td></tr><tr><td style="padding:2px 10px 2px 0;vertical-align:top;white-space:nowrap"><b>Published source</b></td><td style="padding:2px 0">Walling 1988</td></tr><tr><td style="padding:2px 10px 2px 0;vertical-align:top;white-space:nowrap"><b>Techniques recorded</b></td><td style="padding:2px 0">14 of 33</td></tr></table><p style="margin:10px 0 3px"><b>Procedural units present</b></p><p style="margin:0">Abrasion, Hard hammer percussion, Support core with hand, Core rotation, Soft hammer percussion, Hammer dressing, Invasive flaking, Retouch, Backing, Notching, Tanging, Bifacial retouch, Invasive retouch, Pressure flaked retouch</p></div>]]></description>
      <ExtendedData>
        <Data name="Source"><value>Walling 1988</value></Data>
        <Data name="Species"><value>H. sapiens</value></Data>
        <Data name="Technology"><value>Other</value></Data>
        <Data name="Country"><value>United States of America</value></Data>
        <Data name="Entry type"><value>Archaeological</value></Data>
        <Data name="KA young"><value>0.5</value></Data>
        <Data name="KA old"><value>1.2</value></Data>
        <Data name="Technique count"><value>14</value></Data>
        <Data name="Heat treatment"><value>0</value></Data>
        <Data name="Platform faceting"><value>0</value></Data>
        <Data name="Centripetal shaping"><value>0</value></Data>
        <Data name="Lateral shaping"><value>0</value></Data>
        <Data name="Distal shaping"><value>0</value></Data>
        <Data name="Back shaping"><value>0</value></Data>
        <Data name="Cresting"><value>0</value></Data>
        <Data name="Debordante shaping"><value>0</value></Data>
        <Data name="Overshot flaking"><value>0</value></Data>
        <Data name="Kombewa flaking"><value>0</value></Data>
        <Data name="Core tablet"><value>0</value></Data>
        <Data name="Abrasion"><value>1</value></Data>
        <Data name="Trimming platform overhang"><value>0</value></Data>
        <Data name="Hard hammer percussion"><value>1</value></Data>
        <Data name="Support core with hand"><value>1</value></Data>
        <Data name="Use of an anvil"><value>0</value></Data>
        <Data name="Core rotation"><value>1</value></Data>
        <Data name="Soft hammer percussion"><value>1</value></Data>
        <Data name="Indirect percussion"><value>0</value></Data>
        <Data name="Flaking through pressure"><value>0</value></Data>
        <Data name="Hammer dressing"><value>1</value></Data>
        <Data name="Invasive flaking"><value>1</value></Data>
        <Data name="Ochre use"><value>0</value></Data>
        <Data name="Asphalt use"><value>0</value></Data>
        <Data name="Retouch"><value>1</value></Data>
        <Data name="Backing"><value>1</value></Data>
        <Data name="Notching"><value>1</value></Data>
        <Data name="Burination"><value>0</value></Data>
        <Data name="Tanging"><value>1</value></Data>
        <Data name="Tranchet"><value>0</value></Data>
        <Data name="Bifacial retouch"><value>1</value></Data>
        <Data name="Invasive retouch"><value>1</value></Data>
        <Data name="Pressure flaked retouch"><value>1</value></Data>
      </ExtendedData>
      <Point><coordinates>-113.348436,37.215857,0</coordinates></Point>
    </Placemark>
    <Placemark>
      <name>Meddler Point V:5:4</name>
      <styleUrl>#arch</styleUrl>
      <description><![CDATA[<div style="font:13px/1.45 Helvetica,Arial,sans-serif;max-width:400px"><table><tr><td style="padding:2px 10px 2px 0;vertical-align:top;white-space:nowrap"><b>Site</b></td><td style="padding:2px 0">Meddler Point V:5:4</td></tr><tr><td style="padding:2px 10px 2px 0;vertical-align:top;white-space:nowrap"><b>Country</b></td><td style="padding:2px 0">United States of America</td></tr><tr><td style="padding:2px 10px 2px 0;vertical-align:top;white-space:nowrap"><b>Entry type</b></td><td style="padding:2px 0">Archaeological</td></tr><tr><td style="padding:2px 10px 2px 0;vertical-align:top;white-space:nowrap"><b>Species attribution</b></td><td style="padding:2px 0">H. sapiens</td></tr><tr><td style="padding:2px 10px 2px 0;vertical-align:top;white-space:nowrap"><b>Technology (interpreted)</b></td><td style="padding:2px 0">Other</td></tr><tr><td style="padding:2px 10px 2px 0;vertical-align:top;white-space:nowrap"><b>Age</b></td><td style="padding:2px 0">1.2 - 0.65 ka</td></tr><tr><td style="padding:2px 10px 2px 0;vertical-align:top;white-space:nowrap"><b>Basis for date</b></td><td style="padding:2px 0">table 1.1</td></tr><tr><td style="padding:2px 10px 2px 0;vertical-align:top;white-space:nowrap"><b>Scope of entry</b></td><td style="padding:2px 0">Whole assemblage</td></tr><tr><td style="padding:2px 10px 2px 0;vertical-align:top;white-space:nowrap"><b>Technology described</b></td><td style="padding:2px 0">Whole assemblage</td></tr><tr><td style="padding:2px 10px 2px 0;vertical-align:top;white-space:nowrap"><b>Published source</b></td><td style="padding:2px 0">Lindeman 1995 and Adams 1995</td></tr><tr><td style="padding:2px 10px 2px 0;vertical-align:top;white-space:nowrap"><b>Techniques recorded</b></td><td style="padding:2px 0">12 of 33</td></tr></table><p style="margin:10px 0 3px"><b>Procedural units present</b></p><p style="margin:0">Hard hammer percussion, Support core with hand, Use of an anvil, Core rotation, Hammer dressing, Retouch, Backing, Notching, Tanging, Bifacial retouch, Invasive retouch, Pressure flaked retouch</p></div>]]></description>
      <ExtendedData>
        <Data name="Source"><value>Lindeman 1995 and Adams 1995</value></Data>
        <Data name="Species"><value>H. sapiens</value></Data>
        <Data name="Technology"><value>Other</value></Data>
        <Data name="Country"><value>United States of America</value></Data>
        <Data name="Entry type"><value>Archaeological</value></Data>
        <Data name="KA young"><value>0.65</value></Data>
        <Data name="KA old"><value>1.2</value></Data>
        <Data name="Technique count"><value>12</value></Data>
        <Data name="Heat treatment"><value>0</value></Data>
        <Data name="Platform faceting"><value>0</value></Data>
        <Data name="Centripetal shaping"><value>0</value></Data>
        <Data name="Lateral shaping"><value>0</value></Data>
        <Data name="Distal shaping"><value>0</value></Data>
        <Data name="Back shaping"><value>0</value></Data>
        <Data name="Cresting"><value>0</value></Data>
        <Data name="Debordante shaping"><value>0</value></Data>
        <Data name="Overshot flaking"><value>0</value></Data>
        <Data name="Kombewa flaking"><value>0</value></Data>
        <Data name="Core tablet"><value>0</value></Data>
        <Data name="Abrasion"><value>0</value></Data>
        <Data name="Trimming platform overhang"><value>0</value></Data>
        <Data name="Hard hammer percussion"><value>1</value></Data>
        <Data name="Support core with hand"><value>1</value></Data>
        <Data name="Use of an anvil"><value>1</value></Data>
        <Data name="Core rotation"><value>1</value></Data>
        <Data name="Soft hammer percussion"><value>0</value></Data>
        <Data name="Indirect percussion"><value>0</value></Data>
        <Data name="Flaking through pressure"><value>0</value></Data>
        <Data name="Hammer dressing"><value>1</value></Data>
        <Data name="Invasive flaking"><value>0</value></Data>
        <Data name="Ochre use"><value>0</value></Data>
        <Data name="Asphalt use"><value>0</value></Data>
        <Data name="Retouch"><value>1</value></Data>
        <Data name="Backing"><value>1</value></Data>
        <Data name="Notching"><value>1</value></Data>
        <Data name="Burination"><value>0</value></Data>
        <Data name="Tanging"><value>1</value></Data>
        <Data name="Tranchet"><value>0</value></Data>
        <Data name="Bifacial retouch"><value>1</value></Data>
        <Data name="Invasive retouch"><value>1</value></Data>
        <Data name="Pressure flaked retouch"><value>1</value></Data>
      </ExtendedData>
      <Point><coordinates>-110.969805,33.576483,0</coordinates></Point>
    </Placemark>
    <Placemark>
      <name>NA 11047</name>
      <styleUrl>#arch</styleUrl>
      <description><![CDATA[<div style="font:13px/1.45 Helvetica,Arial,sans-serif;max-width:400px"><table><tr><td style="padding:2px 10px 2px 0;vertical-align:top;white-space:nowrap"><b>Site</b></td><td style="padding:2px 0">NA 11047</td></tr><tr><td style="padding:2px 10px 2px 0;vertical-align:top;white-space:nowrap"><b>Country</b></td><td style="padding:2px 0">United States of America</td></tr><tr><td style="padding:2px 10px 2px 0;vertical-align:top;white-space:nowrap"><b>Entry type</b></td><td style="padding:2px 0">Archaeological</td></tr><tr><td style="padding:2px 10px 2px 0;vertical-align:top;white-space:nowrap"><b>Species attribution</b></td><td style="padding:2px 0">H. sapiens</td></tr><tr><td style="padding:2px 10px 2px 0;vertical-align:top;white-space:nowrap"><b>Technology (interpreted)</b></td><td style="padding:2px 0">Other</td></tr><tr><td style="padding:2px 10px 2px 0;vertical-align:top;white-space:nowrap"><b>Age</b></td><td style="padding:2px 0">0.9 - 0.7 ka</td></tr><tr><td style="padding:2px 10px 2px 0;vertical-align:top;white-space:nowrap"><b>Basis for date</b></td><td style="padding:2px 0">Stebbins 1986</td></tr><tr><td style="padding:2px 10px 2px 0;vertical-align:top;white-space:nowrap"><b>Scope of entry</b></td><td style="padding:2px 0">Whole assemblage</td></tr><tr><td style="padding:2px 10px 2px 0;vertical-align:top;white-space:nowrap"><b>Technology described</b></td><td style="padding:2px 0">Whole assemblage</td></tr><tr><td style="padding:2px 10px 2px 0;vertical-align:top;white-space:nowrap"><b>Published source</b></td><td style="padding:2px 0">Paige 2022 and Stebbins 1986</td></tr><tr><td style="padding:2px 10px 2px 0;vertical-align:top;white-space:nowrap"><b>Techniques recorded</b></td><td style="padding:2px 0">16 of 33</td></tr></table><p style="margin:10px 0 3px"><b>Procedural units present</b></p><p style="margin:0">Kombewa flaking, Abrasion, Trimming platform overhang, Hard hammer percussion, Support core with hand, Use of an anvil, Core rotation, Soft hammer percussion, Hammer dressing, Retouch, Backing, Notching, Tanging, Bifacial retouch, Invasive retouch, Pressure flaked retouch</p></div>]]></description>
      <ExtendedData>
        <Data name="Source"><value>Paige 2022 and Stebbins 1986</value></Data>
        <Data name="Species"><value>H. sapiens</value></Data>
        <Data name="Technology"><value>Other</value></Data>
        <Data name="Country"><value>United States of America</value></Data>
        <Data name="Entry type"><value>Archaeological</value></Data>
        <Data name="KA young"><value>0.7</value></Data>
        <Data name="KA old"><value>0.9</value></Data>
        <Data name="Technique count"><value>16</value></Data>
        <Data name="Heat treatment"><value>0</value></Data>
        <Data name="Platform faceting"><value>0</value></Data>
        <Data name="Centripetal shaping"><value>0</value></Data>
        <Data name="Lateral shaping"><value>0</value></Data>
        <Data name="Distal shaping"><value>0</value></Data>
        <Data name="Back shaping"><value>0</value></Data>
        <Data name="Cresting"><value>0</value></Data>
        <Data name="Debordante shaping"><value>0</value></Data>
        <Data name="Overshot flaking"><value>0</value></Data>
        <Data name="Kombewa flaking"><value>1</value></Data>
        <Data name="Core tablet"><value>0</value></Data>
        <Data name="Abrasion"><value>1</value></Data>
        <Data name="Trimming platform overhang"><value>1</value></Data>
        <Data name="Hard hammer percussion"><value>1</value></Data>
        <Data name="Support core with hand"><value>1</value></Data>
        <Data name="Use of an anvil"><value>1</value></Data>
        <Data name="Core rotation"><value>1</value></Data>
        <Data name="Soft hammer percussion"><value>1</value></Data>
        <Data name="Indirect percussion"><value>0</value></Data>
        <Data name="Flaking through pressure"><value>0</value></Data>
        <Data name="Hammer dressing"><value>1</value></Data>
        <Data name="Invasive flaking"><value>0</value></Data>
        <Data name="Ochre use"><value>0</value></Data>
        <Data name="Asphalt use"><value>0</value></Data>
        <Data name="Retouch"><value>1</value></Data>
        <Data name="Backing"><value>1</value></Data>
        <Data name="Notching"><value>1</value></Data>
        <Data name="Burination"><value>0</value></Data>
        <Data name="Tanging"><value>1</value></Data>
        <Data name="Tranchet"><value>0</value></Data>
        <Data name="Bifacial retouch"><value>1</value></Data>
        <Data name="Invasive retouch"><value>1</value></Data>
        <Data name="Pressure flaked retouch"><value>1</value></Data>
      </ExtendedData>
      <Point><coordinates>-110.622306,36.375257,0</coordinates></Point>
    </Placemark>
    <Placemark>
      <name>NA 11057</name>
      <styleUrl>#arch</styleUrl>
      <description><![CDATA[<div style="font:13px/1.45 Helvetica,Arial,sans-serif;max-width:400px"><table><tr><td style="padding:2px 10px 2px 0;vertical-align:top;white-space:nowrap"><b>Site</b></td><td style="padding:2px 0">NA 11057</td></tr><tr><td style="padding:2px 10px 2px 0;vertical-align:top;white-space:nowrap"><b>Country</b></td><td style="padding:2px 0">United States of America</td></tr><tr><td style="padding:2px 10px 2px 0;vertical-align:top;white-space:nowrap"><b>Entry type</b></td><td style="padding:2px 0">Archaeological</td></tr><tr><td style="padding:2px 10px 2px 0;vertical-align:top;white-space:nowrap"><b>Species attribution</b></td><td style="padding:2px 0">H. sapiens</td></tr><tr><td style="padding:2px 10px 2px 0;vertical-align:top;white-space:nowrap"><b>Technology (interpreted)</b></td><td style="padding:2px 0">Other</td></tr><tr><td style="padding:2px 10px 2px 0;vertical-align:top;white-space:nowrap"><b>Age</b></td><td style="padding:2px 0">0.9 - 0.7 ka</td></tr><tr><td style="padding:2px 10px 2px 0;vertical-align:top;white-space:nowrap"><b>Basis for date</b></td><td style="padding:2px 0">Stebbins 1986</td></tr><tr><td style="padding:2px 10px 2px 0;vertical-align:top;white-space:nowrap"><b>Scope of entry</b></td><td style="padding:2px 0">Whole assemblage</td></tr><tr><td style="padding:2px 10px 2px 0;vertical-align:top;white-space:nowrap"><b>Technology described</b></td><td style="padding:2px 0">Whole assemblage</td></tr><tr><td style="padding:2px 10px 2px 0;vertical-align:top;white-space:nowrap"><b>Published source</b></td><td style="padding:2px 0">Paige 2022 and Stebbins 1986</td></tr><tr><td style="padding:2px 10px 2px 0;vertical-align:top;white-space:nowrap"><b>Techniques recorded</b></td><td style="padding:2px 0">16 of 33</td></tr></table><p style="margin:10px 0 3px"><b>Procedural units present</b></p><p style="margin:0">Abrasion, Trimming platform overhang, Hard hammer percussion, Support core with hand, Use of an anvil, Core rotation, Soft hammer percussion, Hammer dressing, Retouch, Backing, Notching, Burination, Tanging, Bifacial retouch, Invasive retouch, Pressure flaked retouch</p></div>]]></description>
      <ExtendedData>
        <Data name="Source"><value>Paige 2022 and Stebbins 1986</value></Data>
        <Data name="Species"><value>H. sapiens</value></Data>
        <Data name="Technology"><value>Other</value></Data>
        <Data name="Country"><value>United States of America</value></Data>
        <Data name="Entry type"><value>Archaeological</value></Data>
        <Data name="KA young"><value>0.7</value></Data>
        <Data name="KA old"><value>0.9</value></Data>
        <Data name="Technique count"><value>16</value></Data>
        <Data name="Heat treatment"><value>0</value></Data>
        <Data name="Platform faceting"><value>0</value></Data>
        <Data name="Centripetal shaping"><value>0</value></Data>
        <Data name="Lateral shaping"><value>0</value></Data>
        <Data name="Distal shaping"><value>0</value></Data>
        <Data name="Back shaping"><value>0</value></Data>
        <Data name="Cresting"><value>0</value></Data>
        <Data name="Debordante shaping"><value>0</value></Data>
        <Data name="Overshot flaking"><value>0</value></Data>
        <Data name="Kombewa flaking"><value>0</value></Data>
        <Data name="Core tablet"><value>0</value></Data>
        <Data name="Abrasion"><value>1</value></Data>
        <Data name="Trimming platform overhang"><value>1</value></Data>
        <Data name="Hard hammer percussion"><value>1</value></Data>
        <Data name="Support core with hand"><value>1</value></Data>
        <Data name="Use of an anvil"><value>1</value></Data>
        <Data name="Core rotation"><value>1</value></Data>
        <Data name="Soft hammer percussion"><value>1</value></Data>
        <Data name="Indirect percussion"><value>0</value></Data>
        <Data name="Flaking through pressure"><value>0</value></Data>
        <Data name="Hammer dressing"><value>1</value></Data>
        <Data name="Invasive flaking"><value>0</value></Data>
        <Data name="Ochre use"><value>0</value></Data>
        <Data name="Asphalt use"><value>0</value></Data>
        <Data name="Retouch"><value>1</value></Data>
        <Data name="Backing"><value>1</value></Data>
        <Data name="Notching"><value>1</value></Data>
        <Data name="Burination"><value>1</value></Data>
        <Data name="Tanging"><value>1</value></Data>
        <Data name="Tranchet"><value>0</value></Data>
        <Data name="Bifacial retouch"><value>1</value></Data>
        <Data name="Invasive retouch"><value>1</value></Data>
        <Data name="Pressure flaked retouch"><value>1</value></Data>
      </ExtendedData>
      <Point><coordinates>-110.867351,36.296190,0</coordinates></Point>
    </Placemark>
    <Placemark>
      <name>Peter's Pocket</name>
      <styleUrl>#arch</styleUrl>
      <description><![CDATA[<div style="font:13px/1.45 Helvetica,Arial,sans-serif;max-width:400px"><table><tr><td style="padding:2px 10px 2px 0;vertical-align:top;white-space:nowrap"><b>Site</b></td><td style="padding:2px 0">Peter's Pocket</td></tr><tr><td style="padding:2px 10px 2px 0;vertical-align:top;white-space:nowrap"><b>Country</b></td><td style="padding:2px 0">United States of America</td></tr><tr><td style="padding:2px 10px 2px 0;vertical-align:top;white-space:nowrap"><b>Entry type</b></td><td style="padding:2px 0">Archaeological</td></tr><tr><td style="padding:2px 10px 2px 0;vertical-align:top;white-space:nowrap"><b>Species attribution</b></td><td style="padding:2px 0">H. sapiens</td></tr><tr><td style="padding:2px 10px 2px 0;vertical-align:top;white-space:nowrap"><b>Technology (interpreted)</b></td><td style="padding:2px 0">Other</td></tr><tr><td style="padding:2px 10px 2px 0;vertical-align:top;white-space:nowrap"><b>Age</b></td><td style="padding:2px 0">1 - 0.85 ka</td></tr><tr><td style="padding:2px 10px 2px 0;vertical-align:top;white-space:nowrap"><b>Basis for date</b></td><td style="padding:2px 0">-</td></tr><tr><td style="padding:2px 10px 2px 0;vertical-align:top;white-space:nowrap"><b>Scope of entry</b></td><td style="padding:2px 0">Whole assemblage</td></tr><tr><td style="padding:2px 10px 2px 0;vertical-align:top;white-space:nowrap"><b>Technology described</b></td><td style="padding:2px 0">Whole assemblage</td></tr><tr><td style="padding:2px 10px 2px 0;vertical-align:top;white-space:nowrap"><b>Published source</b></td><td style="padding:2px 0">Wambach 2014</td></tr><tr><td style="padding:2px 10px 2px 0;vertical-align:top;white-space:nowrap"><b>Techniques recorded</b></td><td style="padding:2px 0">14 of 33</td></tr></table><p style="margin:10px 0 3px"><b>Procedural units present</b></p><p style="margin:0">Heat treatment, Abrasion, Hard hammer percussion, Support core with hand, Core rotation, Soft hammer percussion, Hammer dressing, Retouch, Backing, Notching, Tanging, Bifacial retouch, Invasive retouch, Pressure flaked retouch</p></div>]]></description>
      <ExtendedData>
        <Data name="Source"><value>Wambach 2014</value></Data>
        <Data name="Species"><value>H. sapiens</value></Data>
        <Data name="Technology"><value>Other</value></Data>
        <Data name="Country"><value>United States of America</value></Data>
        <Data name="Entry type"><value>Archaeological</value></Data>
        <Data name="KA young"><value>0.85</value></Data>
        <Data name="KA old"><value>1</value></Data>
        <Data name="Technique count"><value>14</value></Data>
        <Data name="Heat treatment"><value>1</value></Data>
        <Data name="Platform faceting"><value>0</value></Data>
        <Data name="Centripetal shaping"><value>0</value></Data>
        <Data name="Lateral shaping"><value>0</value></Data>
        <Data name="Distal shaping"><value>0</value></Data>
        <Data name="Back shaping"><value>0</value></Data>
        <Data name="Cresting"><value>0</value></Data>
        <Data name="Debordante shaping"><value>0</value></Data>
        <Data name="Overshot flaking"><value>0</value></Data>
        <Data name="Kombewa flaking"><value>0</value></Data>
        <Data name="Core tablet"><value>0</value></Data>
        <Data name="Abrasion"><value>1</value></Data>
        <Data name="Trimming platform overhang"><value>0</value></Data>
        <Data name="Hard hammer percussion"><value>1</value></Data>
        <Data name="Support core with hand"><value>1</value></Data>
        <Data name="Use of an anvil"><value>0</value></Data>
        <Data name="Core rotation"><value>1</value></Data>
        <Data name="Soft hammer percussion"><value>1</value></Data>
        <Data name="Indirect percussion"><value>0</value></Data>
        <Data name="Flaking through pressure"><value>0</value></Data>
        <Data name="Hammer dressing"><value>1</value></Data>
        <Data name="Invasive flaking"><value>0</value></Data>
        <Data name="Ochre use"><value>0</value></Data>
        <Data name="Asphalt use"><value>0</value></Data>
        <Data name="Retouch"><value>1</value></Data>
        <Data name="Backing"><value>1</value></Data>
        <Data name="Notching"><value>1</value></Data>
        <Data name="Burination"><value>0</value></Data>
        <Data name="Tanging"><value>1</value></Data>
        <Data name="Tranchet"><value>0</value></Data>
        <Data name="Bifacial retouch"><value>1</value></Data>
        <Data name="Invasive retouch"><value>1</value></Data>
        <Data name="Pressure flaked retouch"><value>1</value></Data>
      </ExtendedData>
      <Point><coordinates>-113.561991,36.139492,0</coordinates></Point>
    </Placemark>
    <Placemark>
      <name>Porcupine Site V:5:106</name>
      <styleUrl>#arch</styleUrl>
      <description><![CDATA[<div style="font:13px/1.45 Helvetica,Arial,sans-serif;max-width:400px"><table><tr><td style="padding:2px 10px 2px 0;vertical-align:top;white-space:nowrap"><b>Site</b></td><td style="padding:2px 0">Porcupine Site V:5:106</td></tr><tr><td style="padding:2px 10px 2px 0;vertical-align:top;white-space:nowrap"><b>Country</b></td><td style="padding:2px 0">United States of America</td></tr><tr><td style="padding:2px 10px 2px 0;vertical-align:top;white-space:nowrap"><b>Entry type</b></td><td style="padding:2px 0">Archaeological</td></tr><tr><td style="padding:2px 10px 2px 0;vertical-align:top;white-space:nowrap"><b>Species attribution</b></td><td style="padding:2px 0">H. sapiens</td></tr><tr><td style="padding:2px 10px 2px 0;vertical-align:top;white-space:nowrap"><b>Technology (interpreted)</b></td><td style="padding:2px 0">Other</td></tr><tr><td style="padding:2px 10px 2px 0;vertical-align:top;white-space:nowrap"><b>Age</b></td><td style="padding:2px 0">0.7 - 0.65 ka</td></tr><tr><td style="padding:2px 10px 2px 0;vertical-align:top;white-space:nowrap"><b>Basis for date</b></td><td style="padding:2px 0">table 1.1</td></tr><tr><td style="padding:2px 10px 2px 0;vertical-align:top;white-space:nowrap"><b>Scope of entry</b></td><td style="padding:2px 0">Whole assemblage</td></tr><tr><td style="padding:2px 10px 2px 0;vertical-align:top;white-space:nowrap"><b>Technology described</b></td><td style="padding:2px 0">Whole assemblage</td></tr><tr><td style="padding:2px 10px 2px 0;vertical-align:top;white-space:nowrap"><b>Published source</b></td><td style="padding:2px 0">Lindeman 1995 and Adams 1995</td></tr><tr><td style="padding:2px 10px 2px 0;vertical-align:top;white-space:nowrap"><b>Techniques recorded</b></td><td style="padding:2px 0">9 of 33</td></tr></table><p style="margin:10px 0 3px"><b>Procedural units present</b></p><p style="margin:0">Hard hammer percussion, Support core with hand, Core rotation, Hammer dressing, Retouch, Tanging, Bifacial retouch, Invasive retouch, Pressure flaked retouch</p></div>]]></description>
      <ExtendedData>
        <Data name="Source"><value>Lindeman 1995 and Adams 1995</value></Data>
        <Data name="Species"><value>H. sapiens</value></Data>
        <Data name="Technology"><value>Other</value></Data>
        <Data name="Country"><value>United States of America</value></Data>
        <Data name="Entry type"><value>Archaeological</value></Data>
        <Data name="KA young"><value>0.65</value></Data>
        <Data name="KA old"><value>0.7</value></Data>
        <Data name="Technique count"><value>9</value></Data>
        <Data name="Heat treatment"><value>0</value></Data>
        <Data name="Platform faceting"><value>0</value></Data>
        <Data name="Centripetal shaping"><value>0</value></Data>
        <Data name="Lateral shaping"><value>0</value></Data>
        <Data name="Distal shaping"><value>0</value></Data>
        <Data name="Back shaping"><value>0</value></Data>
        <Data name="Cresting"><value>0</value></Data>
        <Data name="Debordante shaping"><value>0</value></Data>
        <Data name="Overshot flaking"><value>0</value></Data>
        <Data name="Kombewa flaking"><value>0</value></Data>
        <Data name="Core tablet"><value>0</value></Data>
        <Data name="Abrasion"><value>0</value></Data>
        <Data name="Trimming platform overhang"><value>0</value></Data>
        <Data name="Hard hammer percussion"><value>1</value></Data>
        <Data name="Support core with hand"><value>1</value></Data>
        <Data name="Use of an anvil"><value>0</value></Data>
        <Data name="Core rotation"><value>1</value></Data>
        <Data name="Soft hammer percussion"><value>0</value></Data>
        <Data name="Indirect percussion"><value>0</value></Data>
        <Data name="Flaking through pressure"><value>0</value></Data>
        <Data name="Hammer dressing"><value>1</value></Data>
        <Data name="Invasive flaking"><value>0</value></Data>
        <Data name="Ochre use"><value>0</value></Data>
        <Data name="Asphalt use"><value>0</value></Data>
        <Data name="Retouch"><value>1</value></Data>
        <Data name="Backing"><value>0</value></Data>
        <Data name="Notching"><value>0</value></Data>
        <Data name="Burination"><value>0</value></Data>
        <Data name="Tanging"><value>1</value></Data>
        <Data name="Tranchet"><value>0</value></Data>
        <Data name="Bifacial retouch"><value>1</value></Data>
        <Data name="Invasive retouch"><value>1</value></Data>
        <Data name="Pressure flaked retouch"><value>1</value></Data>
      </ExtendedData>
      <Point><coordinates>-110.966224,33.515824,0</coordinates></Point>
    </Placemark>
    <Placemark>
      <name>Pyramid Point V:5:1</name>
      <styleUrl>#arch</styleUrl>
      <description><![CDATA[<div style="font:13px/1.45 Helvetica,Arial,sans-serif;max-width:400px"><table><tr><td style="padding:2px 10px 2px 0;vertical-align:top;white-space:nowrap"><b>Site</b></td><td style="padding:2px 0">Pyramid Point V:5:1</td></tr><tr><td style="padding:2px 10px 2px 0;vertical-align:top;white-space:nowrap"><b>Country</b></td><td style="padding:2px 0">United States of America</td></tr><tr><td style="padding:2px 10px 2px 0;vertical-align:top;white-space:nowrap"><b>Entry type</b></td><td style="padding:2px 0">Archaeological</td></tr><tr><td style="padding:2px 10px 2px 0;vertical-align:top;white-space:nowrap"><b>Species attribution</b></td><td style="padding:2px 0">H. sapiens</td></tr><tr><td style="padding:2px 10px 2px 0;vertical-align:top;white-space:nowrap"><b>Technology (interpreted)</b></td><td style="padding:2px 0">Other</td></tr><tr><td style="padding:2px 10px 2px 0;vertical-align:top;white-space:nowrap"><b>Age</b></td><td style="padding:2px 0">0.7 - 0.6 ka</td></tr><tr><td style="padding:2px 10px 2px 0;vertical-align:top;white-space:nowrap"><b>Basis for date</b></td><td style="padding:2px 0">table 1.1</td></tr><tr><td style="padding:2px 10px 2px 0;vertical-align:top;white-space:nowrap"><b>Scope of entry</b></td><td style="padding:2px 0">Whole assemblage</td></tr><tr><td style="padding:2px 10px 2px 0;vertical-align:top;white-space:nowrap"><b>Technology described</b></td><td style="padding:2px 0">Whole assemblage</td></tr><tr><td style="padding:2px 10px 2px 0;vertical-align:top;white-space:nowrap"><b>Published source</b></td><td style="padding:2px 0">Lindeman 1995 and Adams 1995</td></tr><tr><td style="padding:2px 10px 2px 0;vertical-align:top;white-space:nowrap"><b>Techniques recorded</b></td><td style="padding:2px 0">11 of 33</td></tr></table><p style="margin:10px 0 3px"><b>Procedural units present</b></p><p style="margin:0">Hard hammer percussion, Support core with hand, Core rotation, Hammer dressing, Retouch, Backing, Notching, Tanging, Bifacial retouch, Invasive retouch, Pressure flaked retouch</p></div>]]></description>
      <ExtendedData>
        <Data name="Source"><value>Lindeman 1995 and Adams 1995</value></Data>
        <Data name="Species"><value>H. sapiens</value></Data>
        <Data name="Technology"><value>Other</value></Data>
        <Data name="Country"><value>United States of America</value></Data>
        <Data name="Entry type"><value>Archaeological</value></Data>
        <Data name="KA young"><value>0.6</value></Data>
        <Data name="KA old"><value>0.7</value></Data>
        <Data name="Technique count"><value>11</value></Data>
        <Data name="Heat treatment"><value>0</value></Data>
        <Data name="Platform faceting"><value>0</value></Data>
        <Data name="Centripetal shaping"><value>0</value></Data>
        <Data name="Lateral shaping"><value>0</value></Data>
        <Data name="Distal shaping"><value>0</value></Data>
        <Data name="Back shaping"><value>0</value></Data>
        <Data name="Cresting"><value>0</value></Data>
        <Data name="Debordante shaping"><value>0</value></Data>
        <Data name="Overshot flaking"><value>0</value></Data>
        <Data name="Kombewa flaking"><value>0</value></Data>
        <Data name="Core tablet"><value>0</value></Data>
        <Data name="Abrasion"><value>0</value></Data>
        <Data name="Trimming platform overhang"><value>0</value></Data>
        <Data name="Hard hammer percussion"><value>1</value></Data>
        <Data name="Support core with hand"><value>1</value></Data>
        <Data name="Use of an anvil"><value>0</value></Data>
        <Data name="Core rotation"><value>1</value></Data>
        <Data name="Soft hammer percussion"><value>0</value></Data>
        <Data name="Indirect percussion"><value>0</value></Data>
        <Data name="Flaking through pressure"><value>0</value></Data>
        <Data name="Hammer dressing"><value>1</value></Data>
        <Data name="Invasive flaking"><value>0</value></Data>
        <Data name="Ochre use"><value>0</value></Data>
        <Data name="Asphalt use"><value>0</value></Data>
        <Data name="Retouch"><value>1</value></Data>
        <Data name="Backing"><value>1</value></Data>
        <Data name="Notching"><value>1</value></Data>
        <Data name="Burination"><value>0</value></Data>
        <Data name="Tanging"><value>1</value></Data>
        <Data name="Tranchet"><value>0</value></Data>
        <Data name="Bifacial retouch"><value>1</value></Data>
        <Data name="Invasive retouch"><value>1</value></Data>
        <Data name="Pressure flaked retouch"><value>1</value></Data>
      </ExtendedData>
      <Point><coordinates>-111.000214,33.590359,0</coordinates></Point>
    </Placemark>
    <Placemark>
      <name>Reeve Ranch Ruin</name>
      <styleUrl>#arch</styleUrl>
      <description><![CDATA[<div style="font:13px/1.45 Helvetica,Arial,sans-serif;max-width:400px"><table><tr><td style="padding:2px 10px 2px 0;vertical-align:top;white-space:nowrap"><b>Site</b></td><td style="padding:2px 0">Reeve Ranch Ruin</td></tr><tr><td style="padding:2px 10px 2px 0;vertical-align:top;white-space:nowrap"><b>Country</b></td><td style="padding:2px 0">United States of America</td></tr><tr><td style="padding:2px 10px 2px 0;vertical-align:top;white-space:nowrap"><b>Entry type</b></td><td style="padding:2px 0">Archaeological</td></tr><tr><td style="padding:2px 10px 2px 0;vertical-align:top;white-space:nowrap"><b>Species attribution</b></td><td style="padding:2px 0">H. sapiens</td></tr><tr><td style="padding:2px 10px 2px 0;vertical-align:top;white-space:nowrap"><b>Technology (interpreted)</b></td><td style="padding:2px 0">Other</td></tr><tr><td style="padding:2px 10px 2px 0;vertical-align:top;white-space:nowrap"><b>Age</b></td><td style="padding:2px 0">0.7 - 0.6 ka</td></tr><tr><td style="padding:2px 10px 2px 0;vertical-align:top;white-space:nowrap"><b>Basis for date</b></td><td style="padding:2px 0">-</td></tr><tr><td style="padding:2px 10px 2px 0;vertical-align:top;white-space:nowrap"><b>Scope of entry</b></td><td style="padding:2px 0">Single sequence</td></tr><tr><td style="padding:2px 10px 2px 0;vertical-align:top;white-space:nowrap"><b>Technology described</b></td><td style="padding:2px 0">Bipolar percussion of obsidian cobble some of those bipolar flakes are set aside platforms abraded pressure flaked to form arrowheads with tangs.</td></tr><tr><td style="padding:2px 10px 2px 0;vertical-align:top;white-space:nowrap"><b>Published source</b></td><td style="padding:2px 0">Paige 2022</td></tr><tr><td style="padding:2px 10px 2px 0;vertical-align:top;white-space:nowrap"><b>Techniques recorded</b></td><td style="padding:2px 0">9 of 33</td></tr></table><p style="margin:10px 0 3px"><b>Procedural units present</b></p><p style="margin:0">Abrasion, Hard hammer percussion, Support core with hand, Use of an anvil, Core rotation, Invasive flaking, Bifacial retouch, Invasive retouch, Pressure flaked retouch</p></div>]]></description>
      <ExtendedData>
        <Data name="Source"><value>Paige 2022</value></Data>
        <Data name="Species"><value>H. sapiens</value></Data>
        <Data name="Technology"><value>Other</value></Data>
        <Data name="Country"><value>United States of America</value></Data>
        <Data name="Entry type"><value>Archaeological</value></Data>
        <Data name="KA young"><value>0.6</value></Data>
        <Data name="KA old"><value>0.7</value></Data>
        <Data name="Technique count"><value>9</value></Data>
        <Data name="Heat treatment"><value>0</value></Data>
        <Data name="Platform faceting"><value>0</value></Data>
        <Data name="Centripetal shaping"><value>0</value></Data>
        <Data name="Lateral shaping"><value>0</value></Data>
        <Data name="Distal shaping"><value>0</value></Data>
        <Data name="Back shaping"><value>0</value></Data>
        <Data name="Cresting"><value>0</value></Data>
        <Data name="Debordante shaping"><value>0</value></Data>
        <Data name="Overshot flaking"><value>0</value></Data>
        <Data name="Kombewa flaking"><value>0</value></Data>
        <Data name="Core tablet"><value>0</value></Data>
        <Data name="Abrasion"><value>1</value></Data>
        <Data name="Trimming platform overhang"><value>0</value></Data>
        <Data name="Hard hammer percussion"><value>1</value></Data>
        <Data name="Support core with hand"><value>1</value></Data>
        <Data name="Use of an anvil"><value>1</value></Data>
        <Data name="Core rotation"><value>1</value></Data>
        <Data name="Soft hammer percussion"><value>0</value></Data>
        <Data name="Indirect percussion"><value>0</value></Data>
        <Data name="Flaking through pressure"><value>0</value></Data>
        <Data name="Hammer dressing"><value>0</value></Data>
        <Data name="Invasive flaking"><value>1</value></Data>
        <Data name="Ochre use"><value>0</value></Data>
        <Data name="Asphalt use"><value>0</value></Data>
        <Data name="Retouch"><value>0</value></Data>
        <Data name="Backing"><value>0</value></Data>
        <Data name="Notching"><value>0</value></Data>
        <Data name="Burination"><value>0</value></Data>
        <Data name="Tanging"><value>0</value></Data>
        <Data name="Tranchet"><value>0</value></Data>
        <Data name="Bifacial retouch"><value>1</value></Data>
        <Data name="Invasive retouch"><value>1</value></Data>
        <Data name="Pressure flaked retouch"><value>1</value></Data>
      </ExtendedData>
      <Point><coordinates>-110.483526,32.383402,0</coordinates></Point>
    </Placemark>
    <Placemark>
      <name>Site 232</name>
      <styleUrl>#arch</styleUrl>
      <description><![CDATA[<div style="font:13px/1.45 Helvetica,Arial,sans-serif;max-width:400px"><table><tr><td style="padding:2px 10px 2px 0;vertical-align:top;white-space:nowrap"><b>Site</b></td><td style="padding:2px 0">Site 232</td></tr><tr><td style="padding:2px 10px 2px 0;vertical-align:top;white-space:nowrap"><b>Country</b></td><td style="padding:2px 0">United States of America</td></tr><tr><td style="padding:2px 10px 2px 0;vertical-align:top;white-space:nowrap"><b>Entry type</b></td><td style="padding:2px 0">Archaeological</td></tr><tr><td style="padding:2px 10px 2px 0;vertical-align:top;white-space:nowrap"><b>Species attribution</b></td><td style="padding:2px 0">H. sapiens</td></tr><tr><td style="padding:2px 10px 2px 0;vertical-align:top;white-space:nowrap"><b>Technology (interpreted)</b></td><td style="padding:2px 0">Other</td></tr><tr><td style="padding:2px 10px 2px 0;vertical-align:top;white-space:nowrap"><b>Age</b></td><td style="padding:2px 0">1 - 0.85 ka</td></tr><tr><td style="padding:2px 10px 2px 0;vertical-align:top;white-space:nowrap"><b>Basis for date</b></td><td style="padding:2px 0">-</td></tr><tr><td style="padding:2px 10px 2px 0;vertical-align:top;white-space:nowrap"><b>Scope of entry</b></td><td style="padding:2px 0">Whole assemblage</td></tr><tr><td style="padding:2px 10px 2px 0;vertical-align:top;white-space:nowrap"><b>Technology described</b></td><td style="padding:2px 0">Whole assemblage</td></tr><tr><td style="padding:2px 10px 2px 0;vertical-align:top;white-space:nowrap"><b>Published source</b></td><td style="padding:2px 0">Wambach 2014</td></tr><tr><td style="padding:2px 10px 2px 0;vertical-align:top;white-space:nowrap"><b>Techniques recorded</b></td><td style="padding:2px 0">14 of 33</td></tr></table><p style="margin:10px 0 3px"><b>Procedural units present</b></p><p style="margin:0">Heat treatment, Abrasion, Hard hammer percussion, Support core with hand, Core rotation, Soft hammer percussion, Hammer dressing, Retouch, Backing, Notching, Tanging, Bifacial retouch, Invasive retouch, Pressure flaked retouch</p></div>]]></description>
      <ExtendedData>
        <Data name="Source"><value>Wambach 2014</value></Data>
        <Data name="Species"><value>H. sapiens</value></Data>
        <Data name="Technology"><value>Other</value></Data>
        <Data name="Country"><value>United States of America</value></Data>
        <Data name="Entry type"><value>Archaeological</value></Data>
        <Data name="KA young"><value>0.85</value></Data>
        <Data name="KA old"><value>1</value></Data>
        <Data name="Technique count"><value>14</value></Data>
        <Data name="Heat treatment"><value>1</value></Data>
        <Data name="Platform faceting"><value>0</value></Data>
        <Data name="Centripetal shaping"><value>0</value></Data>
        <Data name="Lateral shaping"><value>0</value></Data>
        <Data name="Distal shaping"><value>0</value></Data>
        <Data name="Back shaping"><value>0</value></Data>
        <Data name="Cresting"><value>0</value></Data>
        <Data name="Debordante shaping"><value>0</value></Data>
        <Data name="Overshot flaking"><value>0</value></Data>
        <Data name="Kombewa flaking"><value>0</value></Data>
        <Data name="Core tablet"><value>0</value></Data>
        <Data name="Abrasion"><value>1</value></Data>
        <Data name="Trimming platform overhang"><value>0</value></Data>
        <Data name="Hard hammer percussion"><value>1</value></Data>
        <Data name="Support core with hand"><value>1</value></Data>
        <Data name="Use of an anvil"><value>0</value></Data>
        <Data name="Core rotation"><value>1</value></Data>
        <Data name="Soft hammer percussion"><value>1</value></Data>
        <Data name="Indirect percussion"><value>0</value></Data>
        <Data name="Flaking through pressure"><value>0</value></Data>
        <Data name="Hammer dressing"><value>1</value></Data>
        <Data name="Invasive flaking"><value>0</value></Data>
        <Data name="Ochre use"><value>0</value></Data>
        <Data name="Asphalt use"><value>0</value></Data>
        <Data name="Retouch"><value>1</value></Data>
        <Data name="Backing"><value>1</value></Data>
        <Data name="Notching"><value>1</value></Data>
        <Data name="Burination"><value>0</value></Data>
        <Data name="Tanging"><value>1</value></Data>
        <Data name="Tranchet"><value>0</value></Data>
        <Data name="Bifacial retouch"><value>1</value></Data>
        <Data name="Invasive retouch"><value>1</value></Data>
        <Data name="Pressure flaked retouch"><value>1</value></Data>
      </ExtendedData>
      <Point><coordinates>-113.564631,36.195338,0</coordinates></Point>
    </Placemark>
    <Placemark>
      <name>To'tsa</name>
      <styleUrl>#arch</styleUrl>
      <description><![CDATA[<div style="font:13px/1.45 Helvetica,Arial,sans-serif;max-width:400px"><table><tr><td style="padding:2px 10px 2px 0;vertical-align:top;white-space:nowrap"><b>Site</b></td><td style="padding:2px 0">To'tsa</td></tr><tr><td style="padding:2px 10px 2px 0;vertical-align:top;white-space:nowrap"><b>Country</b></td><td style="padding:2px 0">United States of America</td></tr><tr><td style="padding:2px 10px 2px 0;vertical-align:top;white-space:nowrap"><b>Entry type</b></td><td style="padding:2px 0">Archaeological</td></tr><tr><td style="padding:2px 10px 2px 0;vertical-align:top;white-space:nowrap"><b>Species attribution</b></td><td style="padding:2px 0">H. sapiens</td></tr><tr><td style="padding:2px 10px 2px 0;vertical-align:top;white-space:nowrap"><b>Technology (interpreted)</b></td><td style="padding:2px 0">Other</td></tr><tr><td style="padding:2px 10px 2px 0;vertical-align:top;white-space:nowrap"><b>Age</b></td><td style="padding:2px 0">0.8 - 0.7 ka</td></tr><tr><td style="padding:2px 10px 2px 0;vertical-align:top;white-space:nowrap"><b>Basis for date</b></td><td style="padding:2px 0">-</td></tr><tr><td style="padding:2px 10px 2px 0;vertical-align:top;white-space:nowrap"><b>Scope of entry</b></td><td style="padding:2px 0">Whole assemblage</td></tr><tr><td style="padding:2px 10px 2px 0;vertical-align:top;white-space:nowrap"><b>Technology described</b></td><td style="padding:2px 0">Whole assemblage</td></tr><tr><td style="padding:2px 10px 2px 0;vertical-align:top;white-space:nowrap"><b>Published source</b></td><td style="padding:2px 0">Wambach 2014</td></tr><tr><td style="padding:2px 10px 2px 0;vertical-align:top;white-space:nowrap"><b>Techniques recorded</b></td><td style="padding:2px 0">14 of 33</td></tr></table><p style="margin:10px 0 3px"><b>Procedural units present</b></p><p style="margin:0">Heat treatment, Abrasion, Hard hammer percussion, Support core with hand, Core rotation, Soft hammer percussion, Hammer dressing, Retouch, Backing, Notching, Tanging, Bifacial retouch, Invasive retouch, Pressure flaked retouch</p></div>]]></description>
      <ExtendedData>
        <Data name="Source"><value>Wambach 2014</value></Data>
        <Data name="Species"><value>H. sapiens</value></Data>
        <Data name="Technology"><value>Other</value></Data>
        <Data name="Country"><value>United States of America</value></Data>
        <Data name="Entry type"><value>Archaeological</value></Data>
        <Data name="KA young"><value>0.7</value></Data>
        <Data name="KA old"><value>0.8</value></Data>
        <Data name="Technique count"><value>14</value></Data>
        <Data name="Heat treatment"><value>1</value></Data>
        <Data name="Platform faceting"><value>0</value></Data>
        <Data name="Centripetal shaping"><value>0</value></Data>
        <Data name="Lateral shaping"><value>0</value></Data>
        <Data name="Distal shaping"><value>0</value></Data>
        <Data name="Back shaping"><value>0</value></Data>
        <Data name="Cresting"><value>0</value></Data>
        <Data name="Debordante shaping"><value>0</value></Data>
        <Data name="Overshot flaking"><value>0</value></Data>
        <Data name="Kombewa flaking"><value>0</value></Data>
        <Data name="Core tablet"><value>0</value></Data>
        <Data name="Abrasion"><value>1</value></Data>
        <Data name="Trimming platform overhang"><value>0</value></Data>
        <Data name="Hard hammer percussion"><value>1</value></Data>
        <Data name="Support core with hand"><value>1</value></Data>
        <Data name="Use of an anvil"><value>0</value></Data>
        <Data name="Core rotation"><value>1</value></Data>
        <Data name="Soft hammer percussion"><value>1</value></Data>
        <Data name="Indirect percussion"><value>0</value></Data>
        <Data name="Flaking through pressure"><value>0</value></Data>
        <Data name="Hammer dressing"><value>1</value></Data>
        <Data name="Invasive flaking"><value>0</value></Data>
        <Data name="Ochre use"><value>0</value></Data>
        <Data name="Asphalt use"><value>0</value></Data>
        <Data name="Retouch"><value>1</value></Data>
        <Data name="Backing"><value>1</value></Data>
        <Data name="Notching"><value>1</value></Data>
        <Data name="Burination"><value>0</value></Data>
        <Data name="Tanging"><value>1</value></Data>
        <Data name="Tranchet"><value>0</value></Data>
        <Data name="Bifacial retouch"><value>1</value></Data>
        <Data name="Invasive retouch"><value>1</value></Data>
        <Data name="Pressure flaked retouch"><value>1</value></Data>
      </ExtendedData>
      <Point><coordinates>-113.415728,36.190701,0</coordinates></Point>
    </Placemark>
    </Folder>
    <Folder><name>Vanuatu (1)</name><open>0</open>
    <Placemark>
      <name>Teouma</name>
      <styleUrl>#arch</styleUrl>
      <description><![CDATA[<div style="font:13px/1.45 Helvetica,Arial,sans-serif;max-width:400px"><table><tr><td style="padding:2px 10px 2px 0;vertical-align:top;white-space:nowrap"><b>Site</b></td><td style="padding:2px 0">Teouma</td></tr><tr><td style="padding:2px 10px 2px 0;vertical-align:top;white-space:nowrap"><b>Country</b></td><td style="padding:2px 0">Vanuatu</td></tr><tr><td style="padding:2px 10px 2px 0;vertical-align:top;white-space:nowrap"><b>Entry type</b></td><td style="padding:2px 0">Archaeological</td></tr><tr><td style="padding:2px 10px 2px 0;vertical-align:top;white-space:nowrap"><b>Species attribution</b></td><td style="padding:2px 0">H. sapiens</td></tr><tr><td style="padding:2px 10px 2px 0;vertical-align:top;white-space:nowrap"><b>Technology (interpreted)</b></td><td style="padding:2px 0">Other</td></tr><tr><td style="padding:2px 10px 2px 0;vertical-align:top;white-space:nowrap"><b>Age</b></td><td style="padding:2px 0">3.2 - 2.5 ka</td></tr><tr><td style="padding:2px 10px 2px 0;vertical-align:top;white-space:nowrap"><b>Basis for date</b></td><td style="padding:2px 0">-</td></tr><tr><td style="padding:2px 10px 2px 0;vertical-align:top;white-space:nowrap"><b>Scope of entry</b></td><td style="padding:2px 0">Whole assemblage</td></tr><tr><td style="padding:2px 10px 2px 0;vertical-align:top;white-space:nowrap"><b>Technology described</b></td><td style="padding:2px 0">Whole assemblage</td></tr><tr><td style="padding:2px 10px 2px 0;vertical-align:top;white-space:nowrap"><b>Published source</b></td><td style="padding:2px 0">Reepmeyer et al. 2010</td></tr><tr><td style="padding:2px 10px 2px 0;vertical-align:top;white-space:nowrap"><b>Techniques recorded</b></td><td style="padding:2px 0">7 of 33</td></tr></table><p style="margin:10px 0 3px"><b>Procedural units present</b></p><p style="margin:0">Hard hammer percussion, Support core with hand, Use of an anvil, Core rotation, Retouch, Backing, Notching</p></div>]]></description>
      <ExtendedData>
        <Data name="Source"><value>Reepmeyer et al. 2010</value></Data>
        <Data name="Species"><value>H. sapiens</value></Data>
        <Data name="Technology"><value>Other</value></Data>
        <Data name="Country"><value>Vanuatu</value></Data>
        <Data name="Entry type"><value>Archaeological</value></Data>
        <Data name="KA young"><value>2.5</value></Data>
        <Data name="KA old"><value>3.2</value></Data>
        <Data name="Technique count"><value>7</value></Data>
        <Data name="Heat treatment"><value>0</value></Data>
        <Data name="Platform faceting"><value>0</value></Data>
        <Data name="Centripetal shaping"><value>0</value></Data>
        <Data name="Lateral shaping"><value>0</value></Data>
        <Data name="Distal shaping"><value>0</value></Data>
        <Data name="Back shaping"><value>0</value></Data>
        <Data name="Cresting"><value>0</value></Data>
        <Data name="Debordante shaping"><value>0</value></Data>
        <Data name="Overshot flaking"><value>0</value></Data>
        <Data name="Kombewa flaking"><value>0</value></Data>
        <Data name="Core tablet"><value>0</value></Data>
        <Data name="Abrasion"><value>0</value></Data>
        <Data name="Trimming platform overhang"><value>0</value></Data>
        <Data name="Hard hammer percussion"><value>1</value></Data>
        <Data name="Support core with hand"><value>1</value></Data>
        <Data name="Use of an anvil"><value>1</value></Data>
        <Data name="Core rotation"><value>1</value></Data>
        <Data name="Soft hammer percussion"><value>0</value></Data>
        <Data name="Indirect percussion"><value>0</value></Data>
        <Data name="Flaking through pressure"><value>0</value></Data>
        <Data name="Hammer dressing"><value>0</value></Data>
        <Data name="Invasive flaking"><value>0</value></Data>
        <Data name="Ochre use"><value>0</value></Data>
        <Data name="Asphalt use"><value>0</value></Data>
        <Data name="Retouch"><value>1</value></Data>
        <Data name="Backing"><value>1</value></Data>
        <Data name="Notching"><value>1</value></Data>
        <Data name="Burination"><value>0</value></Data>
        <Data name="Tanging"><value>0</value></Data>
        <Data name="Tranchet"><value>0</value></Data>
        <Data name="Bifacial retouch"><value>0</value></Data>
        <Data name="Invasive retouch"><value>0</value></Data>
        <Data name="Pressure flaked retouch"><value>0</value></Data>
      </ExtendedData>
      <Point><coordinates>168.368973,-17.726225,0</coordinates></Point>
    </Placemark>
    </Folder>
  </Folder>
  <Folder><name>No coordinates reported (10)</name><open>0</open>
    <description><![CDATA[These 10 entries (primate tool use and flintknapping experiments) carry no coordinates in the source dataset and cannot be mapped.<br/><br/>Oitenta - Proffitt et al. 2016 (S. libidinosus)<br/>Noulo - Mercader et al. 2006 (P. troglodytes)<br/>Tai - Visalberghi et al. 2015 (P. troglodytes)<br/>Fazenda Boa Vista - Visalberghi et al. 2015 (S. libidinosus)<br/>Lameson National Park - Gumert and Malaivijitnond 2012 (M. fascicularis aurea)<br/>Spandrels experiment - Moore and Perston 2015 (Not applicable (experimental))<br/>Spandrels experiment - Moore and Perston 2015 (Not applicable (experimental))<br/>ZLS flaking study - Snyder et al. 2022 (H. sapiens)<br/>ZLS flaking study - Snyder et al. 2022 (H. sapiens)<br/>ZLS flaking study - Snyder et al. 2022 (H. sapiens)]]></description>
  </Folder>
</Document>
</kml>